source,sample_id,timestamp,flight_phase,P_chamber,m_ox,m_fuel,total_mass_flow_kg_s,OF_ratio
synthetic_telemetry,SYN_000001,0.1,PRE_LAUNCH,0.16,2.4000000000000004,0.96,3.3600000000000003,2.5000000000000004
synthetic_telemetry,SYN_000002,0.2,PRE_LAUNCH,0.22,4.800000000000001,1.92,6.720000000000001,2.5000000000000004
synthetic_telemetry,SYN_000003,0.30000000000000004,PRE_LAUNCH,0.28,7.200000000000001,2.8800000000000003,10.080000000000002,2.5
synthetic_telemetry,SYN_000004,0.4,PRE_LAUNCH,0.33999999999999997,9.600000000000001,3.84,13.440000000000001,2.5000000000000004
synthetic_telemetry,SYN_000005,0.5,PRE_LAUNCH,0.4,12.0,4.8,16.8,2.5
synthetic_telemetry,SYN_000006,0.6000000000000001,PRE_LAUNCH,0.4600000000000001,14.400000000000002,5.760000000000001,20.160000000000004,2.5
synthetic_telemetry,SYN_000007,0.7000000000000001,PRE_LAUNCH,0.52,16.8,6.720000000000001,23.520000000000003,2.5
synthetic_telemetry,SYN_000008,0.8,PRE_LAUNCH,0.58,19.200000000000003,7.68,26.880000000000003,2.5000000000000004
synthetic_telemetry,SYN_000009,0.9,PRE_LAUNCH,0.64,21.6,8.64,30.240000000000002,2.5
synthetic_telemetry,SYN_000010,1.0,PRE_LAUNCH,0.7,24.0,9.6,33.6,2.5
synthetic_telemetry,SYN_000011,1.1,PRE_LAUNCH,0.76,26.400000000000002,10.56,36.96,2.5
synthetic_telemetry,SYN_000012,1.2000000000000002,PRE_LAUNCH,0.8200000000000001,28.800000000000004,11.520000000000001,40.32000000000001,2.5
synthetic_telemetry,SYN_000013,1.3,PRE_LAUNCH,0.88,31.200000000000003,12.48,43.68000000000001,2.5
synthetic_telemetry,SYN_000014,1.4000000000000001,PRE_LAUNCH,0.9400000000000001,33.6,13.440000000000001,47.040000000000006,2.5
synthetic_telemetry,SYN_000015,1.5,PRE_LAUNCH,0.9999999999999999,36.0,14.399999999999999,50.4,2.5000000000000004
synthetic_telemetry,SYN_000016,1.6,PRE_LAUNCH,1.06,38.400000000000006,15.36,53.760000000000005,2.5000000000000004
synthetic_telemetry,SYN_000017,1.7000000000000002,PRE_LAUNCH,1.12,40.800000000000004,16.32,57.120000000000005,2.5
synthetic_telemetry,SYN_000018,1.8,PRE_LAUNCH,1.1800000000000002,43.2,17.28,60.480000000000004,2.5
synthetic_telemetry,SYN_000019,1.9000000000000001,PRE_LAUNCH,1.2400000000000002,45.6,18.240000000000002,63.84,2.5
synthetic_telemetry,SYN_000020,2.0,PRE_LAUNCH,1.3,48.0,19.2,67.2,2.5
synthetic_telemetry,SYN_000021,2.1,PRE_LAUNCH,1.36,50.400000000000006,20.16,70.56,2.5000000000000004
synthetic_telemetry,SYN_000022,2.2,PRE_LAUNCH,1.4200000000000002,52.800000000000004,21.12,73.92,2.5
synthetic_telemetry,SYN_000023,2.3000000000000003,PRE_LAUNCH,1.4800000000000002,55.2,22.080000000000002,77.28,2.5
synthetic_telemetry,SYN_000024,2.4000000000000004,PRE_LAUNCH,1.5400000000000003,57.60000000000001,23.040000000000003,80.64000000000001,2.5
synthetic_telemetry,SYN_000025,2.5,PRE_LAUNCH,1.6,60.0,24.0,84.0,2.5
synthetic_telemetry,SYN_000026,2.6,PRE_LAUNCH,1.6600000000000001,62.400000000000006,24.96,87.36000000000001,2.5
synthetic_telemetry,SYN_000027,2.7,PRE_LAUNCH,1.7200000000000002,64.80000000000001,25.92,90.72000000000001,2.5000000000000004
synthetic_telemetry,SYN_000028,2.8000000000000003,PRE_LAUNCH,1.7800000000000002,67.2,26.880000000000003,94.08000000000001,2.5
synthetic_telemetry,SYN_000029,2.9000000000000004,PRE_LAUNCH,1.8400000000000003,69.60000000000001,27.840000000000003,97.44000000000001,2.5
synthetic_telemetry,SYN_000030,3.0,PRE_LAUNCH,1.9,72.0,28.799999999999997,100.8,2.5000000000000004
synthetic_telemetry,SYN_000031,3.1,PRE_LAUNCH,1.96,74.4,29.759999999999998,104.16,2.5000000000000004
synthetic_telemetry,SYN_000032,3.2,PRE_LAUNCH,2.02,76.80000000000001,30.72,107.52000000000001,2.5000000000000004
synthetic_telemetry,SYN_000033,3.3000000000000003,PRE_LAUNCH,2.08,79.2,31.68,110.88,2.5
synthetic_telemetry,SYN_000034,3.4000000000000004,PRE_LAUNCH,2.14,81.60000000000001,32.64,114.24000000000001,2.5
synthetic_telemetry,SYN_000035,3.5,PRE_LAUNCH,2.2,84.0,33.6,117.6,2.5
synthetic_telemetry,SYN_000036,3.6,PRE_LAUNCH,2.2600000000000002,86.4,34.56,120.96000000000001,2.5
synthetic_telemetry,SYN_000037,3.7,PRE_LAUNCH,2.3200000000000003,88.80000000000001,35.52,124.32000000000002,2.5
synthetic_telemetry,SYN_000038,3.8000000000000003,PRE_LAUNCH,2.3800000000000003,91.2,36.480000000000004,127.68,2.5
synthetic_telemetry,SYN_000039,3.9000000000000004,PRE_LAUNCH,2.4400000000000004,93.60000000000001,37.440000000000005,131.04000000000002,2.5
synthetic_telemetry,SYN_000040,4.0,PRE_LAUNCH,2.5,96.0,38.4,134.4,2.5
synthetic_telemetry,SYN_000041,4.1000000000000005,PRE_LAUNCH,2.5600000000000005,98.4,39.36000000000001,137.76000000000002,2.4999999999999996
synthetic_telemetry,SYN_000042,4.2,PRE_LAUNCH,2.62,100.80000000000001,40.32,141.12,2.5000000000000004
synthetic_telemetry,SYN_000043,4.3,PRE_LAUNCH,2.6799999999999997,103.19999999999999,41.279999999999994,144.48,2.5
synthetic_telemetry,SYN_000044,4.4,PRE_LAUNCH,2.74,105.60000000000001,42.24,147.84,2.5
synthetic_telemetry,SYN_000045,4.5,PRE_LAUNCH,2.8,108.0,43.199999999999996,151.2,2.5000000000000004
synthetic_telemetry,SYN_000046,4.6000000000000005,PRE_LAUNCH,2.8600000000000003,110.4,44.160000000000004,154.56,2.5
synthetic_telemetry,SYN_000047,4.7,PRE_LAUNCH,2.92,112.80000000000001,45.12,157.92000000000002,2.5000000000000004
synthetic_telemetry,SYN_000048,4.800000000000001,PRE_LAUNCH,2.9800000000000004,115.20000000000002,46.080000000000005,161.28000000000003,2.5
synthetic_telemetry,SYN_000049,4.9,PRE_LAUNCH,3.04,117.60000000000001,47.04,164.64000000000001,2.5000000000000004
synthetic_telemetry,SYN_000050,5.0,PRE_LAUNCH,3.1,120.0,48.0,168.0,2.5
synthetic_telemetry,SYN_000051,5.1000000000000005,PRE_LAUNCH,3.1620000000000004,122.4,48.96000000000001,171.36,2.4999999999999996
synthetic_telemetry,SYN_000052,5.2,PRE_LAUNCH,3.224,124.80000000000001,49.92,174.72000000000003,2.5
synthetic_telemetry,SYN_000053,5.300000000000001,PRE_LAUNCH,3.2860000000000005,127.20000000000002,50.88000000000001,178.08000000000004,2.5
synthetic_telemetry,SYN_000054,5.4,PRE_LAUNCH,3.3480000000000003,129.60000000000002,51.84,181.44000000000003,2.5000000000000004
synthetic_telemetry,SYN_000055,5.5,PRE_LAUNCH,3.41,132.0,52.8,184.8,2.5
synthetic_telemetry,SYN_000056,5.6000000000000005,PRE_LAUNCH,3.4720000000000004,134.4,53.760000000000005,188.16000000000003,2.5
synthetic_telemetry,SYN_000057,5.7,PRE_LAUNCH,3.5340000000000003,136.8,54.72,191.52,2.5000000000000004
synthetic_telemetry,SYN_000058,5.800000000000001,PRE_LAUNCH,3.5960000000000005,139.20000000000002,55.68000000000001,194.88000000000002,2.5
synthetic_telemetry,SYN_000059,5.9,PRE_LAUNCH,3.6580000000000004,141.60000000000002,56.64,198.24,2.5000000000000004
synthetic_telemetry,SYN_000060,6.0,PRE_LAUNCH,3.72,144.0,57.6,201.6,2.5
synthetic_telemetry,SYN_000061,6.1000000000000005,PRE_LAUNCH,3.7820000000000005,146.4,58.56,204.96,2.5
synthetic_telemetry,SYN_000062,6.2,PRE_LAUNCH,3.8440000000000003,148.8,59.52,208.32000000000002,2.5
synthetic_telemetry,SYN_000063,6.300000000000001,PRE_LAUNCH,3.9060000000000006,151.20000000000002,60.480000000000004,211.68,2.5
synthetic_telemetry,SYN_000064,6.4,PRE_LAUNCH,3.9680000000000004,153.60000000000002,61.440000000000005,215.04000000000002,2.5
synthetic_telemetry,SYN_000065,6.5,PRE_LAUNCH,4.03,156.0,62.4,218.4,2.5
synthetic_telemetry,SYN_000066,6.6000000000000005,PRE_LAUNCH,4.0920000000000005,158.4,63.36000000000001,221.76000000000002,2.5
synthetic_telemetry,SYN_000067,6.7,PRE_LAUNCH,4.154,160.8,64.32,225.12,2.5000000000000004
synthetic_telemetry,SYN_000068,6.800000000000001,PRE_LAUNCH,4.216,163.20000000000002,65.28,228.48000000000002,2.5
synthetic_telemetry,SYN_000069,6.9,PRE_LAUNCH,4.2780000000000005,165.60000000000002,66.24000000000001,231.84000000000003,2.5
synthetic_telemetry,SYN_000070,7.0,PRE_LAUNCH,4.34,168.0,67.2,235.2,2.5
synthetic_telemetry,SYN_000071,7.1000000000000005,PRE_LAUNCH,4.402,170.4,68.16,238.56,2.5
synthetic_telemetry,SYN_000072,7.2,PRE_LAUNCH,4.464,172.8,69.12,241.92000000000002,2.5
synthetic_telemetry,SYN_000073,7.300000000000001,PRE_LAUNCH,4.526000000000001,175.20000000000002,70.08000000000001,245.28000000000003,2.5
synthetic_telemetry,SYN_000074,7.4,PRE_LAUNCH,4.588,177.60000000000002,71.04,248.64000000000004,2.5
synthetic_telemetry,SYN_000075,7.5,PRE_LAUNCH,4.65,180.0,72.0,252.0,2.5
synthetic_telemetry,SYN_000076,7.6000000000000005,PRE_LAUNCH,4.712000000000001,182.4,72.96000000000001,255.36,2.5
synthetic_telemetry,SYN_000077,7.7,PRE_LAUNCH,4.774,184.8,73.92,258.72,2.5
synthetic_telemetry,SYN_000078,7.800000000000001,PRE_LAUNCH,4.836,187.20000000000002,74.88000000000001,262.08000000000004,2.5
synthetic_telemetry,SYN_000079,7.9,PRE_LAUNCH,4.898000000000001,189.60000000000002,75.84,265.44000000000005,2.5
synthetic_telemetry,SYN_000080,8.0,PRE_LAUNCH,4.96,192.0,76.8,268.8,2.5
synthetic_telemetry,SYN_000081,8.1,PRE_LAUNCH,5.022,194.39999999999998,77.75999999999999,272.15999999999997,2.5
synthetic_telemetry,SYN_000082,8.200000000000001,PRE_LAUNCH,5.0840000000000005,196.8,78.72000000000001,275.52000000000004,2.4999999999999996
synthetic_telemetry,SYN_000083,8.3,PRE_LAUNCH,5.146000000000001,199.20000000000002,79.68,278.88,2.5
synthetic_telemetry,SYN_000084,8.4,PRE_LAUNCH,5.208,201.60000000000002,80.64,282.24,2.5000000000000004
synthetic_telemetry,SYN_000085,8.5,PRE_LAUNCH,5.27,204.0,81.6,285.6,2.5
synthetic_telemetry,SYN_000086,8.6,PRE_LAUNCH,5.332,206.39999999999998,82.56,288.96,2.4999999999999996
synthetic_telemetry,SYN_000087,8.700000000000001,PRE_LAUNCH,5.394,208.8,83.52000000000001,292.32000000000005,2.5
synthetic_telemetry,SYN_000088,8.8,PRE_LAUNCH,5.456,211.20000000000002,84.48,295.68,2.5
synthetic_telemetry,SYN_000089,8.9,PRE_LAUNCH,5.518000000000001,213.60000000000002,85.44,299.04,2.5000000000000004
synthetic_telemetry,SYN_000090,9.0,PRE_LAUNCH,5.58,216.0,86.4,302.4,2.5
synthetic_telemetry,SYN_000091,9.1,PRE_LAUNCH,5.6419999999999995,218.39999999999998,87.35999999999999,305.76,2.5
synthetic_telemetry,SYN_000092,9.200000000000001,PRE_LAUNCH,5.704000000000001,220.8,88.32000000000001,309.12,2.5
synthetic_telemetry,SYN_000093,9.3,PRE_LAUNCH,5.766,223.20000000000002,89.28,312.48,2.5
synthetic_telemetry,SYN_000094,9.4,PRE_LAUNCH,5.828,225.60000000000002,90.24000000000001,315.84000000000003,2.5
synthetic_telemetry,SYN_000095,9.5,PRE_LAUNCH,5.890000000000001,228.0,91.19999999999999,319.2,2.5000000000000004
synthetic_telemetry,SYN_000096,9.600000000000001,PRE_LAUNCH,5.952000000000001,230.40000000000003,92.16000000000001,322.56000000000006,2.5
synthetic_telemetry,SYN_000097,9.700000000000001,PRE_LAUNCH,6.014000000000001,232.8,93.12,325.92,2.5
synthetic_telemetry,SYN_000098,9.8,PRE_LAUNCH,6.0760000000000005,235.20000000000002,94.08000000000001,329.28000000000003,2.5
synthetic_telemetry,SYN_000099,9.9,PRE_LAUNCH,6.138,237.60000000000002,95.03999999999999,332.64,2.5000000000000004
synthetic_telemetry,SYN_000100,10.0,PRE_LAUNCH,6.2,240.0,96.0,336.0,2.5
synthetic_telemetry,SYN_000101,10.100000000000001,LIFTOFF,6.2001,240.001,96.0,336.001,2.5000104166666666
synthetic_telemetry,SYN_000102,10.200000000000001,LIFTOFF,6.200200000000001,240.002,96.0,336.002,2.5000208333333336
synthetic_telemetry,SYN_000103,10.3,LIFTOFF,6.2003,240.003,96.0,336.003,2.5000312499999997
synthetic_telemetry,SYN_000104,10.4,LIFTOFF,6.2004,240.004,96.0,336.004,2.5000416666666667
synthetic_telemetry,SYN_000105,10.5,LIFTOFF,6.2005,240.005,96.0,336.005,2.5000520833333333
synthetic_telemetry,SYN_000106,10.600000000000001,LIFTOFF,6.2006000000000006,240.006,96.0,336.006,2.5000625
synthetic_telemetry,SYN_000107,10.700000000000001,LIFTOFF,6.2007,240.007,96.0,336.007,2.500072916666667
synthetic_telemetry,SYN_000108,10.8,LIFTOFF,6.2008,240.008,96.0,336.00800000000004,2.5000833333333334
synthetic_telemetry,SYN_000109,10.9,LIFTOFF,6.2009,240.009,96.0,336.009,2.50009375
synthetic_telemetry,SYN_000110,11.0,LIFTOFF,6.2010000000000005,240.01,96.0,336.01,2.5001041666666666
synthetic_telemetry,SYN_000111,11.100000000000001,LIFTOFF,6.2011,240.011,96.0,336.01099999999997,2.500114583333333
synthetic_telemetry,SYN_000112,11.200000000000001,LIFTOFF,6.2012,240.012,96.0,336.012,2.500125
synthetic_telemetry,SYN_000113,11.3,LIFTOFF,6.2013,240.013,96.0,336.01300000000003,2.5001354166666667
synthetic_telemetry,SYN_000114,11.4,LIFTOFF,6.2014000000000005,240.014,96.0,336.014,2.5001458333333333
synthetic_telemetry,SYN_000115,11.5,LIFTOFF,6.2015,240.015,96.0,336.015,2.50015625
synthetic_telemetry,SYN_000116,11.600000000000001,LIFTOFF,6.2016,240.016,96.0,336.01599999999996,2.5001666666666664
synthetic_telemetry,SYN_000117,11.700000000000001,LIFTOFF,6.2017,240.017,96.0,336.017,2.5001770833333334
synthetic_telemetry,SYN_000118,11.8,LIFTOFF,6.2018,240.018,96.0,336.01800000000003,2.5001875
synthetic_telemetry,SYN_000119,11.9,LIFTOFF,6.2019,240.019,96.0,336.019,2.5001979166666666
synthetic_telemetry,SYN_000120,12.0,LIFTOFF,6.202,240.02,96.0,336.02,2.5002083333333336
synthetic_telemetry,SYN_000121,12.100000000000001,LIFTOFF,6.2021,240.021,96.0,336.02099999999996,2.5002187499999997
synthetic_telemetry,SYN_000122,12.200000000000001,LIFTOFF,6.2022,240.022,96.0,336.022,2.5002291666666667
synthetic_telemetry,SYN_000123,12.3,LIFTOFF,6.2023,240.023,96.0,336.023,2.5002395833333333
synthetic_telemetry,SYN_000124,12.4,LIFTOFF,6.2024,240.024,96.0,336.024,2.50025
synthetic_telemetry,SYN_000125,12.5,LIFTOFF,6.202500000000001,240.025,96.0,336.025,2.500260416666667
synthetic_telemetry,SYN_000126,12.600000000000001,LIFTOFF,6.2026,240.026,96.0,336.026,2.5002708333333334
synthetic_telemetry,SYN_000127,12.700000000000001,LIFTOFF,6.2027,240.027,96.0,336.027,2.50028125
synthetic_telemetry,SYN_000128,12.8,LIFTOFF,6.2028,240.028,96.0,336.028,2.5002916666666666
synthetic_telemetry,SYN_000129,12.9,LIFTOFF,6.2029000000000005,240.029,96.0,336.029,2.500302083333333
synthetic_telemetry,SYN_000130,13.0,LIFTOFF,6.203,240.03,96.0,336.03,2.5003125
synthetic_telemetry,SYN_000131,13.100000000000001,LIFTOFF,6.2031,240.031,96.0,336.031,2.5003229166666667
synthetic_telemetry,SYN_000132,13.200000000000001,LIFTOFF,6.2032,240.032,96.0,336.03200000000004,2.5003333333333333
synthetic_telemetry,SYN_000133,13.3,LIFTOFF,6.2033000000000005,240.033,96.0,336.033,2.50034375
synthetic_telemetry,SYN_000134,13.4,LIFTOFF,6.2034,240.034,96.0,336.034,2.5003541666666664
synthetic_telemetry,SYN_000135,13.5,LIFTOFF,6.2035,240.035,96.0,336.03499999999997,2.5003645833333334
synthetic_telemetry,SYN_000136,13.600000000000001,LIFTOFF,6.2036,240.036,96.0,336.036,2.500375
synthetic_telemetry,SYN_000137,13.700000000000001,LIFTOFF,6.2037,240.037,96.0,336.03700000000003,2.5003854166666666
synthetic_telemetry,SYN_000138,13.8,LIFTOFF,6.2038,240.038,96.0,336.038,2.5003958333333336
synthetic_telemetry,SYN_000139,13.9,LIFTOFF,6.2039,240.039,96.0,336.039,2.5004062499999997
synthetic_telemetry,SYN_000140,14.0,LIFTOFF,6.204,240.04,96.0,336.03999999999996,2.5004166666666667
synthetic_telemetry,SYN_000141,14.100000000000001,LIFTOFF,6.2041,240.041,96.0,336.041,2.5004270833333333
synthetic_telemetry,SYN_000142,14.200000000000001,LIFTOFF,6.2042,240.042,96.0,336.04200000000003,2.5004375
synthetic_telemetry,SYN_000143,14.3,LIFTOFF,6.2043,240.043,96.0,336.043,2.500447916666667
synthetic_telemetry,SYN_000144,14.4,LIFTOFF,6.2044,240.044,96.0,336.044,2.5004583333333334
synthetic_telemetry,SYN_000145,14.5,LIFTOFF,6.2045,240.045,96.0,336.04499999999996,2.50046875
synthetic_telemetry,SYN_000146,14.600000000000001,LIFTOFF,6.2046,240.046,96.0,336.046,2.5004791666666666
synthetic_telemetry,SYN_000147,14.700000000000001,LIFTOFF,6.2047,240.047,96.0,336.047,2.500489583333333
synthetic_telemetry,SYN_000148,14.8,LIFTOFF,6.2048,240.048,96.0,336.048,2.5005
synthetic_telemetry,SYN_000149,14.9,LIFTOFF,6.2049,240.049,96.0,336.049,2.5005104166666667
synthetic_telemetry,SYN_000150,15.0,LIFTOFF,6.205,240.05,96.0,336.05,2.5005208333333333
synthetic_telemetry,SYN_000151,15.100000000000001,LIFTOFF,6.2051,240.051,96.0,336.051,2.50053125
synthetic_telemetry,SYN_000152,15.200000000000001,LIFTOFF,6.2052000000000005,240.052,96.0,336.052,2.5005416666666664
synthetic_telemetry,SYN_000153,15.3,LIFTOFF,6.2053,240.053,96.0,336.053,2.5005520833333335
synthetic_telemetry,SYN_000154,15.4,LIFTOFF,6.2054,240.054,96.0,336.054,2.5005625
synthetic_telemetry,SYN_000155,15.5,LIFTOFF,6.2055,240.055,96.0,336.055,2.5005729166666666
synthetic_telemetry,SYN_000156,15.600000000000001,LIFTOFF,6.2056000000000004,240.05599999999998,96.0,336.056,2.500583333333333
synthetic_telemetry,SYN_000157,15.700000000000001,LIFTOFF,6.2057,240.057,96.0,336.057,2.5005937499999997
synthetic_telemetry,SYN_000158,15.8,LIFTOFF,6.2058,240.058,96.0,336.058,2.5006041666666667
synthetic_telemetry,SYN_000159,15.9,LIFTOFF,6.2059,240.059,96.0,336.05899999999997,2.5006145833333333
synthetic_telemetry,SYN_000160,16.0,LIFTOFF,6.206,240.06,96.0,336.06,2.500625
synthetic_telemetry,SYN_000161,16.1,LIFTOFF,6.2061,240.061,96.0,336.06100000000004,2.500635416666667
synthetic_telemetry,SYN_000162,16.2,LIFTOFF,6.2062,240.06199999999998,96.0,336.062,2.500645833333333
synthetic_telemetry,SYN_000163,16.3,LIFTOFF,6.2063,240.063,96.0,336.063,2.50065625
synthetic_telemetry,SYN_000164,16.400000000000002,LIFTOFF,6.2064,240.064,96.0,336.06399999999996,2.5006666666666666
synthetic_telemetry,SYN_000165,16.5,LIFTOFF,6.2065,240.065,96.0,336.065,2.500677083333333
synthetic_telemetry,SYN_000166,16.6,LIFTOFF,6.2066,240.066,96.0,336.06600000000003,2.5006875
synthetic_telemetry,SYN_000167,16.7,LIFTOFF,6.2067,240.067,96.0,336.067,2.5006979166666667
synthetic_telemetry,SYN_000168,16.8,LIFTOFF,6.2068,240.06799999999998,96.0,336.068,2.5007083333333333
synthetic_telemetry,SYN_000169,16.900000000000002,LIFTOFF,6.2069,240.069,96.0,336.06899999999996,2.50071875
synthetic_telemetry,SYN_000170,17.0,LIFTOFF,6.207,240.07,96.0,336.07,2.5007291666666664
synthetic_telemetry,SYN_000171,17.1,LIFTOFF,6.2071,240.071,96.0,336.071,2.5007395833333335
synthetic_telemetry,SYN_000172,17.2,LIFTOFF,6.2072,240.072,96.0,336.072,2.50075
synthetic_telemetry,SYN_000173,17.3,LIFTOFF,6.2073,240.073,96.0,336.073,2.5007604166666666
synthetic_telemetry,SYN_000174,17.400000000000002,LIFTOFF,6.2074,240.07399999999998,96.0,336.07399999999996,2.500770833333333
synthetic_telemetry,SYN_000175,17.5,LIFTOFF,6.2075000000000005,240.075,96.0,336.075,2.5007812499999997
synthetic_telemetry,SYN_000176,17.6,LIFTOFF,6.2076,240.076,96.0,336.076,2.5007916666666667
synthetic_telemetry,SYN_000177,17.7,LIFTOFF,6.2077,240.077,96.0,336.077,2.5008020833333333
synthetic_telemetry,SYN_000178,17.8,LIFTOFF,6.2078,240.078,96.0,336.078,2.5008125
synthetic_telemetry,SYN_000179,17.900000000000002,LIFTOFF,6.2079,240.079,96.0,336.079,2.500822916666667
synthetic_telemetry,SYN_000180,18.0,LIFTOFF,6.208,240.07999999999998,96.0,336.08,2.500833333333333
synthetic_telemetry,SYN_000181,18.1,LIFTOFF,6.2081,240.081,96.0,336.081,2.50084375
synthetic_telemetry,SYN_000182,18.2,LIFTOFF,6.2082,240.082,96.0,336.082,2.5008541666666666
synthetic_telemetry,SYN_000183,18.3,LIFTOFF,6.2083,240.083,96.0,336.08299999999997,2.500864583333333
synthetic_telemetry,SYN_000184,18.400000000000002,LIFTOFF,6.2084,240.084,96.0,336.084,2.500875
synthetic_telemetry,SYN_000185,18.5,LIFTOFF,6.2085,240.085,96.0,336.08500000000004,2.5008854166666667
synthetic_telemetry,SYN_000186,18.6,LIFTOFF,6.2086,240.08599999999998,96.0,336.086,2.5008958333333333
synthetic_telemetry,SYN_000187,18.7,LIFTOFF,6.2087,240.087,96.0,336.087,2.50090625
synthetic_telemetry,SYN_000188,18.8,LIFTOFF,6.2088,240.088,96.0,336.08799999999997,2.5009166666666665
synthetic_telemetry,SYN_000189,18.900000000000002,LIFTOFF,6.2089,240.089,96.0,336.089,2.5009270833333335
synthetic_telemetry,SYN_000190,19.0,LIFTOFF,6.209,240.09,96.0,336.09000000000003,2.5009375
synthetic_telemetry,SYN_000191,19.1,LIFTOFF,6.2091,240.091,96.0,336.091,2.5009479166666666
synthetic_telemetry,SYN_000192,19.200000000000003,LIFTOFF,6.2092,240.09199999999998,96.0,336.092,2.500958333333333
synthetic_telemetry,SYN_000193,19.3,LIFTOFF,6.2093,240.093,96.0,336.09299999999996,2.5009687499999997
synthetic_telemetry,SYN_000194,19.400000000000002,LIFTOFF,6.2094,240.094,96.0,336.094,2.5009791666666668
synthetic_telemetry,SYN_000195,19.5,LIFTOFF,6.2095,240.095,96.0,336.095,2.5009895833333333
synthetic_telemetry,SYN_000196,19.6,LIFTOFF,6.2096,240.096,96.0,336.096,2.501
synthetic_telemetry,SYN_000197,19.700000000000003,LIFTOFF,6.2097,240.097,96.0,336.097,2.501010416666667
synthetic_telemetry,SYN_000198,19.8,LIFTOFF,6.2097999999999995,240.09799999999998,96.0,336.09799999999996,2.501020833333333
synthetic_telemetry,SYN_000199,19.900000000000002,LIFTOFF,6.2099,240.099,96.0,336.099,2.50103125
synthetic_telemetry,SYN_000200,20.0,LIFTOFF,6.21,240.1,96.0,336.1,2.5010416666666666
synthetic_telemetry,SYN_000201,20.1,LIFTOFF,6.2097999999999995,240.097,95.999,336.096,2.501036469129887
synthetic_telemetry,SYN_000202,20.200000000000003,LIFTOFF,6.2096,240.094,95.998,336.092,2.5010312714848224
synthetic_telemetry,SYN_000203,20.3,LIFTOFF,6.2094,240.091,95.997,336.088,2.5010260737314707
synthetic_telemetry,SYN_000204,20.400000000000002,LIFTOFF,6.2092,240.088,95.996,336.084,2.501020875869828
synthetic_telemetry,SYN_000205,20.5,LIFTOFF,6.209,240.085,95.995,336.08000000000004,2.5010156778998907
synthetic_telemetry,SYN_000206,20.6,LIFTOFF,6.2088,240.082,95.994,336.076,2.5010104798216553
synthetic_telemetry,SYN_000207,20.700000000000003,LIFTOFF,6.2086,240.079,95.993,336.072,2.5010052816351194
synthetic_telemetry,SYN_000208,20.8,LIFTOFF,6.2084,240.076,95.992,336.068,2.501000083340278
synthetic_telemetry,SYN_000209,20.900000000000002,LIFTOFF,6.2082,240.073,95.991,336.064,2.5009948849371297
synthetic_telemetry,SYN_000210,21.0,LIFTOFF,6.208,240.07,95.99,336.06,2.5009896864256693
synthetic_telemetry,SYN_000211,21.1,LIFTOFF,6.2078,240.067,95.989,336.05600000000004,2.500984487805894
synthetic_telemetry,SYN_000212,21.200000000000003,LIFTOFF,6.2076,240.064,95.988,336.052,2.5009792890778013
synthetic_telemetry,SYN_000213,21.3,LIFTOFF,6.2074,240.061,95.987,336.048,2.500974090241387
synthetic_telemetry,SYN_000214,21.400000000000002,LIFTOFF,6.2072,240.058,95.986,336.044,2.5009688912966475
synthetic_telemetry,SYN_000215,21.5,LIFTOFF,6.207,240.055,95.985,336.04,2.50096369224358
synthetic_telemetry,SYN_000216,21.6,LIFTOFF,6.2068,240.052,95.984,336.036,2.50095849308218
synthetic_telemetry,SYN_000217,21.700000000000003,LIFTOFF,6.2066,240.049,95.983,336.03200000000004,2.500953293812446
synthetic_telemetry,SYN_000218,21.8,LIFTOFF,6.2064,240.046,95.982,336.028,2.500948094434373
synthetic_telemetry,SYN_000219,21.900000000000002,LIFTOFF,6.2062,240.043,95.981,336.024,2.5009428949479586
synthetic_telemetry,SYN_000220,22.0,LIFTOFF,6.206,240.04,95.98,336.02,2.5009376953531985
synthetic_telemetry,SYN_000221,22.1,LIFTOFF,6.2058,240.037,95.979,336.016,2.50093249565009
synthetic_telemetry,SYN_000222,22.200000000000003,LIFTOFF,6.2056000000000004,240.034,95.978,336.012,2.50092729583863
synthetic_telemetry,SYN_000223,22.3,LIFTOFF,6.2054,240.031,95.977,336.00800000000004,2.500922095918814
synthetic_telemetry,SYN_000224,22.400000000000002,LIFTOFF,6.2052000000000005,240.028,95.976,336.004,2.500916895890639
synthetic_telemetry,SYN_000225,22.5,LIFTOFF,6.205,240.025,95.975,336.0,2.5009116957541027
synthetic_telemetry,SYN_000226,22.6,LIFTOFF,6.2048,240.022,95.974,335.996,2.5009064955092004
synthetic_telemetry,SYN_000227,22.700000000000003,LIFTOFF,6.2046,240.019,95.973,335.992,2.5009012951559293
synthetic_telemetry,SYN_000228,22.8,LIFTOFF,6.2044,240.016,95.97200000000001,335.988,2.5008960946942853
synthetic_telemetry,SYN_000229,22.900000000000002,LIFTOFF,6.2042,240.013,95.971,335.98400000000004,2.5008908941242667
synthetic_telemetry,SYN_000230,23.0,LIFTOFF,6.204,240.01,95.97,335.98,2.5008856934458685
synthetic_telemetry,SYN_000231,23.1,LIFTOFF,6.2038,240.007,95.96900000000001,335.976,2.5008804926590877
synthetic_telemetry,SYN_000232,23.200000000000003,LIFTOFF,6.2036,240.004,95.968,335.972,2.500875291763921
synthetic_telemetry,SYN_000233,23.3,LIFTOFF,6.2034,240.001,95.967,335.968,2.500870090760366
synthetic_telemetry,SYN_000234,23.400000000000002,LIFTOFF,6.2032,239.998,95.96600000000001,335.964,2.5008648896484167
synthetic_telemetry,SYN_000235,23.5,LIFTOFF,6.203,239.995,95.965,335.96000000000004,2.5008596884280725
synthetic_telemetry,SYN_000236,23.6,LIFTOFF,6.2028,239.992,95.964,335.956,2.500854487099329
synthetic_telemetry,SYN_000237,23.700000000000003,LIFTOFF,6.2026,239.989,95.96300000000001,335.952,2.500849285662182
synthetic_telemetry,SYN_000238,23.8,LIFTOFF,6.2024,239.986,95.962,335.948,2.5008440841166295
synthetic_telemetry,SYN_000239,23.900000000000002,LIFTOFF,6.2022,239.983,95.961,335.944,2.5008388824626673
synthetic_telemetry,SYN_000240,24.0,LIFTOFF,6.202,239.98,95.96000000000001,335.94,2.5008336807002913
synthetic_telemetry,SYN_000241,24.1,LIFTOFF,6.2018,239.977,95.959,335.93600000000004,2.5008284788295
synthetic_telemetry,SYN_000242,24.200000000000003,LIFTOFF,6.2016,239.974,95.958,335.932,2.5008232768502885
synthetic_telemetry,SYN_000243,24.3,LIFTOFF,6.2014000000000005,239.971,95.95700000000001,335.928,2.500818074762654
synthetic_telemetry,SYN_000244,24.400000000000002,LIFTOFF,6.2012,239.968,95.956,335.924,2.500812872566593
synthetic_telemetry,SYN_000245,24.5,LIFTOFF,6.2010000000000005,239.965,95.955,335.92,2.5008076702621023
synthetic_telemetry,SYN_000246,24.6,LIFTOFF,6.2008,239.962,95.95400000000001,335.916,2.5008024678491774
synthetic_telemetry,SYN_000247,24.700000000000003,LIFTOFF,6.2006000000000006,239.959,95.953,335.91200000000003,2.5007972653278165
synthetic_telemetry,SYN_000248,24.8,LIFTOFF,6.2004,239.956,95.952,335.908,2.500792062698016
synthetic_telemetry,SYN_000249,24.900000000000002,LIFTOFF,6.200200000000001,239.953,95.95100000000001,335.904,2.500786859959771
synthetic_telemetry,SYN_000250,25.0,LIFTOFF,6.2,239.95,95.95,335.9,2.5007816571130794
synthetic_telemetry,SYN_000251,25.1,LIFTOFF,6.1998,239.947,95.949,335.896,2.500776454157938
synthetic_telemetry,SYN_000252,25.200000000000003,LIFTOFF,6.1996,239.94400000000002,95.94800000000001,335.89200000000005,2.500771251094343
synthetic_telemetry,SYN_000253,25.3,LIFTOFF,6.1994,239.941,95.947,335.88800000000003,2.50076604792229
synthetic_telemetry,SYN_000254,25.400000000000002,LIFTOFF,6.1992,239.93800000000002,95.946,335.884,2.500760844641778
synthetic_telemetry,SYN_000255,25.5,LIFTOFF,6.199,239.935,95.94500000000001,335.88,2.500755641252801
synthetic_telemetry,SYN_000256,25.6,LIFTOFF,6.1988,239.93200000000002,95.944,335.87600000000003,2.5007504377553573
synthetic_telemetry,SYN_000257,25.700000000000003,LIFTOFF,6.1986,239.929,95.943,335.872,2.500745234149443
synthetic_telemetry,SYN_000258,25.8,LIFTOFF,6.1984,239.92600000000002,95.94200000000001,335.86800000000005,2.5007400304350544
synthetic_telemetry,SYN_000259,25.900000000000002,LIFTOFF,6.1982,239.923,95.941,335.86400000000003,2.5007348266121885
synthetic_telemetry,SYN_000260,26.0,LIFTOFF,6.198,239.92000000000002,95.94,335.86,2.500729622680842
synthetic_telemetry,SYN_000261,26.1,LIFTOFF,6.1978,239.917,95.93900000000001,335.856,2.500724418641011
synthetic_telemetry,SYN_000262,26.200000000000003,LIFTOFF,6.1976,239.91400000000002,95.938,335.85200000000003,2.5007192144926935
synthetic_telemetry,SYN_000263,26.3,LIFTOFF,6.1974,239.911,95.937,335.848,2.500714010235884
synthetic_telemetry,SYN_000264,26.400000000000002,LIFTOFF,6.1972000000000005,239.90800000000002,95.936,335.84400000000005,2.5007088058705804
synthetic_telemetry,SYN_000265,26.5,LIFTOFF,6.197,239.905,95.935,335.84000000000003,2.500703601396779
synthetic_telemetry,SYN_000266,26.6,LIFTOFF,6.1968000000000005,239.90200000000002,95.934,335.836,2.5006983968144767
synthetic_telemetry,SYN_000267,26.700000000000003,LIFTOFF,6.1966,239.899,95.933,335.832,2.5006931921236695
synthetic_telemetry,SYN_000268,26.8,LIFTOFF,6.196400000000001,239.89600000000002,95.932,335.82800000000003,2.500687987324355
synthetic_telemetry,SYN_000269,26.900000000000002,LIFTOFF,6.1962,239.893,95.931,335.824,2.5006827824165287
synthetic_telemetry,SYN_000270,27.0,LIFTOFF,6.196000000000001,239.89000000000001,95.93,335.82000000000005,2.5006775774001877
synthetic_telemetry,SYN_000271,27.1,LIFTOFF,6.1958,239.887,95.929,335.81600000000003,2.5006723722753286
synthetic_telemetry,SYN_000272,27.200000000000003,LIFTOFF,6.195600000000001,239.88400000000001,95.928,335.812,2.5006671670419482
synthetic_telemetry,SYN_000273,27.3,LIFTOFF,6.1954,239.881,95.927,335.808,2.5006619617000427
synthetic_telemetry,SYN_000274,27.400000000000002,LIFTOFF,6.195200000000001,239.87800000000001,95.926,335.80400000000003,2.5006567562496094
synthetic_telemetry,SYN_000275,27.5,LIFTOFF,6.195,239.875,95.92500000000001,335.8,2.5006515506906433
synthetic_telemetry,SYN_000276,27.6,LIFTOFF,6.1948,239.872,95.924,335.79600000000005,2.500646345023143
synthetic_telemetry,SYN_000277,27.700000000000003,LIFTOFF,6.1946,239.869,95.923,335.79200000000003,2.5006411392471044
synthetic_telemetry,SYN_000278,27.8,LIFTOFF,6.1944,239.866,95.92200000000001,335.788,2.5006359333625237
synthetic_telemetry,SYN_000279,27.900000000000002,LIFTOFF,6.1942,239.863,95.921,335.784,2.5006307273693977
synthetic_telemetry,SYN_000280,28.0,LIFTOFF,6.194,239.86,95.92,335.78000000000003,2.500625521267723
synthetic_telemetry,SYN_000281,28.1,LIFTOFF,6.1938,239.857,95.91900000000001,335.776,2.500620315057496
synthetic_telemetry,SYN_000282,28.200000000000003,LIFTOFF,6.1936,239.854,95.918,335.77200000000005,2.5006151087387143
synthetic_telemetry,SYN_000283,28.3,LIFTOFF,6.1934000000000005,239.851,95.917,335.76800000000003,2.5006099023113735
synthetic_telemetry,SYN_000284,28.400000000000002,LIFTOFF,6.1932,239.848,95.91600000000001,335.764,2.50060469577547
synthetic_telemetry,SYN_000285,28.5,LIFTOFF,6.1930000000000005,239.845,95.915,335.76,2.5005994891310013
synthetic_telemetry,SYN_000286,28.6,LIFTOFF,6.1928,239.842,95.914,335.75600000000003,2.5005942823779637
synthetic_telemetry,SYN_000287,28.700000000000003,LIFTOFF,6.1926000000000005,239.839,95.91300000000001,335.752,2.500589075516353
synthetic_telemetry,SYN_000288,28.8,LIFTOFF,6.1924,239.836,95.912,335.74800000000005,2.500583868546167
synthetic_telemetry,SYN_000289,28.900000000000002,LIFTOFF,6.192200000000001,239.833,95.911,335.744,2.500578661467402
synthetic_telemetry,SYN_000290,29.0,LIFTOFF,6.192,239.83,95.91000000000001,335.74,2.500573454280054
synthetic_telemetry,SYN_000291,29.1,LIFTOFF,6.191800000000001,239.827,95.909,335.736,2.50056824698412
synthetic_telemetry,SYN_000292,29.200000000000003,LIFTOFF,6.1916,239.824,95.908,335.732,2.500563039579597
synthetic_telemetry,SYN_000293,29.3,LIFTOFF,6.191400000000001,239.821,95.90700000000001,335.728,2.5005578320664807
synthetic_telemetry,SYN_000294,29.400000000000002,LIFTOFF,6.1912,239.818,95.906,335.72400000000005,2.5005526244447687
synthetic_telemetry,SYN_000295,29.5,LIFTOFF,6.191000000000001,239.815,95.905,335.72,2.500547416714457
synthetic_telemetry,SYN_000296,29.6,LIFTOFF,6.1908,239.812,95.90400000000001,335.716,2.500542208875542
synthetic_telemetry,SYN_000297,29.700000000000003,LIFTOFF,6.190600000000001,239.809,95.903,335.712,2.500537000928021
synthetic_telemetry,SYN_000298,29.8,LIFTOFF,6.1904,239.806,95.902,335.708,2.50053179287189
synthetic_telemetry,SYN_000299,29.900000000000002,LIFTOFF,6.190200000000001,239.803,95.90100000000001,335.704,2.5005265847071456
synthetic_telemetry,SYN_000300,30.0,LIFTOFF,6.19,239.8,95.9,335.70000000000005,2.500521376433785
synthetic_telemetry,SYN_000301,30.1,LIFTOFF,6.190300000000001,239.804,95.902,335.706,2.500510938249463
synthetic_telemetry,SYN_000302,30.200000000000003,LIFTOFF,6.190600000000001,239.80800000000002,95.90400000000001,335.71200000000005,2.5005005005005003
synthetic_telemetry,SYN_000303,30.3,LIFTOFF,6.1909,239.812,95.906,335.718,2.5004900631868705
synthetic_telemetry,SYN_000304,30.400000000000002,LIFTOFF,6.1912,239.816,95.908,335.724,2.500479626308546
synthetic_telemetry,SYN_000305,30.5,LIFTOFF,6.1915000000000004,239.82000000000002,95.91000000000001,335.73,2.5004691898654987
synthetic_telemetry,SYN_000306,30.6,LIFTOFF,6.191800000000001,239.824,95.912,335.736,2.500458753857703
synthetic_telemetry,SYN_000307,30.700000000000003,LIFTOFF,6.1921,239.828,95.914,335.742,2.5004483182851303
synthetic_telemetry,SYN_000308,30.8,LIFTOFF,6.1924,239.83200000000002,95.91600000000001,335.74800000000005,2.5004378831477543
synthetic_telemetry,SYN_000309,30.900000000000002,LIFTOFF,6.1927,239.836,95.918,335.754,2.500427448445547
synthetic_telemetry,SYN_000310,31.0,LIFTOFF,6.1930000000000005,239.84,95.92,335.76,2.500417014178482
synthetic_telemetry,SYN_000311,31.1,LIFTOFF,6.193300000000001,239.84400000000002,95.92200000000001,335.766,2.5004065803465316
synthetic_telemetry,SYN_000312,31.200000000000003,LIFTOFF,6.1936,239.848,95.924,335.77200000000005,2.5003961469496683
synthetic_telemetry,SYN_000313,31.3,LIFTOFF,6.1939,239.852,95.926,335.778,2.500385713987866
synthetic_telemetry,SYN_000314,31.400000000000002,LIFTOFF,6.1942,239.856,95.928,335.784,2.5003752814610958
synthetic_telemetry,SYN_000315,31.5,LIFTOFF,6.194500000000001,239.86,95.93,335.79,2.5003648493693316
synthetic_telemetry,SYN_000316,31.6,LIFTOFF,6.1948,239.864,95.932,335.796,2.5003544177125465
synthetic_telemetry,SYN_000317,31.700000000000003,LIFTOFF,6.1951,239.868,95.934,335.802,2.500343986490712
synthetic_telemetry,SYN_000318,31.8,LIFTOFF,6.1954,239.872,95.936,335.808,2.5003335557038024
synthetic_telemetry,SYN_000319,31.900000000000002,LIFTOFF,6.1957,239.876,95.938,335.814,2.5003231253517897
synthetic_telemetry,SYN_000320,32.0,LIFTOFF,6.196000000000001,239.88,95.94,335.82,2.500312695434647
synthetic_telemetry,SYN_000321,32.1,LIFTOFF,6.1963,239.88400000000001,95.94200000000001,335.826,2.5003022659523464
synthetic_telemetry,SYN_000322,32.2,LIFTOFF,6.1966,239.888,95.944,335.832,2.5002918369048612
synthetic_telemetry,SYN_000323,32.300000000000004,LIFTOFF,6.1969,239.892,95.946,335.83799999999997,2.5002814082921643
synthetic_telemetry,SYN_000324,32.4,LIFTOFF,6.1972000000000005,239.89600000000002,95.94800000000001,335.84400000000005,2.5002709801142284
synthetic_telemetry,SYN_000325,32.5,LIFTOFF,6.1975,239.9,95.95,335.85,2.5002605523710266
synthetic_telemetry,SYN_000326,32.6,LIFTOFF,6.1978,239.904,95.952,335.856,2.5002501250625313
synthetic_telemetry,SYN_000327,32.7,LIFTOFF,6.1981,239.90800000000002,95.95400000000001,335.862,2.5002396981887154
synthetic_telemetry,SYN_000328,32.800000000000004,LIFTOFF,6.1984,239.912,95.956,335.868,2.500229271749552
synthetic_telemetry,SYN_000329,32.9,LIFTOFF,6.1987000000000005,239.916,95.958,335.874,2.5002188457450134
synthetic_telemetry,SYN_000330,33.0,LIFTOFF,6.199,239.92000000000002,95.96000000000001,335.88,2.5002084201750727
synthetic_telemetry,SYN_000331,33.1,LIFTOFF,6.1993,239.924,95.962,335.886,2.500197995039703
synthetic_telemetry,SYN_000332,33.2,LIFTOFF,6.1996,239.928,95.964,335.892,2.500187570338877
synthetic_telemetry,SYN_000333,33.300000000000004,LIFTOFF,6.1999,239.93200000000002,95.96600000000001,335.898,2.5001771460725672
synthetic_telemetry,SYN_000334,33.4,LIFTOFF,6.200200000000001,239.936,95.968,335.904,2.500166722240747
synthetic_telemetry,SYN_000335,33.5,LIFTOFF,6.2005,239.94,95.97,335.90999999999997,2.5001562988433887
synthetic_telemetry,SYN_000336,33.6,LIFTOFF,6.2008,239.94400000000002,95.97200000000001,335.91600000000005,2.500145875880465
synthetic_telemetry,SYN_000337,33.7,LIFTOFF,6.2011,239.948,95.974,335.922,2.5001354533519495
synthetic_telemetry,SYN_000338,33.800000000000004,LIFTOFF,6.2014000000000005,239.952,95.976,335.928,2.5001250312578143
synthetic_telemetry,SYN_000339,33.9,LIFTOFF,6.2017,239.956,95.978,335.93399999999997,2.500114609598033
synthetic_telemetry,SYN_000340,34.0,LIFTOFF,6.202,239.96,95.98,335.94,2.5001041883725774
synthetic_telemetry,SYN_000341,34.1,LIFTOFF,6.2023,239.964,95.982,335.946,2.5000937675814217
synthetic_telemetry,SYN_000342,34.2,LIFTOFF,6.2026,239.968,95.984,335.952,2.5000833472245376
synthetic_telemetry,SYN_000343,34.300000000000004,LIFTOFF,6.2029000000000005,239.972,95.986,335.958,2.5000729273018982
synthetic_telemetry,SYN_000344,34.4,LIFTOFF,6.2032,239.976,95.988,335.964,2.500062507813477
synthetic_telemetry,SYN_000345,34.5,LIFTOFF,6.2035,239.98,95.99,335.96999999999997,2.500052088759246
synthetic_telemetry,SYN_000346,34.6,LIFTOFF,6.2038,239.984,95.992,335.976,2.5000416701391783
synthetic_telemetry,SYN_000347,34.7,LIFTOFF,6.2041,239.988,95.994,335.98199999999997,2.500031251953247
synthetic_telemetry,SYN_000348,34.800000000000004,LIFTOFF,6.2044,239.992,95.996,335.988,2.500020834201425
synthetic_telemetry,SYN_000349,34.9,LIFTOFF,6.2047,239.996,95.998,335.994,2.500010416883685
synthetic_telemetry,SYN_000350,35.0,LIFTOFF,6.205,240.0,96.0,336.0,2.5
synthetic_telemetry,SYN_000351,35.1,LIFTOFF,6.2053,240.004,96.002,336.006,2.4999895835503425
synthetic_telemetry,SYN_000352,35.2,LIFTOFF,6.2056000000000004,240.008,96.004,336.012,2.499979167534686
synthetic_telemetry,SYN_000353,35.300000000000004,LIFTOFF,6.2059,240.012,96.006,336.01800000000003,2.499968751953003
synthetic_telemetry,SYN_000354,35.4,LIFTOFF,6.2062,240.016,96.008,336.024,2.4999583368052662
synthetic_telemetry,SYN_000355,35.5,LIFTOFF,6.2065,240.02,96.01,336.03000000000003,2.4999479220914487
synthetic_telemetry,SYN_000356,35.6,LIFTOFF,6.2068,240.024,96.012,336.036,2.4999375078115236
synthetic_telemetry,SYN_000357,35.7,LIFTOFF,6.2071,240.028,96.014,336.042,2.4999270939654634
synthetic_telemetry,SYN_000358,35.800000000000004,LIFTOFF,6.2074,240.032,96.016,336.048,2.499916680553241
synthetic_telemetry,SYN_000359,35.9,LIFTOFF,6.2077,240.036,96.018,336.054,2.4999062675748296
synthetic_telemetry,SYN_000360,36.0,LIFTOFF,6.208,240.04,96.02,336.06,2.499895855030202
synthetic_telemetry,SYN_000361,36.1,LIFTOFF,6.2083,240.044,96.022,336.06600000000003,2.499885442919331
synthetic_telemetry,SYN_000362,36.2,LIFTOFF,6.2086,240.048,96.024,336.072,2.4998750312421896
synthetic_telemetry,SYN_000363,36.300000000000004,LIFTOFF,6.2089,240.052,96.026,336.078,2.49986461999875
synthetic_telemetry,SYN_000364,36.4,LIFTOFF,6.2092,240.05599999999998,96.02799999999999,336.08399999999995,2.4998542091889866
synthetic_telemetry,SYN_000365,36.5,LIFTOFF,6.2095,240.06,96.03,336.09000000000003,2.4998437988128708
synthetic_telemetry,SYN_000366,36.6,LIFTOFF,6.2097999999999995,240.064,96.032,336.096,2.4998333888703765
synthetic_telemetry,SYN_000367,36.7,LIFTOFF,6.2101,240.06799999999998,96.03399999999999,336.102,2.4998229793614763
synthetic_telemetry,SYN_000368,36.800000000000004,LIFTOFF,6.2104,240.072,96.036,336.108,2.4998125702861427
synthetic_telemetry,SYN_000369,36.9,LIFTOFF,6.2107,240.076,96.038,336.114,2.4998021616443493
synthetic_telemetry,SYN_000370,37.0,LIFTOFF,6.211,240.07999999999998,96.03999999999999,336.12,2.4997917534360683
synthetic_telemetry,SYN_000371,37.1,LIFTOFF,6.2113,240.084,96.042,336.126,2.499781345661273
synthetic_telemetry,SYN_000372,37.2,LIFTOFF,6.2116,240.088,96.044,336.132,2.4997709383199367
synthetic_telemetry,SYN_000373,37.300000000000004,LIFTOFF,6.2119,240.09199999999998,96.04599999999999,336.138,2.499760531412032
synthetic_telemetry,SYN_000374,37.4,LIFTOFF,6.2122,240.096,96.048,336.144,2.499750124937531
synthetic_telemetry,SYN_000375,37.5,LIFTOFF,6.2125,240.1,96.05,336.15,2.499739718896408
synthetic_telemetry,SYN_000376,37.6,LIFTOFF,6.2128,240.10399999999998,96.05199999999999,336.15599999999995,2.4997293132886353
synthetic_telemetry,SYN_000377,37.7,LIFTOFF,6.2131,240.108,96.054,336.16200000000003,2.4997189081141857
synthetic_telemetry,SYN_000378,37.800000000000004,LIFTOFF,6.2134,240.112,96.056,336.168,2.4997085033730326
synthetic_telemetry,SYN_000379,37.9,LIFTOFF,6.2137,240.11599999999999,96.05799999999999,336.174,2.499698099065148
synthetic_telemetry,SYN_000380,38.0,LIFTOFF,6.2139999999999995,240.12,96.06,336.18,2.499687695190506
synthetic_telemetry,SYN_000381,38.1,LIFTOFF,6.2143,240.124,96.062,336.186,2.499677291749079
synthetic_telemetry,SYN_000382,38.2,LIFTOFF,6.2146,240.128,96.064,336.192,2.4996668887408395
synthetic_telemetry,SYN_000383,38.300000000000004,LIFTOFF,6.2149,240.132,96.066,336.198,2.499656486165761
synthetic_telemetry,SYN_000384,38.400000000000006,LIFTOFF,6.2152,240.136,96.068,336.204,2.4996460840238166
synthetic_telemetry,SYN_000385,38.5,LIFTOFF,6.2155,240.14,96.07,336.21,2.499635682314979
synthetic_telemetry,SYN_000386,38.6,LIFTOFF,6.2158,240.144,96.072,336.216,2.4996252810392208
synthetic_telemetry,SYN_000387,38.7,LIFTOFF,6.2161,240.148,96.074,336.222,2.499614880196515
synthetic_telemetry,SYN_000388,38.800000000000004,LIFTOFF,6.2164,240.152,96.076,336.22799999999995,2.4996044797868353
synthetic_telemetry,SYN_000389,38.900000000000006,LIFTOFF,6.2166999999999994,240.15599999999998,96.07799999999999,336.234,2.499594079810154
synthetic_telemetry,SYN_000390,39.0,LIFTOFF,6.217,240.16,96.08,336.24,2.499583680266445
synthetic_telemetry,SYN_000391,39.1,LIFTOFF,6.2173,240.164,96.082,336.246,2.4995732811556794
synthetic_telemetry,SYN_000392,39.2,LIFTOFF,6.2176,240.16799999999998,96.08399999999999,336.25199999999995,2.4995628824778318
synthetic_telemetry,SYN_000393,39.300000000000004,LIFTOFF,6.2179,240.172,96.086,336.258,2.4995524842328747
synthetic_telemetry,SYN_000394,39.400000000000006,LIFTOFF,6.2181999999999995,240.176,96.088,336.264,2.499542086420781
synthetic_telemetry,SYN_000395,39.5,LIFTOFF,6.2185,240.17999999999998,96.08999999999999,336.27,2.4995316890415236
synthetic_telemetry,SYN_000396,39.6,LIFTOFF,6.2188,240.184,96.092,336.276,2.4995212920950753
synthetic_telemetry,SYN_000397,39.7,LIFTOFF,6.2191,240.188,96.094,336.282,2.49951089558141
synthetic_telemetry,SYN_000398,39.800000000000004,LIFTOFF,6.219399999999999,240.19199999999998,96.09599999999999,336.28799999999995,2.4995004995004995
synthetic_telemetry,SYN_000399,39.900000000000006,LIFTOFF,6.2197,240.196,96.098,336.294,2.4994901038523176
synthetic_telemetry,SYN_000400,40.0,LIFTOFF,6.22,240.2,96.1,336.29999999999995,2.4994797086368368
synthetic_telemetry,SYN_000401,40.1,LIFTOFF,6.2196,240.19299999999998,96.097,336.28999999999996,2.499484895470202
synthetic_telemetry,SYN_000402,40.2,LIFTOFF,6.2192,240.18599999999998,96.094,336.28,2.4994900826274273
synthetic_telemetry,SYN_000403,40.300000000000004,LIFTOFF,6.2188,240.179,96.091,336.27,2.499495270108543
synthetic_telemetry,SYN_000404,40.400000000000006,LIFTOFF,6.2184,240.172,96.088,336.26,2.4995004579135793
synthetic_telemetry,SYN_000405,40.5,LIFTOFF,6.218,240.165,96.085,336.25,2.4995056460425666
synthetic_telemetry,SYN_000406,40.6,LIFTOFF,6.2176,240.158,96.082,336.24,2.4995108344955352
synthetic_telemetry,SYN_000407,40.7,LIFTOFF,6.2172,240.15099999999998,96.079,336.22999999999996,2.4995160232725153
synthetic_telemetry,SYN_000408,40.800000000000004,LIFTOFF,6.2168,240.14399999999998,96.076,336.21999999999997,2.4995212123735375
synthetic_telemetry,SYN_000409,40.900000000000006,LIFTOFF,6.2164,240.137,96.073,336.21,2.4995264017986325
synthetic_telemetry,SYN_000410,41.0,LIFTOFF,6.215999999999999,240.13,96.07,336.2,2.49953159154783
synthetic_telemetry,SYN_000411,41.1,LIFTOFF,6.215599999999999,240.123,96.067,336.19,2.49953678162116
synthetic_telemetry,SYN_000412,41.2,LIFTOFF,6.215199999999999,240.11599999999999,96.064,336.17999999999995,2.4995419720186542
synthetic_telemetry,SYN_000413,41.300000000000004,LIFTOFF,6.214799999999999,240.10899999999998,96.06099999999999,336.16999999999996,2.4995471627403423
synthetic_telemetry,SYN_000414,41.400000000000006,LIFTOFF,6.2143999999999995,240.102,96.05799999999999,336.15999999999997,2.4995523537862545
synthetic_telemetry,SYN_000415,41.5,LIFTOFF,6.2139999999999995,240.095,96.05499999999999,336.15,2.499557545156421
synthetic_telemetry,SYN_000416,41.6,LIFTOFF,6.2136,240.088,96.05199999999999,336.14,2.4995627368508724
synthetic_telemetry,SYN_000417,41.7,LIFTOFF,6.2132,240.081,96.04899999999999,336.13,2.4995679288696397
synthetic_telemetry,SYN_000418,41.800000000000004,LIFTOFF,6.2128,240.07399999999998,96.04599999999999,336.12,2.499573121212752
synthetic_telemetry,SYN_000419,41.900000000000006,LIFTOFF,6.2124,240.06699999999998,96.04299999999999,336.10999999999996,2.499578313880241
synthetic_telemetry,SYN_000420,42.0,LIFTOFF,6.212,240.06,96.03999999999999,336.1,2.499583506872137
synthetic_telemetry,SYN_000421,42.1,LIFTOFF,6.2116,240.053,96.03699999999999,336.09,2.499588700188469
synthetic_telemetry,SYN_000422,42.2,LIFTOFF,6.2112,240.046,96.03399999999999,336.08,2.4995938938292688
synthetic_telemetry,SYN_000423,42.300000000000004,LIFTOFF,6.2108,240.039,96.03099999999999,336.07,2.4995990877945666
synthetic_telemetry,SYN_000424,42.400000000000006,LIFTOFF,6.2104,240.03199999999998,96.02799999999999,336.05999999999995,2.499604282084392
synthetic_telemetry,SYN_000425,42.5,LIFTOFF,6.21,240.02499999999998,96.02499999999999,336.04999999999995,2.4996094766987764
synthetic_telemetry,SYN_000426,42.6,LIFTOFF,6.2096,240.018,96.02199999999999,336.03999999999996,2.49961467163775
synthetic_telemetry,SYN_000427,42.7,LIFTOFF,6.2092,240.011,96.01899999999999,336.03,2.4996198669013427
synthetic_telemetry,SYN_000428,42.800000000000004,LIFTOFF,6.2088,240.004,96.01599999999999,336.02,2.499625062489585
synthetic_telemetry,SYN_000429,42.900000000000006,LIFTOFF,6.2084,239.99699999999999,96.01299999999999,336.01,2.499630258402508
synthetic_telemetry,SYN_000430,43.0,LIFTOFF,6.208,239.98999999999998,96.00999999999999,336.0,2.4996354546401416
synthetic_telemetry,SYN_000431,43.1,LIFTOFF,6.207599999999999,239.983,96.00699999999999,335.99,2.4996406512025167
synthetic_telemetry,SYN_000432,43.2,LIFTOFF,6.207199999999999,239.976,96.00399999999999,335.98,2.499645848089663
synthetic_telemetry,SYN_000433,43.300000000000004,LIFTOFF,6.206799999999999,239.969,96.00099999999999,335.96999999999997,2.4996510453016114
synthetic_telemetry,SYN_000434,43.400000000000006,LIFTOFF,6.2063999999999995,239.962,95.99799999999999,335.96,2.4996562428383924
synthetic_telemetry,SYN_000435,43.5,LIFTOFF,6.2059999999999995,239.95499999999998,95.99499999999999,335.95,2.4996614407000366
synthetic_telemetry,SYN_000436,43.6,LIFTOFF,6.2056,239.94799999999998,95.99199999999999,335.93999999999994,2.499666638886574
synthetic_telemetry,SYN_000437,43.7,LIFTOFF,6.2052,239.941,95.98899999999999,335.93,2.4996718373980356
synthetic_telemetry,SYN_000438,43.800000000000004,LIFTOFF,6.2048,239.934,95.98599999999999,335.91999999999996,2.499677036234451
synthetic_telemetry,SYN_000439,43.900000000000006,LIFTOFF,6.2044,239.927,95.98299999999999,335.90999999999997,2.4996822353958517
synthetic_telemetry,SYN_000440,44.0,LIFTOFF,6.204,239.92,95.97999999999999,335.9,2.4996874348822673
synthetic_telemetry,SYN_000441,44.1,LIFTOFF,6.2036,239.91299999999998,95.97699999999999,335.89,2.4996926346937287
synthetic_telemetry,SYN_000442,44.2,LIFTOFF,6.2032,239.906,95.97399999999999,335.88,2.499697834830267
synthetic_telemetry,SYN_000443,44.300000000000004,LIFTOFF,6.2028,239.899,95.97099999999999,335.87,2.4997030352919114
synthetic_telemetry,SYN_000444,44.400000000000006,LIFTOFF,6.2024,239.892,95.96799999999999,335.86,2.499708236078693
synthetic_telemetry,SYN_000445,44.5,LIFTOFF,6.202,239.885,95.96499999999999,335.84999999999997,2.4997134371906427
synthetic_telemetry,SYN_000446,44.6,LIFTOFF,6.2016,239.878,95.96199999999999,335.84,2.4997186386277903
synthetic_telemetry,SYN_000447,44.7,LIFTOFF,6.2012,239.87099999999998,95.95899999999999,335.83,2.4997238403901667
synthetic_telemetry,SYN_000448,44.800000000000004,LIFTOFF,6.2008,239.864,95.95599999999999,335.82,2.4997290424778025
synthetic_telemetry,SYN_000449,44.900000000000006,LIFTOFF,6.2004,239.857,95.95299999999999,335.81,2.499734244890728
synthetic_telemetry,SYN_000450,45.0,LIFTOFF,6.199999999999999,239.85,95.94999999999999,335.79999999999995,2.499739447628974
synthetic_telemetry,SYN_000451,45.1,LIFTOFF,6.199599999999999,239.843,95.947,335.78999999999996,2.49974465069257
synthetic_telemetry,SYN_000452,45.2,LIFTOFF,6.199199999999999,239.83599999999998,95.944,335.78,2.4997498540815473
synthetic_telemetry,SYN_000453,45.300000000000004,LIFTOFF,6.198799999999999,239.829,95.941,335.77,2.4997550577959373
synthetic_telemetry,SYN_000454,45.400000000000006,LIFTOFF,6.1983999999999995,239.822,95.938,335.76,2.499760261835769
synthetic_telemetry,SYN_000455,45.5,LIFTOFF,6.1979999999999995,239.815,95.935,335.75,2.4997654662010738
synthetic_telemetry,SYN_000456,45.6,LIFTOFF,6.1975999999999996,239.808,95.932,335.74,2.4997706708918814
synthetic_telemetry,SYN_000457,45.7,LIFTOFF,6.1972,239.801,95.929,335.73,2.499775875908224
synthetic_telemetry,SYN_000458,45.800000000000004,LIFTOFF,6.1968,239.79399999999998,95.926,335.71999999999997,2.49978108125013
synthetic_telemetry,SYN_000459,45.900000000000006,LIFTOFF,6.1964,239.787,95.923,335.71000000000004,2.4997862869176317
synthetic_telemetry,SYN_000460,46.0,LIFTOFF,6.196,239.78,95.92,335.7,2.499791492910759
synthetic_telemetry,SYN_000461,46.1,LIFTOFF,6.1956,239.773,95.917,335.69,2.499796699229542
synthetic_telemetry,SYN_000462,46.2,LIFTOFF,6.1952,239.766,95.914,335.68,2.499801905874012
synthetic_telemetry,SYN_000463,46.300000000000004,LIFTOFF,6.1948,239.759,95.911,335.66999999999996,2.499807112844199
synthetic_telemetry,SYN_000464,46.400000000000006,LIFTOFF,6.1944,239.752,95.908,335.66,2.4998123201401343
synthetic_telemetry,SYN_000465,46.5,LIFTOFF,6.194,239.745,95.905,335.65,2.4998175277618477
synthetic_telemetry,SYN_000466,46.6,LIFTOFF,6.1936,239.738,95.902,335.64,2.49982273570937
synthetic_telemetry,SYN_000467,46.7,LIFTOFF,6.1932,239.731,95.899,335.63,2.499827943982732
synthetic_telemetry,SYN_000468,46.800000000000004,LIFTOFF,6.1928,239.724,95.896,335.62,2.4998331525819637
synthetic_telemetry,SYN_000469,46.900000000000006,LIFTOFF,6.1924,239.71699999999998,95.893,335.61,2.4998383615070963
synthetic_telemetry,SYN_000470,47.0,LIFTOFF,6.192,239.71,95.89,335.6,2.4998435707581605
synthetic_telemetry,SYN_000471,47.1,LIFTOFF,6.191599999999999,239.703,95.887,335.59000000000003,2.4998487803351863
synthetic_telemetry,SYN_000472,47.2,LIFTOFF,6.191199999999999,239.696,95.884,335.58,2.4998539902382046
synthetic_telemetry,SYN_000473,47.300000000000004,LIFTOFF,6.190799999999999,239.689,95.881,335.57,2.4998592004672457
synthetic_telemetry,SYN_000474,47.400000000000006,LIFTOFF,6.1903999999999995,239.682,95.878,335.56,2.4998644110223407
synthetic_telemetry,SYN_000475,47.5,LIFTOFF,6.1899999999999995,239.675,95.875,335.55,2.49986962190352
synthetic_telemetry,SYN_000476,47.6,LIFTOFF,6.1895999999999995,239.668,95.872,335.54,2.4998748331108147
synthetic_telemetry,SYN_000477,47.7,LIFTOFF,6.1892,239.661,95.869,335.53,2.499880044644254
synthetic_telemetry,SYN_000478,47.800000000000004,LIFTOFF,6.1888,239.654,95.866,335.52,2.49988525650387
synthetic_telemetry,SYN_000479,47.900000000000006,LIFTOFF,6.1884,239.647,95.863,335.51,2.4998904686896926
synthetic_telemetry,SYN_000480,48.0,LIFTOFF,6.188,239.64,95.86,335.5,2.4998956812017523
synthetic_telemetry,SYN_000481,48.1,LIFTOFF,6.1876,239.633,95.857,335.49,2.499900894040081
synthetic_telemetry,SYN_000482,48.2,LIFTOFF,6.1872,239.626,95.854,335.48,2.499906107204707
synthetic_telemetry,SYN_000483,48.300000000000004,LIFTOFF,6.1868,239.619,95.851,335.47,2.499911320695663
synthetic_telemetry,SYN_000484,48.400000000000006,LIFTOFF,6.1864,239.612,95.848,335.46,2.499916534512979
synthetic_telemetry,SYN_000485,48.5,LIFTOFF,6.186,239.605,95.845,335.45,2.499921748656685
synthetic_telemetry,SYN_000486,48.6,LIFTOFF,6.1856,239.59799999999998,95.842,335.44,2.499926963126813
synthetic_telemetry,SYN_000487,48.7,LIFTOFF,6.1852,239.591,95.839,335.43,2.4999321779233923
synthetic_telemetry,SYN_000488,48.800000000000004,LIFTOFF,6.1848,239.584,95.836,335.42,2.4999373930464546
synthetic_telemetry,SYN_000489,48.900000000000006,LIFTOFF,6.1844,239.577,95.833,335.40999999999997,2.4999426084960295
synthetic_telemetry,SYN_000490,49.0,LIFTOFF,6.183999999999999,239.57,95.83,335.4,2.4999478242721485
synthetic_telemetry,SYN_000491,49.1,LIFTOFF,6.183599999999999,239.563,95.827,335.39,2.4999530403748422
synthetic_telemetry,SYN_000492,49.2,LIFTOFF,6.183199999999999,239.556,95.824,335.38,2.499958256804141
synthetic_telemetry,SYN_000493,49.300000000000004,LIFTOFF,6.182799999999999,239.549,95.821,335.37,2.4999634735600758
synthetic_telemetry,SYN_000494,49.400000000000006,LIFTOFF,6.1823999999999995,239.542,95.818,335.36,2.499968690642677
synthetic_telemetry,SYN_000495,49.5,LIFTOFF,6.1819999999999995,239.535,95.815,335.35,2.499973908051975
synthetic_telemetry,SYN_000496,49.6,LIFTOFF,6.1815999999999995,239.528,95.812,335.34,2.4999791257880015
synthetic_telemetry,SYN_000497,49.7,LIFTOFF,6.1812,239.521,95.809,335.33,2.4999843438507865
synthetic_telemetry,SYN_000498,49.800000000000004,LIFTOFF,6.1808,239.514,95.806,335.32,2.4999895622403607
synthetic_telemetry,SYN_000499,49.900000000000006,LIFTOFF,6.1804,239.507,95.803,335.31,2.4999947809567553
synthetic_telemetry,SYN_000500,50.0,LIFTOFF,6.18,239.5,95.8,335.3,2.5
synthetic_telemetry,SYN_000501,50.1,LIFTOFF,6.1802,239.505,95.80199999999999,335.307,2.5
synthetic_telemetry,SYN_000502,50.2,LIFTOFF,6.1804,239.51,95.804,335.31399999999996,2.5
synthetic_telemetry,SYN_000503,50.300000000000004,LIFTOFF,6.1806,239.515,95.806,335.32099999999997,2.5
synthetic_telemetry,SYN_000504,50.400000000000006,LIFTOFF,6.1808,239.52,95.80799999999999,335.328,2.5000000000000004
synthetic_telemetry,SYN_000505,50.5,LIFTOFF,6.181,239.525,95.81,335.33500000000004,2.5
synthetic_telemetry,SYN_000506,50.6,LIFTOFF,6.1812,239.53,95.812,335.342,2.5
synthetic_telemetry,SYN_000507,50.7,LIFTOFF,6.1814,239.535,95.814,335.349,2.5
synthetic_telemetry,SYN_000508,50.800000000000004,LIFTOFF,6.1815999999999995,239.54,95.816,335.356,2.5
synthetic_telemetry,SYN_000509,50.900000000000006,LIFTOFF,6.1818,239.545,95.818,335.363,2.5
synthetic_telemetry,SYN_000510,51.0,LIFTOFF,6.1819999999999995,239.55,95.82,335.37,2.5000000000000004
synthetic_telemetry,SYN_000511,51.1,LIFTOFF,6.1822,239.555,95.822,335.377,2.5
synthetic_telemetry,SYN_000512,51.2,LIFTOFF,6.1823999999999995,239.56,95.824,335.384,2.5
synthetic_telemetry,SYN_000513,51.300000000000004,LIFTOFF,6.1826,239.565,95.826,335.39099999999996,2.5
synthetic_telemetry,SYN_000514,51.400000000000006,LIFTOFF,6.182799999999999,239.57,95.828,335.398,2.5
synthetic_telemetry,SYN_000515,51.5,LIFTOFF,6.183,239.575,95.83,335.405,2.5
synthetic_telemetry,SYN_000516,51.6,LIFTOFF,6.183199999999999,239.58,95.832,335.41200000000003,2.5000000000000004
synthetic_telemetry,SYN_000517,51.7,LIFTOFF,6.1834,239.585,95.834,335.419,2.5
synthetic_telemetry,SYN_000518,51.800000000000004,LIFTOFF,6.1836,239.59,95.836,335.426,2.5
synthetic_telemetry,SYN_000519,51.900000000000006,LIFTOFF,6.1838,239.595,95.838,335.433,2.5
synthetic_telemetry,SYN_000520,52.0,LIFTOFF,6.184,239.6,95.84,335.44,2.5
synthetic_telemetry,SYN_000521,52.1,LIFTOFF,6.1842,239.605,95.842,335.447,2.5
synthetic_telemetry,SYN_000522,52.2,LIFTOFF,6.1844,239.61,95.844,335.454,2.5000000000000004
synthetic_telemetry,SYN_000523,52.300000000000004,LIFTOFF,6.1846,239.615,95.846,335.461,2.5
synthetic_telemetry,SYN_000524,52.400000000000006,LIFTOFF,6.1848,239.62,95.848,335.468,2.5
synthetic_telemetry,SYN_000525,52.5,LIFTOFF,6.185,239.625,95.85,335.475,2.5
synthetic_telemetry,SYN_000526,52.6,LIFTOFF,6.1852,239.63,95.852,335.48199999999997,2.5
synthetic_telemetry,SYN_000527,52.7,LIFTOFF,6.1854,239.635,95.854,335.489,2.5
synthetic_telemetry,SYN_000528,52.800000000000004,LIFTOFF,6.1856,239.64,95.856,335.496,2.5
synthetic_telemetry,SYN_000529,52.900000000000006,LIFTOFF,6.1857999999999995,239.645,95.858,335.50300000000004,2.5
synthetic_telemetry,SYN_000530,53.0,LIFTOFF,6.186,239.65,95.86,335.51,2.5
synthetic_telemetry,SYN_000531,53.1,LIFTOFF,6.1861999999999995,239.655,95.862,335.517,2.5
synthetic_telemetry,SYN_000532,53.2,LIFTOFF,6.1864,239.66,95.864,335.524,2.5
synthetic_telemetry,SYN_000533,53.300000000000004,LIFTOFF,6.186599999999999,239.665,95.866,335.531,2.5
synthetic_telemetry,SYN_000534,53.400000000000006,LIFTOFF,6.1868,239.67,95.868,335.538,2.5
synthetic_telemetry,SYN_000535,53.5,LIFTOFF,6.187,239.675,95.87,335.545,2.5
synthetic_telemetry,SYN_000536,53.6,LIFTOFF,6.1872,239.68,95.872,335.552,2.5
synthetic_telemetry,SYN_000537,53.7,LIFTOFF,6.1874,239.685,95.874,335.55899999999997,2.5
synthetic_telemetry,SYN_000538,53.800000000000004,LIFTOFF,6.1876,239.69,95.876,335.56600000000003,2.5
synthetic_telemetry,SYN_000539,53.900000000000006,LIFTOFF,6.1878,239.695,95.878,335.573,2.5
synthetic_telemetry,SYN_000540,54.0,LIFTOFF,6.188,239.7,95.88,335.58,2.5
synthetic_telemetry,SYN_000541,54.1,LIFTOFF,6.1882,239.705,95.882,335.587,2.5
synthetic_telemetry,SYN_000542,54.2,LIFTOFF,6.1884,239.71,95.884,335.594,2.5
synthetic_telemetry,SYN_000543,54.300000000000004,LIFTOFF,6.1886,239.715,95.886,335.601,2.5
synthetic_telemetry,SYN_000544,54.400000000000006,LIFTOFF,6.1888,239.72,95.888,335.608,2.5
synthetic_telemetry,SYN_000545,54.5,LIFTOFF,6.189,239.725,95.89,335.615,2.5
synthetic_telemetry,SYN_000546,54.6,LIFTOFF,6.1892,239.73,95.892,335.62199999999996,2.5
synthetic_telemetry,SYN_000547,54.7,LIFTOFF,6.1894,239.735,95.894,335.629,2.5
synthetic_telemetry,SYN_000548,54.800000000000004,LIFTOFF,6.1895999999999995,239.74,95.896,335.636,2.5
synthetic_telemetry,SYN_000549,54.900000000000006,LIFTOFF,6.1898,239.745,95.898,335.64300000000003,2.5
synthetic_telemetry,SYN_000550,55.0,LIFTOFF,6.1899999999999995,239.75,95.9,335.65,2.5
synthetic_telemetry,SYN_000551,55.1,LIFTOFF,6.1902,239.755,95.902,335.657,2.5
synthetic_telemetry,SYN_000552,55.2,LIFTOFF,6.1904,239.76,95.904,335.664,2.5
synthetic_telemetry,SYN_000553,55.300000000000004,LIFTOFF,6.1906,239.765,95.90599999999999,335.671,2.5
synthetic_telemetry,SYN_000554,55.400000000000006,LIFTOFF,6.1908,239.77,95.908,335.678,2.5
synthetic_telemetry,SYN_000555,55.5,LIFTOFF,6.191,239.775,95.91,335.685,2.5
synthetic_telemetry,SYN_000556,55.6,LIFTOFF,6.1912,239.78,95.91199999999999,335.692,2.5000000000000004
synthetic_telemetry,SYN_000557,55.7,LIFTOFF,6.1914,239.785,95.914,335.699,2.5
synthetic_telemetry,SYN_000558,55.800000000000004,LIFTOFF,6.1916,239.79,95.916,335.706,2.5
synthetic_telemetry,SYN_000559,55.900000000000006,LIFTOFF,6.1918,239.795,95.91799999999999,335.71299999999997,2.5
synthetic_telemetry,SYN_000560,56.0,LIFTOFF,6.192,239.8,95.92,335.72,2.5
synthetic_telemetry,SYN_000561,56.1,LIFTOFF,6.1922,239.805,95.922,335.727,2.5
synthetic_telemetry,SYN_000562,56.2,LIFTOFF,6.1924,239.81,95.92399999999999,335.734,2.5000000000000004
synthetic_telemetry,SYN_000563,56.300000000000004,LIFTOFF,6.1926,239.815,95.926,335.741,2.5
synthetic_telemetry,SYN_000564,56.400000000000006,LIFTOFF,6.1928,239.82,95.928,335.748,2.5
synthetic_telemetry,SYN_000565,56.5,LIFTOFF,6.193,239.825,95.92999999999999,335.755,2.5
synthetic_telemetry,SYN_000566,56.6,LIFTOFF,6.1932,239.83,95.932,335.762,2.5
synthetic_telemetry,SYN_000567,56.7,LIFTOFF,6.1934000000000005,239.835,95.934,335.769,2.5
synthetic_telemetry,SYN_000568,56.800000000000004,LIFTOFF,6.1936,239.84,95.93599999999999,335.776,2.5000000000000004
synthetic_telemetry,SYN_000569,56.900000000000006,LIFTOFF,6.1938,239.845,95.938,335.783,2.5
synthetic_telemetry,SYN_000570,57.0,LIFTOFF,6.194,239.85,95.94,335.78999999999996,2.5
synthetic_telemetry,SYN_000571,57.1,LIFTOFF,6.1942,239.855,95.942,335.79699999999997,2.5
synthetic_telemetry,SYN_000572,57.2,LIFTOFF,6.1944,239.86,95.944,335.80400000000003,2.5
synthetic_telemetry,SYN_000573,57.300000000000004,LIFTOFF,6.1946,239.865,95.946,335.81100000000004,2.5
synthetic_telemetry,SYN_000574,57.400000000000006,LIFTOFF,6.1948,239.87,95.948,335.818,2.5000000000000004
synthetic_telemetry,SYN_000575,57.5,LIFTOFF,6.195,239.875,95.95,335.825,2.5
synthetic_telemetry,SYN_000576,57.6,LIFTOFF,6.1952,239.88,95.952,335.832,2.5
synthetic_telemetry,SYN_000577,57.7,LIFTOFF,6.1954,239.885,95.954,335.839,2.5
synthetic_telemetry,SYN_000578,57.800000000000004,LIFTOFF,6.1956,239.89,95.956,335.846,2.4999999999999996
synthetic_telemetry,SYN_000579,57.900000000000006,LIFTOFF,6.1958,239.895,95.958,335.853,2.5
synthetic_telemetry,SYN_000580,58.0,LIFTOFF,6.196,239.9,95.96,335.86,2.5000000000000004
synthetic_telemetry,SYN_000581,58.1,LIFTOFF,6.1962,239.905,95.962,335.867,2.5
synthetic_telemetry,SYN_000582,58.2,LIFTOFF,6.1964,239.91,95.964,335.874,2.5
synthetic_telemetry,SYN_000583,58.300000000000004,LIFTOFF,6.1966,239.915,95.966,335.881,2.5
synthetic_telemetry,SYN_000584,58.400000000000006,LIFTOFF,6.1968000000000005,239.92,95.968,335.888,2.4999999999999996
synthetic_telemetry,SYN_000585,58.5,LIFTOFF,6.197,239.925,95.97,335.895,2.5
synthetic_telemetry,SYN_000586,58.6,LIFTOFF,6.1972000000000005,239.93,95.972,335.902,2.5000000000000004
synthetic_telemetry,SYN_000587,58.7,LIFTOFF,6.1974,239.935,95.974,335.909,2.5
synthetic_telemetry,SYN_000588,58.800000000000004,LIFTOFF,6.1976,239.94,95.976,335.916,2.5
synthetic_telemetry,SYN_000589,58.900000000000006,LIFTOFF,6.1978,239.945,95.978,335.923,2.5
synthetic_telemetry,SYN_000590,59.0,LIFTOFF,6.198,239.95,95.98,335.93,2.4999999999999996
synthetic_telemetry,SYN_000591,59.1,LIFTOFF,6.1982,239.955,95.982,335.937,2.5
synthetic_telemetry,SYN_000592,59.2,LIFTOFF,6.1984,239.96,95.984,335.944,2.5000000000000004
synthetic_telemetry,SYN_000593,59.300000000000004,LIFTOFF,6.1986,239.965,95.986,335.951,2.5
synthetic_telemetry,SYN_000594,59.400000000000006,LIFTOFF,6.1988,239.97,95.988,335.95799999999997,2.5
synthetic_telemetry,SYN_000595,59.5,LIFTOFF,6.199,239.975,95.99,335.965,2.5
synthetic_telemetry,SYN_000596,59.6,LIFTOFF,6.1992,239.98,95.992,335.972,2.4999999999999996
synthetic_telemetry,SYN_000597,59.7,LIFTOFF,6.1994,239.985,95.994,335.97900000000004,2.5
synthetic_telemetry,SYN_000598,59.800000000000004,LIFTOFF,6.1996,239.99,95.996,335.986,2.5000000000000004
synthetic_telemetry,SYN_000599,59.900000000000006,LIFTOFF,6.1998,239.995,95.998,335.993,2.5
synthetic_telemetry,SYN_000600,60.0,LIFTOFF,6.2,240.0,96.0,336.0,2.5
synthetic_telemetry,SYN_000601,60.1,MAX_Q,6.1999,239.999,96.0,335.999,2.4999895833333334
synthetic_telemetry,SYN_000602,60.2,MAX_Q,6.1998,239.998,96.0,335.998,2.4999791666666664
synthetic_telemetry,SYN_000603,60.300000000000004,MAX_Q,6.1997,239.997,96.0,335.997,2.4999687500000003
synthetic_telemetry,SYN_000604,60.400000000000006,MAX_Q,6.1996,239.996,96.0,335.996,2.4999583333333333
synthetic_telemetry,SYN_000605,60.5,MAX_Q,6.1995000000000005,239.995,96.0,335.995,2.4999479166666667
synthetic_telemetry,SYN_000606,60.6,MAX_Q,6.1994,239.994,96.0,335.994,2.4999375
synthetic_telemetry,SYN_000607,60.7,MAX_Q,6.1993,239.993,96.0,335.993,2.499927083333333
synthetic_telemetry,SYN_000608,60.800000000000004,MAX_Q,6.1992,239.992,96.0,335.99199999999996,2.4999166666666666
synthetic_telemetry,SYN_000609,60.900000000000006,MAX_Q,6.1991000000000005,239.991,96.0,335.991,2.49990625
synthetic_telemetry,SYN_000610,61.0,MAX_Q,6.199,239.99,96.0,335.99,2.4998958333333334
synthetic_telemetry,SYN_000611,61.1,MAX_Q,6.1989,239.989,96.0,335.98900000000003,2.499885416666667
synthetic_telemetry,SYN_000612,61.2,MAX_Q,6.1988,239.988,96.0,335.988,2.499875
synthetic_telemetry,SYN_000613,61.300000000000004,MAX_Q,6.1987000000000005,239.987,96.0,335.98699999999997,2.4998645833333333
synthetic_telemetry,SYN_000614,61.400000000000006,MAX_Q,6.1986,239.986,96.0,335.986,2.4998541666666667
synthetic_telemetry,SYN_000615,61.5,MAX_Q,6.1985,239.985,96.0,335.985,2.49984375
synthetic_telemetry,SYN_000616,61.6,MAX_Q,6.1984,239.984,96.0,335.98400000000004,2.4998333333333336
synthetic_telemetry,SYN_000617,61.7,MAX_Q,6.198300000000001,239.983,96.0,335.983,2.4998229166666666
synthetic_telemetry,SYN_000618,61.800000000000004,MAX_Q,6.1982,239.982,96.0,335.98199999999997,2.4998125
synthetic_telemetry,SYN_000619,61.900000000000006,MAX_Q,6.1981,239.981,96.0,335.981,2.4998020833333334
synthetic_telemetry,SYN_000620,62.0,MAX_Q,6.198,239.98,96.0,335.98,2.4997916666666664
synthetic_telemetry,SYN_000621,62.1,MAX_Q,6.197900000000001,239.979,96.0,335.97900000000004,2.4997812500000003
synthetic_telemetry,SYN_000622,62.2,MAX_Q,6.1978,239.978,96.0,335.978,2.4997708333333333
synthetic_telemetry,SYN_000623,62.300000000000004,MAX_Q,6.1977,239.977,96.0,335.977,2.4997604166666667
synthetic_telemetry,SYN_000624,62.400000000000006,MAX_Q,6.1976,239.976,96.0,335.976,2.49975
synthetic_telemetry,SYN_000625,62.5,MAX_Q,6.1975,239.975,96.0,335.975,2.499739583333333
synthetic_telemetry,SYN_000626,62.6,MAX_Q,6.1974,239.974,96.0,335.974,2.4997291666666666
synthetic_telemetry,SYN_000627,62.7,MAX_Q,6.1973,239.973,96.0,335.973,2.49971875
synthetic_telemetry,SYN_000628,62.800000000000004,MAX_Q,6.1972000000000005,239.972,96.0,335.972,2.4997083333333334
synthetic_telemetry,SYN_000629,62.900000000000006,MAX_Q,6.1971,239.971,96.0,335.971,2.499697916666667
synthetic_telemetry,SYN_000630,63.0,MAX_Q,6.197,239.97,96.0,335.97,2.4996875
synthetic_telemetry,SYN_000631,63.1,MAX_Q,6.1969,239.969,96.0,335.969,2.4996770833333333
synthetic_telemetry,SYN_000632,63.2,MAX_Q,6.1968000000000005,239.968,96.0,335.96799999999996,2.4996666666666667
synthetic_telemetry,SYN_000633,63.300000000000004,MAX_Q,6.1967,239.967,96.0,335.967,2.49965625
synthetic_telemetry,SYN_000634,63.400000000000006,MAX_Q,6.1966,239.966,96.0,335.966,2.4996458333333336
synthetic_telemetry,SYN_000635,63.5,MAX_Q,6.1965,239.965,96.0,335.96500000000003,2.4996354166666666
synthetic_telemetry,SYN_000636,63.6,MAX_Q,6.196400000000001,239.964,96.0,335.964,2.499625
synthetic_telemetry,SYN_000637,63.7,MAX_Q,6.1963,239.963,96.0,335.96299999999997,2.4996145833333334
synthetic_telemetry,SYN_000638,63.800000000000004,MAX_Q,6.1962,239.962,96.0,335.962,2.4996041666666664
synthetic_telemetry,SYN_000639,63.900000000000006,MAX_Q,6.1961,239.961,96.0,335.961,2.4995937500000003
synthetic_telemetry,SYN_000640,64.0,MAX_Q,6.196000000000001,239.96,96.0,335.96000000000004,2.4995833333333333
synthetic_telemetry,SYN_000641,64.10000000000001,MAX_Q,6.1959,239.959,96.0,335.959,2.4995729166666667
synthetic_telemetry,SYN_000642,64.2,MAX_Q,6.1958,239.958,96.0,335.95799999999997,2.4995625
synthetic_telemetry,SYN_000643,64.3,MAX_Q,6.1957,239.957,96.0,335.957,2.499552083333333
synthetic_telemetry,SYN_000644,64.4,MAX_Q,6.195600000000001,239.956,96.0,335.956,2.4995416666666666
synthetic_telemetry,SYN_000645,64.5,MAX_Q,6.1955,239.955,96.0,335.95500000000004,2.49953125
synthetic_telemetry,SYN_000646,64.60000000000001,MAX_Q,6.1954,239.954,96.0,335.954,2.4995208333333334
synthetic_telemetry,SYN_000647,64.7,MAX_Q,6.1953000000000005,239.953,96.0,335.953,2.499510416666667
synthetic_telemetry,SYN_000648,64.8,MAX_Q,6.195200000000001,239.952,96.0,335.952,2.4995
synthetic_telemetry,SYN_000649,64.9,MAX_Q,6.1951,239.951,96.0,335.951,2.4994895833333333
synthetic_telemetry,SYN_000650,65.0,MAX_Q,6.195,239.95,96.0,335.95,2.4994791666666667
synthetic_telemetry,SYN_000651,65.10000000000001,MAX_Q,6.1949000000000005,239.949,96.0,335.949,2.49946875
synthetic_telemetry,SYN_000652,65.2,MAX_Q,6.1948,239.948,96.0,335.948,2.4994583333333336
synthetic_telemetry,SYN_000653,65.3,MAX_Q,6.1947,239.947,96.0,335.947,2.4994479166666665
synthetic_telemetry,SYN_000654,65.4,MAX_Q,6.1946,239.946,96.0,335.946,2.4994375
synthetic_telemetry,SYN_000655,65.5,MAX_Q,6.194500000000001,239.945,96.0,335.945,2.4994270833333334
synthetic_telemetry,SYN_000656,65.60000000000001,MAX_Q,6.1944,239.94400000000002,96.0,335.944,2.499416666666667
synthetic_telemetry,SYN_000657,65.7,MAX_Q,6.1943,239.943,96.0,335.943,2.4994062500000003
synthetic_telemetry,SYN_000658,65.8,MAX_Q,6.1942,239.942,96.0,335.942,2.4993958333333333
synthetic_telemetry,SYN_000659,65.9,MAX_Q,6.194100000000001,239.941,96.0,335.94100000000003,2.4993854166666667
synthetic_telemetry,SYN_000660,66.0,MAX_Q,6.194,239.94,96.0,335.94,2.499375
synthetic_telemetry,SYN_000661,66.10000000000001,MAX_Q,6.1939,239.939,96.0,335.93899999999996,2.499364583333333
synthetic_telemetry,SYN_000662,66.2,MAX_Q,6.1938,239.93800000000002,96.0,335.938,2.499354166666667
synthetic_telemetry,SYN_000663,66.3,MAX_Q,6.193700000000001,239.937,96.0,335.937,2.49934375
synthetic_telemetry,SYN_000664,66.4,MAX_Q,6.1936,239.936,96.0,335.93600000000004,2.4993333333333334
synthetic_telemetry,SYN_000665,66.5,MAX_Q,6.1935,239.935,96.0,335.935,2.499322916666667
synthetic_telemetry,SYN_000666,66.60000000000001,MAX_Q,6.1934000000000005,239.934,96.0,335.93399999999997,2.4993125
synthetic_telemetry,SYN_000667,66.7,MAX_Q,6.193300000000001,239.933,96.0,335.933,2.4993020833333333
synthetic_telemetry,SYN_000668,66.8,MAX_Q,6.1932,239.93200000000002,96.0,335.932,2.4992916666666667
synthetic_telemetry,SYN_000669,66.9,MAX_Q,6.1931,239.931,96.0,335.93100000000004,2.49928125
synthetic_telemetry,SYN_000670,67.0,MAX_Q,6.1930000000000005,239.93,96.0,335.93,2.4992708333333336
synthetic_telemetry,SYN_000671,67.10000000000001,MAX_Q,6.192900000000001,239.929,96.0,335.929,2.4992604166666665
synthetic_telemetry,SYN_000672,67.2,MAX_Q,6.1928,239.928,96.0,335.928,2.49925
synthetic_telemetry,SYN_000673,67.3,MAX_Q,6.1927,239.927,96.0,335.927,2.4992395833333334
synthetic_telemetry,SYN_000674,67.4,MAX_Q,6.1926000000000005,239.92600000000002,96.0,335.92600000000004,2.499229166666667
synthetic_telemetry,SYN_000675,67.5,MAX_Q,6.1925,239.925,96.0,335.925,2.4992187500000003
synthetic_telemetry,SYN_000676,67.60000000000001,MAX_Q,6.1924,239.924,96.0,335.924,2.4992083333333333
synthetic_telemetry,SYN_000677,67.7,MAX_Q,6.1923,239.923,96.0,335.923,2.4991979166666667
synthetic_telemetry,SYN_000678,67.8,MAX_Q,6.192200000000001,239.922,96.0,335.922,2.4991875
synthetic_telemetry,SYN_000679,67.9,MAX_Q,6.1921,239.921,96.0,335.921,2.499177083333333
synthetic_telemetry,SYN_000680,68.0,MAX_Q,6.192,239.92000000000002,96.0,335.92,2.499166666666667
synthetic_telemetry,SYN_000681,68.10000000000001,MAX_Q,6.1919,239.919,96.0,335.919,2.49915625
synthetic_telemetry,SYN_000682,68.2,MAX_Q,6.191800000000001,239.918,96.0,335.918,2.4991458333333334
synthetic_telemetry,SYN_000683,68.3,MAX_Q,6.1917,239.917,96.0,335.91700000000003,2.499135416666667
synthetic_telemetry,SYN_000684,68.4,MAX_Q,6.1916,239.916,96.0,335.916,2.499125
synthetic_telemetry,SYN_000685,68.5,MAX_Q,6.1915000000000004,239.915,96.0,335.91499999999996,2.4991145833333333
synthetic_telemetry,SYN_000686,68.60000000000001,MAX_Q,6.191400000000001,239.91400000000002,96.0,335.914,2.4991041666666667
synthetic_telemetry,SYN_000687,68.7,MAX_Q,6.1913,239.913,96.0,335.913,2.49909375
synthetic_telemetry,SYN_000688,68.8,MAX_Q,6.1912,239.912,96.0,335.91200000000003,2.4990833333333335
synthetic_telemetry,SYN_000689,68.9,MAX_Q,6.1911000000000005,239.911,96.0,335.911,2.4990729166666665
synthetic_telemetry,SYN_000690,69.0,MAX_Q,6.191000000000001,239.91,96.0,335.90999999999997,2.4990625
synthetic_telemetry,SYN_000691,69.10000000000001,MAX_Q,6.1909,239.909,96.0,335.909,2.4990520833333334
synthetic_telemetry,SYN_000692,69.2,MAX_Q,6.1908,239.90800000000002,96.0,335.908,2.499041666666667
synthetic_telemetry,SYN_000693,69.3,MAX_Q,6.1907000000000005,239.907,96.0,335.90700000000004,2.4990312500000003
synthetic_telemetry,SYN_000694,69.4,MAX_Q,6.190600000000001,239.906,96.0,335.906,2.4990208333333332
synthetic_telemetry,SYN_000695,69.5,MAX_Q,6.1905,239.905,96.0,335.905,2.4990104166666667
synthetic_telemetry,SYN_000696,69.60000000000001,MAX_Q,6.1904,239.904,96.0,335.904,2.499
synthetic_telemetry,SYN_000697,69.7,MAX_Q,6.190300000000001,239.903,96.0,335.903,2.498989583333333
synthetic_telemetry,SYN_000698,69.8,MAX_Q,6.190200000000001,239.90200000000002,96.0,335.90200000000004,2.498979166666667
synthetic_telemetry,SYN_000699,69.9,MAX_Q,6.1901,239.901,96.0,335.901,2.49896875
synthetic_telemetry,SYN_000700,70.0,MAX_Q,6.19,239.9,96.0,335.9,2.4989583333333334
synthetic_telemetry,SYN_000701,70.10000000000001,MAX_Q,6.190200000000001,239.90200000000002,96.001,335.903,2.4989531359048343
synthetic_telemetry,SYN_000702,70.2,MAX_Q,6.1904,239.904,96.002,335.906,2.498947938584613
synthetic_telemetry,SYN_000703,70.3,MAX_Q,6.190600000000001,239.906,96.003,335.909,2.4989427413726655
synthetic_telemetry,SYN_000704,70.4,MAX_Q,6.1908,239.90800000000002,96.004,335.91200000000003,2.4989375442689887
synthetic_telemetry,SYN_000705,70.5,MAX_Q,6.191000000000001,239.91,96.005,335.91499999999996,2.4989323472735796
synthetic_telemetry,SYN_000706,70.60000000000001,MAX_Q,6.1912,239.912,96.006,335.918,2.498927150386434
synthetic_telemetry,SYN_000707,70.7,MAX_Q,6.191400000000001,239.91400000000002,96.007,335.92100000000005,2.4989219536075495
synthetic_telemetry,SYN_000708,70.8,MAX_Q,6.1916,239.916,96.008,335.924,2.498916756936922
synthetic_telemetry,SYN_000709,70.9,MAX_Q,6.191800000000001,239.918,96.009,335.927,2.498911560374548
synthetic_telemetry,SYN_000710,71.0,MAX_Q,6.192,239.92000000000002,96.01,335.93,2.498906363920425
synthetic_telemetry,SYN_000711,71.10000000000001,MAX_Q,6.192200000000001,239.922,96.011,335.933,2.498901167574549
synthetic_telemetry,SYN_000712,71.2,MAX_Q,6.1924,239.924,96.012,335.93600000000004,2.4988959713369163
synthetic_telemetry,SYN_000713,71.3,MAX_Q,6.1926000000000005,239.92600000000002,96.013,335.939,2.4988907752075242
synthetic_telemetry,SYN_000714,71.4,MAX_Q,6.1928,239.928,96.014,335.942,2.4988855791863687
synthetic_telemetry,SYN_000715,71.5,MAX_Q,6.1930000000000005,239.93,96.015,335.945,2.498880383273447
synthetic_telemetry,SYN_000716,71.60000000000001,MAX_Q,6.1932,239.93200000000002,96.016,335.94800000000004,2.498875187468755
synthetic_telemetry,SYN_000717,71.7,MAX_Q,6.1934000000000005,239.934,96.017,335.951,2.4988699917722905
synthetic_telemetry,SYN_000718,71.8,MAX_Q,6.1936,239.936,96.018,335.954,2.4988647961840487
synthetic_telemetry,SYN_000719,71.9,MAX_Q,6.1938,239.93800000000002,96.019,335.957,2.4988596007040274
synthetic_telemetry,SYN_000720,72.0,MAX_Q,6.194,239.94,96.02,335.96,2.4988544053322226
synthetic_telemetry,SYN_000721,72.10000000000001,MAX_Q,6.1942,239.942,96.021,335.963,2.498849210068631
synthetic_telemetry,SYN_000722,72.2,MAX_Q,6.1944,239.94400000000002,96.022,335.966,2.498844014913249
synthetic_telemetry,SYN_000723,72.3,MAX_Q,6.1946,239.946,96.023,335.969,2.498838819866074
synthetic_telemetry,SYN_000724,72.4,MAX_Q,6.1948,239.948,96.024,335.972,2.4988336249271015
synthetic_telemetry,SYN_000725,72.5,MAX_Q,6.195,239.95,96.025,335.975,2.498828430096329
synthetic_telemetry,SYN_000726,72.60000000000001,MAX_Q,6.195200000000001,239.952,96.026,335.978,2.498823235373753
synthetic_telemetry,SYN_000727,72.7,MAX_Q,6.1954,239.954,96.027,335.981,2.4988180407593696
synthetic_telemetry,SYN_000728,72.8,MAX_Q,6.195600000000001,239.956,96.02799999999999,335.984,2.4988128462531765
synthetic_telemetry,SYN_000729,72.9,MAX_Q,6.1958,239.958,96.029,335.98699999999997,2.4988076518551687
synthetic_telemetry,SYN_000730,73.0,MAX_Q,6.196000000000001,239.96,96.03,335.99,2.4988024575653442
synthetic_telemetry,SYN_000731,73.10000000000001,MAX_Q,6.1962,239.962,96.03099999999999,335.993,2.498797263383699
synthetic_telemetry,SYN_000732,73.2,MAX_Q,6.196400000000001,239.964,96.032,335.996,2.49879206931023
synthetic_telemetry,SYN_000733,73.3,MAX_Q,6.1966,239.966,96.033,335.999,2.4987868753449334
synthetic_telemetry,SYN_000734,73.4,MAX_Q,6.1968000000000005,239.968,96.03399999999999,336.00199999999995,2.4987816814878063
synthetic_telemetry,SYN_000735,73.5,MAX_Q,6.197,239.97,96.035,336.005,2.498776487738845
synthetic_telemetry,SYN_000736,73.60000000000001,MAX_Q,6.1972000000000005,239.972,96.036,336.00800000000004,2.4987712940980464
synthetic_telemetry,SYN_000737,73.7,MAX_Q,6.1974,239.974,96.03699999999999,336.01099999999997,2.4987661005654074
synthetic_telemetry,SYN_000738,73.8,MAX_Q,6.1976,239.976,96.038,336.014,2.4987609071409236
synthetic_telemetry,SYN_000739,73.9,MAX_Q,6.1978,239.978,96.039,336.017,2.498755713824592
synthetic_telemetry,SYN_000740,74.0,MAX_Q,6.198,239.98,96.03999999999999,336.02,2.49875052061641
synthetic_telemetry,SYN_000741,74.10000000000001,MAX_Q,6.1982,239.982,96.041,336.023,2.498745327516373
synthetic_telemetry,SYN_000742,74.2,MAX_Q,6.1984,239.984,96.042,336.026,2.498740134524479
synthetic_telemetry,SYN_000743,74.3,MAX_Q,6.1986,239.986,96.04299999999999,336.029,2.4987349416407234
synthetic_telemetry,SYN_000744,74.4,MAX_Q,6.1988,239.988,96.044,336.032,2.4987297488651037
synthetic_telemetry,SYN_000745,74.5,MAX_Q,6.199,239.99,96.045,336.035,2.4987245561976157
synthetic_telemetry,SYN_000746,74.60000000000001,MAX_Q,6.1992,239.992,96.04599999999999,336.038,2.4987193636382568
synthetic_telemetry,SYN_000747,74.7,MAX_Q,6.1994,239.994,96.047,336.041,2.498714171187023
synthetic_telemetry,SYN_000748,74.8,MAX_Q,6.1996,239.996,96.048,336.044,2.4987089788439114
synthetic_telemetry,SYN_000749,74.9,MAX_Q,6.1998,239.998,96.04899999999999,336.04699999999997,2.4987037866089183
synthetic_telemetry,SYN_000750,75.0,MAX_Q,6.2,240.0,96.05,336.05,2.4986985944820406
synthetic_telemetry,SYN_000751,75.10000000000001,MAX_Q,6.200200000000001,240.002,96.051,336.053,2.498693402463275
synthetic_telemetry,SYN_000752,75.2,MAX_Q,6.2004,240.004,96.05199999999999,336.056,2.4986882105526176
synthetic_telemetry,SYN_000753,75.3,MAX_Q,6.2006000000000006,240.006,96.053,336.05899999999997,2.4986830187500653
synthetic_telemetry,SYN_000754,75.4,MAX_Q,6.2008,240.008,96.054,336.062,2.4986778270556145
synthetic_telemetry,SYN_000755,75.5,MAX_Q,6.2010000000000005,240.01,96.05499999999999,336.065,2.4986726354692625
synthetic_telemetry,SYN_000756,75.60000000000001,MAX_Q,6.2012,240.012,96.056,336.068,2.4986674439910055
synthetic_telemetry,SYN_000757,75.7,MAX_Q,6.2014000000000005,240.014,96.057,336.071,2.4986622526208397
synthetic_telemetry,SYN_000758,75.8,MAX_Q,6.2016,240.016,96.05799999999999,336.07399999999996,2.4986570613587626
synthetic_telemetry,SYN_000759,75.9,MAX_Q,6.2018,240.018,96.059,336.077,2.49865187020477
synthetic_telemetry,SYN_000760,76.0,MAX_Q,6.202,240.02,96.06,336.08000000000004,2.4986466791588593
synthetic_telemetry,SYN_000761,76.10000000000001,MAX_Q,6.2022,240.022,96.06099999999999,336.08299999999997,2.4986414882210264
synthetic_telemetry,SYN_000762,76.2,MAX_Q,6.2024,240.024,96.062,336.086,2.4986362973912684
synthetic_telemetry,SYN_000763,76.3,MAX_Q,6.2026,240.026,96.063,336.089,2.4986311066695817
synthetic_telemetry,SYN_000764,76.4,MAX_Q,6.2028,240.028,96.064,336.092,2.4986259160559627
synthetic_telemetry,SYN_000765,76.5,MAX_Q,6.203,240.03,96.065,336.095,2.4986207255504085
synthetic_telemetry,SYN_000766,76.60000000000001,MAX_Q,6.2032,240.032,96.066,336.098,2.498615535152916
synthetic_telemetry,SYN_000767,76.7,MAX_Q,6.2034,240.034,96.067,336.101,2.4986103448634807
synthetic_telemetry,SYN_000768,76.80000000000001,MAX_Q,6.2036,240.036,96.068,336.104,2.4986051546821004
synthetic_telemetry,SYN_000769,76.9,MAX_Q,6.2038,240.038,96.069,336.107,2.4985999646087707
synthetic_telemetry,SYN_000770,77.0,MAX_Q,6.204,240.04,96.07,336.11,2.498594774643489
synthetic_telemetry,SYN_000771,77.10000000000001,MAX_Q,6.2042,240.042,96.071,336.113,2.498589584786252
synthetic_telemetry,SYN_000772,77.2,MAX_Q,6.2044,240.044,96.072,336.116,2.4985843950370556
synthetic_telemetry,SYN_000773,77.30000000000001,MAX_Q,6.2046,240.046,96.073,336.11899999999997,2.498579205395897
synthetic_telemetry,SYN_000774,77.4,MAX_Q,6.2048,240.048,96.074,336.122,2.4985740158627725
synthetic_telemetry,SYN_000775,77.5,MAX_Q,6.205,240.05,96.07499999999999,336.125,2.4985688264376793
synthetic_telemetry,SYN_000776,77.60000000000001,MAX_Q,6.2052000000000005,240.052,96.076,336.128,2.498563637120613
synthetic_telemetry,SYN_000777,77.7,MAX_Q,6.2054,240.054,96.077,336.131,2.498558447911571
synthetic_telemetry,SYN_000778,77.80000000000001,MAX_Q,6.2056000000000004,240.05599999999998,96.07799999999999,336.13399999999996,2.4985532588105497
synthetic_telemetry,SYN_000779,77.9,MAX_Q,6.2058,240.058,96.079,336.137,2.498548069817546
synthetic_telemetry,SYN_000780,78.0,MAX_Q,6.206,240.06,96.08,336.14,2.4985428809325563
synthetic_telemetry,SYN_000781,78.10000000000001,MAX_Q,6.2062,240.06199999999998,96.08099999999999,336.143,2.498537692155577
synthetic_telemetry,SYN_000782,78.2,MAX_Q,6.2064,240.064,96.082,336.14599999999996,2.4985325034866053
synthetic_telemetry,SYN_000783,78.30000000000001,MAX_Q,6.2066,240.066,96.083,336.149,2.4985273149256373
synthetic_telemetry,SYN_000784,78.4,MAX_Q,6.2068,240.06799999999998,96.08399999999999,336.152,2.49852212647267
synthetic_telemetry,SYN_000785,78.5,MAX_Q,6.207,240.07,96.085,336.155,2.4985169381276995
synthetic_telemetry,SYN_000786,78.60000000000001,MAX_Q,6.2072,240.072,96.086,336.158,2.498511749890723
synthetic_telemetry,SYN_000787,78.7,MAX_Q,6.2074,240.07399999999998,96.08699999999999,336.16099999999994,2.498506561761737
synthetic_telemetry,SYN_000788,78.80000000000001,MAX_Q,6.2076,240.076,96.088,336.164,2.4985013737407376
synthetic_telemetry,SYN_000789,78.9,MAX_Q,6.2078,240.078,96.089,336.16700000000003,2.4984961858277224
synthetic_telemetry,SYN_000790,79.0,MAX_Q,6.208,240.07999999999998,96.08999999999999,336.16999999999996,2.498490998022687
synthetic_telemetry,SYN_000791,79.10000000000001,MAX_Q,6.2082,240.082,96.091,336.173,2.498485810325629
synthetic_telemetry,SYN_000792,79.2,MAX_Q,6.2084,240.084,96.092,336.176,2.4984806227365444
synthetic_telemetry,SYN_000793,79.30000000000001,MAX_Q,6.2086,240.08599999999998,96.09299999999999,336.179,2.49847543525543
synthetic_telemetry,SYN_000794,79.4,MAX_Q,6.2088,240.088,96.094,336.182,2.498470247882282
synthetic_telemetry,SYN_000795,79.5,MAX_Q,6.209,240.09,96.095,336.185,2.498465060617098
synthetic_telemetry,SYN_000796,79.60000000000001,MAX_Q,6.2092,240.09199999999998,96.09599999999999,336.188,2.4984598734598737
synthetic_telemetry,SYN_000797,79.7,MAX_Q,6.2094,240.094,96.097,336.191,2.498454686410606
synthetic_telemetry,SYN_000798,79.80000000000001,MAX_Q,6.2096,240.096,96.098,336.194,2.4984494994692916
synthetic_telemetry,SYN_000799,79.9,MAX_Q,6.2097999999999995,240.09799999999998,96.09899999999999,336.197,2.4984443126359275
synthetic_telemetry,SYN_000800,80.0,MAX_Q,6.21,240.1,96.1,336.2,2.49843912591051
synthetic_telemetry,SYN_000801,80.10000000000001,MAX_Q,6.2099,240.099,96.09899999999999,336.198,2.498454718571473
synthetic_telemetry,SYN_000802,80.2,MAX_Q,6.2097999999999995,240.09799999999998,96.098,336.19599999999997,2.498470311556952
synthetic_telemetry,SYN_000803,80.30000000000001,MAX_Q,6.2097,240.097,96.097,336.194,2.4984859048669574
synthetic_telemetry,SYN_000804,80.4,MAX_Q,6.2096,240.096,96.09599999999999,336.192,2.498501498501499
synthetic_telemetry,SYN_000805,80.5,MAX_Q,6.2095,240.095,96.095,336.19,2.498517092460586
synthetic_telemetry,SYN_000806,80.60000000000001,MAX_Q,6.2094,240.094,96.094,336.188,2.49853268674423
synthetic_telemetry,SYN_000807,80.7,MAX_Q,6.2093,240.093,96.09299999999999,336.186,2.49854828135244
synthetic_telemetry,SYN_000808,80.80000000000001,MAX_Q,6.2092,240.09199999999998,96.092,336.18399999999997,2.4985638762852265
synthetic_telemetry,SYN_000809,80.9,MAX_Q,6.2091,240.091,96.091,336.182,2.4985794715426004
synthetic_telemetry,SYN_000810,81.0,MAX_Q,6.209,240.09,96.08999999999999,336.18,2.498595067124571
synthetic_telemetry,SYN_000811,81.10000000000001,MAX_Q,6.2089,240.089,96.089,336.178,2.4986106630311484
synthetic_telemetry,SYN_000812,81.2,MAX_Q,6.2088,240.088,96.088,336.176,2.498626259262343
synthetic_telemetry,SYN_000813,81.30000000000001,MAX_Q,6.2087,240.087,96.08699999999999,336.174,2.498641855818165
synthetic_telemetry,SYN_000814,81.4,MAX_Q,6.2086,240.08599999999998,96.086,336.17199999999997,2.498657452698624
synthetic_telemetry,SYN_000815,81.5,MAX_Q,6.2085,240.085,96.085,336.17,2.4986730499037315
synthetic_telemetry,SYN_000816,81.60000000000001,MAX_Q,6.2084,240.084,96.08399999999999,336.168,2.498688647433496
synthetic_telemetry,SYN_000817,81.7,MAX_Q,6.2083,240.083,96.083,336.166,2.4987042452879282
synthetic_telemetry,SYN_000818,81.80000000000001,MAX_Q,6.2082,240.082,96.082,336.164,2.498719843467039
synthetic_telemetry,SYN_000819,81.9,MAX_Q,6.2081,240.081,96.08099999999999,336.162,2.498735441970837
synthetic_telemetry,SYN_000820,82.0,MAX_Q,6.208,240.07999999999998,96.08,336.15999999999997,2.4987510407993336
synthetic_telemetry,SYN_000821,82.10000000000001,MAX_Q,6.2079,240.079,96.079,336.158,2.4987666399525392
synthetic_telemetry,SYN_000822,82.2,MAX_Q,6.2078,240.078,96.07799999999999,336.156,2.4987822394304633
synthetic_telemetry,SYN_000823,82.30000000000001,MAX_Q,6.2077,240.077,96.077,336.154,2.498797839233115
synthetic_telemetry,SYN_000824,82.4,MAX_Q,6.2076,240.076,96.076,336.152,2.4988134393605064
synthetic_telemetry,SYN_000825,82.5,MAX_Q,6.2075,240.075,96.07499999999999,336.15,2.4988290398126467
synthetic_telemetry,SYN_000826,82.60000000000001,MAX_Q,6.2074,240.07399999999998,96.074,336.14799999999997,2.4988446405895455
synthetic_telemetry,SYN_000827,82.7,MAX_Q,6.2073,240.073,96.073,336.146,2.4988602416912142
synthetic_telemetry,SYN_000828,82.80000000000001,MAX_Q,6.2072,240.072,96.072,336.144,2.498875843117662
synthetic_telemetry,SYN_000829,82.9,MAX_Q,6.2071,240.071,96.071,336.142,2.498891444868899
synthetic_telemetry,SYN_000830,83.0,MAX_Q,6.207,240.07,96.07,336.14,2.498907046944936
synthetic_telemetry,SYN_000831,83.10000000000001,MAX_Q,6.2069,240.069,96.069,336.138,2.4989226493457823
synthetic_telemetry,SYN_000832,83.2,MAX_Q,6.2068,240.06799999999998,96.068,336.13599999999997,2.4989382520714494
synthetic_telemetry,SYN_000833,83.30000000000001,MAX_Q,6.2067,240.067,96.067,336.134,2.4989538551219463
synthetic_telemetry,SYN_000834,83.4,MAX_Q,6.2066,240.066,96.066,336.132,2.498969458497283
synthetic_telemetry,SYN_000835,83.5,MAX_Q,6.2065,240.065,96.065,336.13,2.4989850621974705
synthetic_telemetry,SYN_000836,83.60000000000001,MAX_Q,6.2064,240.064,96.064,336.128,2.4990006662225186
synthetic_telemetry,SYN_000837,83.7,MAX_Q,6.2063,240.063,96.063,336.126,2.4990162705724366
synthetic_telemetry,SYN_000838,83.80000000000001,MAX_Q,6.2062,240.06199999999998,96.062,336.12399999999997,2.499031875247236
synthetic_telemetry,SYN_000839,83.9,MAX_Q,6.2061,240.061,96.06099999999999,336.122,2.4990474802469267
synthetic_telemetry,SYN_000840,84.0,MAX_Q,6.206,240.06,96.06,336.12,2.499063085571518
synthetic_telemetry,SYN_000841,84.10000000000001,MAX_Q,6.2059,240.059,96.059,336.118,2.4990786912210203
synthetic_telemetry,SYN_000842,84.2,MAX_Q,6.2058,240.058,96.05799999999999,336.116,2.4990942971954446
synthetic_telemetry,SYN_000843,84.30000000000001,MAX_Q,6.2057,240.057,96.057,336.114,2.4991099034947997
synthetic_telemetry,SYN_000844,84.4,MAX_Q,6.2056000000000004,240.05599999999998,96.056,336.11199999999997,2.499125510119097
synthetic_telemetry,SYN_000845,84.5,MAX_Q,6.2055,240.055,96.05499999999999,336.11,2.4991411170683464
synthetic_telemetry,SYN_000846,84.60000000000001,MAX_Q,6.2054,240.054,96.054,336.108,2.499156724342557
synthetic_telemetry,SYN_000847,84.7,MAX_Q,6.2053,240.053,96.053,336.106,2.4991723319417405
synthetic_telemetry,SYN_000848,84.80000000000001,MAX_Q,6.2052000000000005,240.052,96.05199999999999,336.104,2.499187939865906
synthetic_telemetry,SYN_000849,84.9,MAX_Q,6.2051,240.051,96.051,336.102,2.4992035481150636
synthetic_telemetry,SYN_000850,85.0,MAX_Q,6.205,240.05,96.05,336.1,2.4992191566892243
synthetic_telemetry,SYN_000851,85.10000000000001,MAX_Q,6.2049,240.049,96.04899999999999,336.098,2.499234765588398
synthetic_telemetry,SYN_000852,85.2,MAX_Q,6.2048,240.048,96.048,336.096,2.499250374812594
synthetic_telemetry,SYN_000853,85.30000000000001,MAX_Q,6.2047,240.047,96.047,336.094,2.499265984361823
synthetic_telemetry,SYN_000854,85.4,MAX_Q,6.2046,240.046,96.04599999999999,336.092,2.4992815942360953
synthetic_telemetry,SYN_000855,85.5,MAX_Q,6.2045,240.045,96.045,336.09,2.499297204435421
synthetic_telemetry,SYN_000856,85.60000000000001,MAX_Q,6.2044,240.044,96.044,336.088,2.4993128149598105
synthetic_telemetry,SYN_000857,85.7,MAX_Q,6.2043,240.043,96.04299999999999,336.086,2.4993284258092734
synthetic_telemetry,SYN_000858,85.80000000000001,MAX_Q,6.2042,240.042,96.042,336.084,2.4993440369838194
synthetic_telemetry,SYN_000859,85.9,MAX_Q,6.2041,240.041,96.041,336.082,2.4993596484834604
synthetic_telemetry,SYN_000860,86.0,MAX_Q,6.204,240.04,96.03999999999999,336.08,2.499375260308205
synthetic_telemetry,SYN_000861,86.10000000000001,MAX_Q,6.2039,240.039,96.039,336.078,2.4993908724580636
synthetic_telemetry,SYN_000862,86.2,MAX_Q,6.2038,240.038,96.038,336.076,2.4994064849330475
synthetic_telemetry,SYN_000863,86.30000000000001,MAX_Q,6.2037,240.037,96.03699999999999,336.074,2.4994220977331656
synthetic_telemetry,SYN_000864,86.4,MAX_Q,6.2036,240.036,96.036,336.072,2.499437710858428
synthetic_telemetry,SYN_000865,86.5,MAX_Q,6.2035,240.035,96.035,336.07,2.499453324308846
synthetic_telemetry,SYN_000866,86.60000000000001,MAX_Q,6.2034,240.034,96.03399999999999,336.068,2.4994689380844286
synthetic_telemetry,SYN_000867,86.7,MAX_Q,6.2033000000000005,240.033,96.033,336.066,2.4994845521851863
synthetic_telemetry,SYN_000868,86.80000000000001,MAX_Q,6.2032,240.032,96.032,336.064,2.4995001666111296
synthetic_telemetry,SYN_000869,86.9,MAX_Q,6.2031,240.031,96.03099999999999,336.062,2.499515781362269
synthetic_telemetry,SYN_000870,87.0,MAX_Q,6.203,240.03,96.03,336.06,2.4995313964386128
synthetic_telemetry,SYN_000871,87.10000000000001,MAX_Q,6.2029000000000005,240.029,96.029,336.058,2.4995470118401735
synthetic_telemetry,SYN_000872,87.2,MAX_Q,6.2028,240.028,96.02799999999999,336.056,2.49956262756696
synthetic_telemetry,SYN_000873,87.30000000000001,MAX_Q,6.2027,240.027,96.027,336.054,2.499578243618982
synthetic_telemetry,SYN_000874,87.4,MAX_Q,6.2026,240.026,96.026,336.052,2.499593859996251
synthetic_telemetry,SYN_000875,87.5,MAX_Q,6.2025,240.025,96.025,336.05,2.4996094766987764
synthetic_telemetry,SYN_000876,87.60000000000001,MAX_Q,6.2024,240.024,96.024,336.048,2.4996250937265683
synthetic_telemetry,SYN_000877,87.7,MAX_Q,6.2023,240.023,96.023,336.046,2.4996407110796373
synthetic_telemetry,SYN_000878,87.80000000000001,MAX_Q,6.2022,240.022,96.022,336.044,2.4996563287579927
synthetic_telemetry,SYN_000879,87.9,MAX_Q,6.2021,240.021,96.021,336.042,2.4996719467616457
synthetic_telemetry,SYN_000880,88.0,MAX_Q,6.202,240.02,96.02,336.04,2.4996875650906065
synthetic_telemetry,SYN_000881,88.10000000000001,MAX_Q,6.2019,240.019,96.019,336.038,2.4997031837448835
synthetic_telemetry,SYN_000882,88.2,MAX_Q,6.2018,240.018,96.018,336.036,2.499718802724489
synthetic_telemetry,SYN_000883,88.30000000000001,MAX_Q,6.2017,240.017,96.017,336.034,2.4997344220294324
synthetic_telemetry,SYN_000884,88.4,MAX_Q,6.2016,240.016,96.016,336.032,2.4997500416597234
synthetic_telemetry,SYN_000885,88.5,MAX_Q,6.2015,240.015,96.015,336.03,2.4997656616153723
synthetic_telemetry,SYN_000886,88.60000000000001,MAX_Q,6.2014000000000005,240.014,96.014,336.028,2.4997812818963903
synthetic_telemetry,SYN_000887,88.7,MAX_Q,6.2013,240.013,96.013,336.026,2.499796902502786
synthetic_telemetry,SYN_000888,88.80000000000001,MAX_Q,6.2012,240.012,96.012,336.024,2.4998125234345707
synthetic_telemetry,SYN_000889,88.9,MAX_Q,6.2011,240.011,96.011,336.022,2.499828144691754
synthetic_telemetry,SYN_000890,89.0,MAX_Q,6.2010000000000005,240.01,96.01,336.02,2.499843766274346
synthetic_telemetry,SYN_000891,89.10000000000001,MAX_Q,6.2009,240.009,96.009,336.018,2.4998593881823576
synthetic_telemetry,SYN_000892,89.2,MAX_Q,6.2008,240.008,96.008,336.016,2.4998750104157987
synthetic_telemetry,SYN_000893,89.30000000000001,MAX_Q,6.2007,240.007,96.007,336.014,2.499890632974679
synthetic_telemetry,SYN_000894,89.4,MAX_Q,6.2006000000000006,240.006,96.006,336.012,2.499906255859009
synthetic_telemetry,SYN_000895,89.5,MAX_Q,6.2005,240.005,96.005,336.01,2.4999218790687987
synthetic_telemetry,SYN_000896,89.60000000000001,MAX_Q,6.2004,240.004,96.004,336.008,2.499937502604058
synthetic_telemetry,SYN_000897,89.7,MAX_Q,6.2003,240.003,96.003,336.006,2.499953126464798
synthetic_telemetry,SYN_000898,89.80000000000001,MAX_Q,6.200200000000001,240.002,96.002,336.004,2.4999687506510284
synthetic_telemetry,SYN_000899,89.9,MAX_Q,6.2001,240.001,96.001,336.002,2.4999843751627586
synthetic_telemetry,SYN_000900,90.0,MAX_Q,6.2,240.0,96.0,336.0,2.5
synthetic_telemetry,SYN_000901,90.10000000000001,STAGE_1_FLIGHT,6.1998,239.99699999999999,95.999,335.996,2.4999947916124126
synthetic_telemetry,SYN_000902,90.2,STAGE_1_FLIGHT,6.1996,239.994,95.998,335.992,2.4999895831163146
synthetic_telemetry,SYN_000903,90.30000000000001,STAGE_1_FLIGHT,6.1994,239.99099999999999,95.997,335.988,2.4999843745117034
synthetic_telemetry,SYN_000904,90.4,STAGE_1_FLIGHT,6.1992,239.988,95.996,335.984,2.499979165798575
synthetic_telemetry,SYN_000905,90.5,STAGE_1_FLIGHT,6.199,239.985,95.995,335.98,2.499973956976926
synthetic_telemetry,SYN_000906,90.60000000000001,STAGE_1_FLIGHT,6.1988,239.982,95.994,335.976,2.499968748046753
synthetic_telemetry,SYN_000907,90.7,STAGE_1_FLIGHT,6.1986,239.97899999999998,95.993,335.972,2.4999635390080526
synthetic_telemetry,SYN_000908,90.80000000000001,STAGE_1_FLIGHT,6.1984,239.976,95.992,335.968,2.4999583298608217
synthetic_telemetry,SYN_000909,90.9,STAGE_1_FLIGHT,6.1982,239.97299999999998,95.991,335.964,2.4999531206050567
synthetic_telemetry,SYN_000910,91.0,STAGE_1_FLIGHT,6.198,239.97,95.99,335.96,2.4999479112407546
synthetic_telemetry,SYN_000911,91.10000000000001,STAGE_1_FLIGHT,6.1978,239.96699999999998,95.989,335.956,2.499942701767911
synthetic_telemetry,SYN_000912,91.2,STAGE_1_FLIGHT,6.1976,239.964,95.988,335.952,2.499937492186523
synthetic_telemetry,SYN_000913,91.30000000000001,STAGE_1_FLIGHT,6.1974,239.96099999999998,95.987,335.948,2.499932282496588
synthetic_telemetry,SYN_000914,91.4,STAGE_1_FLIGHT,6.1972000000000005,239.958,95.986,335.944,2.4999270726981018
synthetic_telemetry,SYN_000915,91.5,STAGE_1_FLIGHT,6.197,239.95499999999998,95.985,335.94,2.499921862791061
synthetic_telemetry,SYN_000916,91.60000000000001,STAGE_1_FLIGHT,6.1968000000000005,239.952,95.984,335.936,2.499916652775463
synthetic_telemetry,SYN_000917,91.7,STAGE_1_FLIGHT,6.1966,239.94899999999998,95.983,335.932,2.4999114426513027
synthetic_telemetry,SYN_000918,91.80000000000001,STAGE_1_FLIGHT,6.1964,239.946,95.982,335.928,2.4999062324185783
synthetic_telemetry,SYN_000919,91.9,STAGE_1_FLIGHT,6.1962,239.94299999999998,95.981,335.924,2.499901022077286
synthetic_telemetry,SYN_000920,92.0,STAGE_1_FLIGHT,6.196,239.94,95.98,335.92,2.499895811627422
synthetic_telemetry,SYN_000921,92.10000000000001,STAGE_1_FLIGHT,6.1958,239.93699999999998,95.979,335.916,2.4998906010689836
synthetic_telemetry,SYN_000922,92.2,STAGE_1_FLIGHT,6.1956,239.934,95.978,335.912,2.499885390401967
synthetic_telemetry,SYN_000923,92.30000000000001,STAGE_1_FLIGHT,6.1954,239.93099999999998,95.977,335.908,2.4998801796263685
synthetic_telemetry,SYN_000924,92.4,STAGE_1_FLIGHT,6.1952,239.928,95.976,335.904,2.4998749687421857
synthetic_telemetry,SYN_000925,92.5,STAGE_1_FLIGHT,6.195,239.925,95.975,335.9,2.4998697577494142
synthetic_telemetry,SYN_000926,92.60000000000001,STAGE_1_FLIGHT,6.1948,239.922,95.974,335.896,2.4998645466480505
synthetic_telemetry,SYN_000927,92.7,STAGE_1_FLIGHT,6.1946,239.91899999999998,95.973,335.892,2.499859335438092
synthetic_telemetry,SYN_000928,92.80000000000001,STAGE_1_FLIGHT,6.1944,239.916,95.97200000000001,335.88800000000003,2.4998541241195347
synthetic_telemetry,SYN_000929,92.9,STAGE_1_FLIGHT,6.1942,239.91299999999998,95.971,335.884,2.4998489126923755
synthetic_telemetry,SYN_000930,93.0,STAGE_1_FLIGHT,6.194,239.91,95.97,335.88,2.4998437011566113
synthetic_telemetry,SYN_000931,93.10000000000001,STAGE_1_FLIGHT,6.1938,239.90699999999998,95.96900000000001,335.876,2.499838489512238
synthetic_telemetry,SYN_000932,93.2,STAGE_1_FLIGHT,6.1936,239.904,95.968,335.872,2.499833277759253
synthetic_telemetry,SYN_000933,93.30000000000001,STAGE_1_FLIGHT,6.1934,239.90099999999998,95.967,335.868,2.499828065897652
synthetic_telemetry,SYN_000934,93.4,STAGE_1_FLIGHT,6.1932,239.898,95.96600000000001,335.86400000000003,2.4998228539274323
synthetic_telemetry,SYN_000935,93.5,STAGE_1_FLIGHT,6.193,239.89499999999998,95.965,335.86,2.4998176418485905
synthetic_telemetry,SYN_000936,93.60000000000001,STAGE_1_FLIGHT,6.1928,239.892,95.964,335.856,2.499812429661123
synthetic_telemetry,SYN_000937,93.7,STAGE_1_FLIGHT,6.1926,239.88899999999998,95.96300000000001,335.852,2.4998072173650256
synthetic_telemetry,SYN_000938,93.80000000000001,STAGE_1_FLIGHT,6.1924,239.886,95.962,335.848,2.4998020049602965
synthetic_telemetry,SYN_000939,93.9,STAGE_1_FLIGHT,6.1922,239.88299999999998,95.961,335.844,2.4997967924469315
synthetic_telemetry,SYN_000940,94.0,STAGE_1_FLIGHT,6.192,239.88,95.96000000000001,335.84000000000003,2.499791579824927
synthetic_telemetry,SYN_000941,94.10000000000001,STAGE_1_FLIGHT,6.1918,239.87699999999998,95.959,335.836,2.4997863670942797
synthetic_telemetry,SYN_000942,94.2,STAGE_1_FLIGHT,6.1916,239.874,95.958,335.832,2.4997811542549866
synthetic_telemetry,SYN_000943,94.30000000000001,STAGE_1_FLIGHT,6.1914,239.87099999999998,95.95700000000001,335.828,2.4997759413070435
synthetic_telemetry,SYN_000944,94.4,STAGE_1_FLIGHT,6.1912,239.868,95.956,335.824,2.4997707282504478
synthetic_telemetry,SYN_000945,94.5,STAGE_1_FLIGHT,6.191,239.865,95.955,335.82,2.4997655150851963
synthetic_telemetry,SYN_000946,94.60000000000001,STAGE_1_FLIGHT,6.1908,239.862,95.95400000000001,335.81600000000003,2.499760301811284
synthetic_telemetry,SYN_000947,94.7,STAGE_1_FLIGHT,6.1906,239.85899999999998,95.953,335.812,2.4997550884287096
synthetic_telemetry,SYN_000948,94.80000000000001,STAGE_1_FLIGHT,6.1904,239.856,95.952,335.808,2.4997498749374687
synthetic_telemetry,SYN_000949,94.9,STAGE_1_FLIGHT,6.1902,239.85299999999998,95.95100000000001,335.804,2.4997446613375573
synthetic_telemetry,SYN_000950,95.0,STAGE_1_FLIGHT,6.1899999999999995,239.85,95.95,335.8,2.4997394476289734
synthetic_telemetry,SYN_000951,95.10000000000001,STAGE_1_FLIGHT,6.1898,239.84699999999998,95.949,335.796,2.4997342338117123
synthetic_telemetry,SYN_000952,95.2,STAGE_1_FLIGHT,6.1895999999999995,239.844,95.94800000000001,335.79200000000003,2.499729019885771
synthetic_telemetry,SYN_000953,95.30000000000001,STAGE_1_FLIGHT,6.1894,239.84099999999998,95.947,335.788,2.4997238058511466
synthetic_telemetry,SYN_000954,95.4,STAGE_1_FLIGHT,6.1892,239.838,95.946,335.784,2.4997185917078357
synthetic_telemetry,SYN_000955,95.5,STAGE_1_FLIGHT,6.189,239.83499999999998,95.94500000000001,335.78,2.4997133774558336
synthetic_telemetry,SYN_000956,95.60000000000001,STAGE_1_FLIGHT,6.1888,239.832,95.944,335.776,2.4997081630951388
synthetic_telemetry,SYN_000957,95.7,STAGE_1_FLIGHT,6.1886,239.82899999999998,95.943,335.772,2.4997029486257465
synthetic_telemetry,SYN_000958,95.80000000000001,STAGE_1_FLIGHT,6.1884,239.826,95.94200000000001,335.76800000000003,2.4996977340476536
synthetic_telemetry,SYN_000959,95.9,STAGE_1_FLIGHT,6.1882,239.82299999999998,95.941,335.764,2.499692519360857
synthetic_telemetry,SYN_000960,96.0,STAGE_1_FLIGHT,6.188,239.82,95.94,335.76,2.499687304565353
synthetic_telemetry,SYN_000961,96.10000000000001,STAGE_1_FLIGHT,6.1878,239.81699999999998,95.93900000000001,335.756,2.4996820896611385
synthetic_telemetry,SYN_000962,96.2,STAGE_1_FLIGHT,6.1876,239.814,95.938,335.752,2.4996768746482103
synthetic_telemetry,SYN_000963,96.30000000000001,STAGE_1_FLIGHT,6.1874,239.81099999999998,95.937,335.748,2.4996716595265642
synthetic_telemetry,SYN_000964,96.4,STAGE_1_FLIGHT,6.1872,239.808,95.936,335.744,2.499666444296197
synthetic_telemetry,SYN_000965,96.5,STAGE_1_FLIGHT,6.187,239.805,95.935,335.74,2.4996612289571063
synthetic_telemetry,SYN_000966,96.60000000000001,STAGE_1_FLIGHT,6.1868,239.802,95.934,335.736,2.499656013509288
synthetic_telemetry,SYN_000967,96.7,STAGE_1_FLIGHT,6.186599999999999,239.79899999999998,95.933,335.73199999999997,2.4996507979527376
synthetic_telemetry,SYN_000968,96.80000000000001,STAGE_1_FLIGHT,6.1864,239.796,95.932,335.728,2.4996455822874535
synthetic_telemetry,SYN_000969,96.9,STAGE_1_FLIGHT,6.1861999999999995,239.79299999999998,95.931,335.724,2.4996403665134315
synthetic_telemetry,SYN_000970,97.0,STAGE_1_FLIGHT,6.186,239.79,95.93,335.72,2.499635150630668
synthetic_telemetry,SYN_000971,97.10000000000001,STAGE_1_FLIGHT,6.1857999999999995,239.78699999999998,95.929,335.716,2.49962993463916
synthetic_telemetry,SYN_000972,97.2,STAGE_1_FLIGHT,6.1856,239.784,95.928,335.712,2.4996247185389042
synthetic_telemetry,SYN_000973,97.30000000000001,STAGE_1_FLIGHT,6.1854,239.78099999999998,95.927,335.70799999999997,2.4996195023298964
synthetic_telemetry,SYN_000974,97.4,STAGE_1_FLIGHT,6.1852,239.778,95.926,335.704,2.499614286012134
synthetic_telemetry,SYN_000975,97.5,STAGE_1_FLIGHT,6.185,239.77499999999998,95.92500000000001,335.7,2.4996090695856132
synthetic_telemetry,SYN_000976,97.60000000000001,STAGE_1_FLIGHT,6.1848,239.772,95.924,335.696,2.4996038530503313
synthetic_telemetry,SYN_000977,97.7,STAGE_1_FLIGHT,6.1846,239.76899999999998,95.923,335.692,2.499598636406284
synthetic_telemetry,SYN_000978,97.80000000000001,STAGE_1_FLIGHT,6.1844,239.766,95.92200000000001,335.688,2.499593419653468
synthetic_telemetry,SYN_000979,97.9,STAGE_1_FLIGHT,6.1842,239.76299999999998,95.921,335.68399999999997,2.4995882027918803
synthetic_telemetry,SYN_000980,98.0,STAGE_1_FLIGHT,6.184,239.76,95.92,335.68,2.499582985821518
synthetic_telemetry,SYN_000981,98.10000000000001,STAGE_1_FLIGHT,6.1838,239.75699999999998,95.91900000000001,335.676,2.499577768742376
synthetic_telemetry,SYN_000982,98.2,STAGE_1_FLIGHT,6.1836,239.754,95.918,335.672,2.4995725515544525
synthetic_telemetry,SYN_000983,98.30000000000001,STAGE_1_FLIGHT,6.1834,239.75099999999998,95.917,335.668,2.4995673342577436
synthetic_telemetry,SYN_000984,98.4,STAGE_1_FLIGHT,6.183199999999999,239.748,95.91600000000001,335.664,2.4995621168522453
synthetic_telemetry,SYN_000985,98.5,STAGE_1_FLIGHT,6.183,239.745,95.915,335.66,2.4995568993379553
synthetic_telemetry,SYN_000986,98.60000000000001,STAGE_1_FLIGHT,6.182799999999999,239.742,95.914,335.656,2.4995516817148693
synthetic_telemetry,SYN_000987,98.7,STAGE_1_FLIGHT,6.1826,239.73899999999998,95.91300000000001,335.652,2.499546463982984
synthetic_telemetry,SYN_000988,98.80000000000001,STAGE_1_FLIGHT,6.1823999999999995,239.736,95.912,335.648,2.499541246142297
synthetic_telemetry,SYN_000989,98.9,STAGE_1_FLIGHT,6.1822,239.73299999999998,95.911,335.644,2.4995360281928036
synthetic_telemetry,SYN_000990,99.0,STAGE_1_FLIGHT,6.1819999999999995,239.73,95.91000000000001,335.64,2.499530810134501
synthetic_telemetry,SYN_000991,99.10000000000001,STAGE_1_FLIGHT,6.1818,239.72699999999998,95.909,335.63599999999997,2.4995255919673856
synthetic_telemetry,SYN_000992,99.2,STAGE_1_FLIGHT,6.1815999999999995,239.724,95.908,335.632,2.499520373691454
synthetic_telemetry,SYN_000993,99.30000000000001,STAGE_1_FLIGHT,6.1814,239.72099999999998,95.90700000000001,335.628,2.4995151553067028
synthetic_telemetry,SYN_000994,99.4,STAGE_1_FLIGHT,6.1812,239.718,95.906,335.624,2.499509936813129
synthetic_telemetry,SYN_000995,99.5,STAGE_1_FLIGHT,6.181,239.71499999999997,95.905,335.62,2.499504718210729
synthetic_telemetry,SYN_000996,99.60000000000001,STAGE_1_FLIGHT,6.1808,239.712,95.90400000000001,335.616,2.4994994994994992
synthetic_telemetry,SYN_000997,99.7,STAGE_1_FLIGHT,6.1806,239.70899999999997,95.903,335.61199999999997,2.499494280679436
synthetic_telemetry,SYN_000998,99.80000000000001,STAGE_1_FLIGHT,6.1804,239.706,95.902,335.608,2.4994890617505368
synthetic_telemetry,SYN_000999,99.9,STAGE_1_FLIGHT,6.1802,239.70299999999997,95.90100000000001,335.604,2.499483842712797
synthetic_telemetry,SYN_001000,100.0,STAGE_1_FLIGHT,6.18,239.7,95.9,335.6,2.4994786235662145
synthetic_telemetry,SYN_001001,100.10000000000001,STAGE_1_FLIGHT,6.1804,239.706,95.902,335.608,2.4994890617505368
synthetic_telemetry,SYN_001002,100.2,STAGE_1_FLIGHT,6.1808,239.712,95.90400000000001,335.616,2.4994994994994992
synthetic_telemetry,SYN_001003,100.30000000000001,STAGE_1_FLIGHT,6.1812,239.718,95.906,335.624,2.499509936813129
synthetic_telemetry,SYN_001004,100.4,STAGE_1_FLIGHT,6.1815999999999995,239.724,95.908,335.632,2.499520373691454
synthetic_telemetry,SYN_001005,100.5,STAGE_1_FLIGHT,6.1819999999999995,239.73,95.91000000000001,335.64,2.499530810134501
synthetic_telemetry,SYN_001006,100.60000000000001,STAGE_1_FLIGHT,6.1823999999999995,239.736,95.912,335.648,2.499541246142297
synthetic_telemetry,SYN_001007,100.7,STAGE_1_FLIGHT,6.182799999999999,239.742,95.914,335.656,2.4995516817148693
synthetic_telemetry,SYN_001008,100.80000000000001,STAGE_1_FLIGHT,6.183199999999999,239.748,95.91600000000001,335.664,2.4995621168522453
synthetic_telemetry,SYN_001009,100.9,STAGE_1_FLIGHT,6.183599999999999,239.754,95.918,335.672,2.4995725515544525
synthetic_telemetry,SYN_001010,101.0,STAGE_1_FLIGHT,6.183999999999999,239.76,95.92,335.68,2.499582985821518
synthetic_telemetry,SYN_001011,101.10000000000001,STAGE_1_FLIGHT,6.1844,239.766,95.92200000000001,335.688,2.499593419653468
synthetic_telemetry,SYN_001012,101.2,STAGE_1_FLIGHT,6.1848,239.772,95.924,335.696,2.4996038530503313
synthetic_telemetry,SYN_001013,101.30000000000001,STAGE_1_FLIGHT,6.1852,239.778,95.926,335.704,2.499614286012134
synthetic_telemetry,SYN_001014,101.4,STAGE_1_FLIGHT,6.1856,239.784,95.928,335.712,2.4996247185389042
synthetic_telemetry,SYN_001015,101.5,STAGE_1_FLIGHT,6.186,239.79,95.93,335.72,2.499635150630668
synthetic_telemetry,SYN_001016,101.60000000000001,STAGE_1_FLIGHT,6.1864,239.796,95.932,335.728,2.4996455822874535
synthetic_telemetry,SYN_001017,101.7,STAGE_1_FLIGHT,6.1868,239.802,95.934,335.736,2.499656013509288
synthetic_telemetry,SYN_001018,101.80000000000001,STAGE_1_FLIGHT,6.1872,239.808,95.936,335.744,2.499666444296197
synthetic_telemetry,SYN_001019,101.9,STAGE_1_FLIGHT,6.1876,239.814,95.938,335.752,2.4996768746482103
synthetic_telemetry,SYN_001020,102.0,STAGE_1_FLIGHT,6.188,239.82,95.94,335.76,2.499687304565353
synthetic_telemetry,SYN_001021,102.10000000000001,STAGE_1_FLIGHT,6.1884,239.826,95.94200000000001,335.76800000000003,2.4996977340476536
synthetic_telemetry,SYN_001022,102.2,STAGE_1_FLIGHT,6.1888,239.832,95.944,335.776,2.4997081630951388
synthetic_telemetry,SYN_001023,102.30000000000001,STAGE_1_FLIGHT,6.1892,239.838,95.946,335.784,2.4997185917078357
synthetic_telemetry,SYN_001024,102.4,STAGE_1_FLIGHT,6.1895999999999995,239.844,95.94800000000001,335.79200000000003,2.499729019885771
synthetic_telemetry,SYN_001025,102.5,STAGE_1_FLIGHT,6.1899999999999995,239.85,95.95,335.8,2.4997394476289734
synthetic_telemetry,SYN_001026,102.60000000000001,STAGE_1_FLIGHT,6.1903999999999995,239.856,95.952,335.808,2.4997498749374687
synthetic_telemetry,SYN_001027,102.7,STAGE_1_FLIGHT,6.190799999999999,239.862,95.95400000000001,335.81600000000003,2.499760301811284
synthetic_telemetry,SYN_001028,102.80000000000001,STAGE_1_FLIGHT,6.191199999999999,239.868,95.956,335.824,2.4997707282504478
synthetic_telemetry,SYN_001029,102.9,STAGE_1_FLIGHT,6.191599999999999,239.874,95.958,335.832,2.4997811542549866
synthetic_telemetry,SYN_001030,103.0,STAGE_1_FLIGHT,6.192,239.88,95.96000000000001,335.84000000000003,2.499791579824927
synthetic_telemetry,SYN_001031,103.10000000000001,STAGE_1_FLIGHT,6.1924,239.886,95.962,335.848,2.4998020049602965
synthetic_telemetry,SYN_001032,103.2,STAGE_1_FLIGHT,6.1928,239.892,95.964,335.856,2.499812429661123
synthetic_telemetry,SYN_001033,103.30000000000001,STAGE_1_FLIGHT,6.1932,239.898,95.96600000000001,335.86400000000003,2.4998228539274323
synthetic_telemetry,SYN_001034,103.4,STAGE_1_FLIGHT,6.1936,239.904,95.968,335.872,2.499833277759253
synthetic_telemetry,SYN_001035,103.5,STAGE_1_FLIGHT,6.194,239.91,95.97,335.88,2.4998437011566113
synthetic_telemetry,SYN_001036,103.60000000000001,STAGE_1_FLIGHT,6.1944,239.916,95.97200000000001,335.88800000000003,2.4998541241195347
synthetic_telemetry,SYN_001037,103.7,STAGE_1_FLIGHT,6.1948,239.922,95.974,335.896,2.4998645466480505
synthetic_telemetry,SYN_001038,103.80000000000001,STAGE_1_FLIGHT,6.1952,239.928,95.976,335.904,2.4998749687421857
synthetic_telemetry,SYN_001039,103.9,STAGE_1_FLIGHT,6.1956,239.934,95.978,335.912,2.499885390401967
synthetic_telemetry,SYN_001040,104.0,STAGE_1_FLIGHT,6.196,239.94,95.98,335.92,2.499895811627422
synthetic_telemetry,SYN_001041,104.10000000000001,STAGE_1_FLIGHT,6.1964,239.946,95.982,335.928,2.4999062324185783
synthetic_telemetry,SYN_001042,104.2,STAGE_1_FLIGHT,6.1968,239.952,95.984,335.936,2.499916652775463
synthetic_telemetry,SYN_001043,104.30000000000001,STAGE_1_FLIGHT,6.1972,239.958,95.986,335.944,2.4999270726981018
synthetic_telemetry,SYN_001044,104.4,STAGE_1_FLIGHT,6.1975999999999996,239.964,95.988,335.952,2.499937492186523
synthetic_telemetry,SYN_001045,104.5,STAGE_1_FLIGHT,6.1979999999999995,239.97,95.99,335.96,2.4999479112407546
synthetic_telemetry,SYN_001046,104.60000000000001,STAGE_1_FLIGHT,6.1983999999999995,239.976,95.992,335.968,2.4999583298608217
synthetic_telemetry,SYN_001047,104.7,STAGE_1_FLIGHT,6.198799999999999,239.982,95.994,335.976,2.499968748046753
synthetic_telemetry,SYN_001048,104.80000000000001,STAGE_1_FLIGHT,6.199199999999999,239.988,95.996,335.984,2.499979165798575
synthetic_telemetry,SYN_001049,104.9,STAGE_1_FLIGHT,6.199599999999999,239.994,95.998,335.992,2.4999895831163146
synthetic_telemetry,SYN_001050,105.0,STAGE_1_FLIGHT,6.199999999999999,240.0,96.0,336.0,2.5
synthetic_telemetry,SYN_001051,105.10000000000001,STAGE_1_FLIGHT,6.2004,240.006,96.002,336.008,2.5000104164496575
synthetic_telemetry,SYN_001052,105.2,STAGE_1_FLIGHT,6.2008,240.012,96.004,336.016,2.5000208324653137
synthetic_telemetry,SYN_001053,105.30000000000001,STAGE_1_FLIGHT,6.2012,240.018,96.006,336.024,2.500031248046997
synthetic_telemetry,SYN_001054,105.4,STAGE_1_FLIGHT,6.2016,240.024,96.008,336.032,2.5000416631947338
synthetic_telemetry,SYN_001055,105.5,STAGE_1_FLIGHT,6.202,240.03,96.01,336.04,2.500052077908551
synthetic_telemetry,SYN_001056,105.60000000000001,STAGE_1_FLIGHT,6.2024,240.036,96.012,336.048,2.5000624921884764
synthetic_telemetry,SYN_001057,105.7,STAGE_1_FLIGHT,6.2028,240.042,96.014,336.056,2.5000729060345366
synthetic_telemetry,SYN_001058,105.80000000000001,STAGE_1_FLIGHT,6.2032,240.048,96.016,336.064,2.500083319446759
synthetic_telemetry,SYN_001059,105.9,STAGE_1_FLIGHT,6.2036,240.054,96.018,336.072,2.5000937324251704
synthetic_telemetry,SYN_001060,106.0,STAGE_1_FLIGHT,6.204,240.06,96.02,336.08,2.5001041449697983
synthetic_telemetry,SYN_001061,106.10000000000001,STAGE_1_FLIGHT,6.2044,240.066,96.022,336.088,2.500114557080669
synthetic_telemetry,SYN_001062,106.2,STAGE_1_FLIGHT,6.2048,240.072,96.024,336.096,2.5001249687578104
synthetic_telemetry,SYN_001063,106.30000000000001,STAGE_1_FLIGHT,6.2052,240.078,96.026,336.104,2.50013538000125
synthetic_telemetry,SYN_001064,106.4,STAGE_1_FLIGHT,6.2056,240.084,96.02799999999999,336.11199999999997,2.500145790811014
synthetic_telemetry,SYN_001065,106.5,STAGE_1_FLIGHT,6.2059999999999995,240.09,96.03,336.12,2.5001562011871292
synthetic_telemetry,SYN_001066,106.60000000000001,STAGE_1_FLIGHT,6.2063999999999995,240.096,96.032,336.128,2.5001666111296235
synthetic_telemetry,SYN_001067,106.7,STAGE_1_FLIGHT,6.206799999999999,240.102,96.03399999999999,336.13599999999997,2.500177020638524
synthetic_telemetry,SYN_001068,106.80000000000001,STAGE_1_FLIGHT,6.207199999999999,240.108,96.036,336.144,2.5001874297138573
synthetic_telemetry,SYN_001069,106.9,STAGE_1_FLIGHT,6.207599999999999,240.114,96.038,336.152,2.500197838355651
synthetic_telemetry,SYN_001070,107.0,STAGE_1_FLIGHT,6.208,240.12,96.03999999999999,336.15999999999997,2.500208246563932
synthetic_telemetry,SYN_001071,107.10000000000001,STAGE_1_FLIGHT,6.2084,240.126,96.042,336.168,2.500218654338727
synthetic_telemetry,SYN_001072,107.2,STAGE_1_FLIGHT,6.2088,240.132,96.044,336.176,2.5002290616800633
synthetic_telemetry,SYN_001073,107.30000000000001,STAGE_1_FLIGHT,6.2092,240.138,96.04599999999999,336.18399999999997,2.5002394685879685
synthetic_telemetry,SYN_001074,107.4,STAGE_1_FLIGHT,6.2096,240.144,96.048,336.192,2.500249875062469
synthetic_telemetry,SYN_001075,107.5,STAGE_1_FLIGHT,6.21,240.15,96.05,336.2,2.500260281103592
synthetic_telemetry,SYN_001076,107.60000000000001,STAGE_1_FLIGHT,6.2104,240.156,96.05199999999999,336.20799999999997,2.500270686711365
synthetic_telemetry,SYN_001077,107.7,STAGE_1_FLIGHT,6.2108,240.162,96.054,336.216,2.5002810918858143
synthetic_telemetry,SYN_001078,107.80000000000001,STAGE_1_FLIGHT,6.2112,240.168,96.056,336.224,2.500291496626968
synthetic_telemetry,SYN_001079,107.9,STAGE_1_FLIGHT,6.2116,240.174,96.05799999999999,336.23199999999997,2.500301900934852
synthetic_telemetry,SYN_001080,108.0,STAGE_1_FLIGHT,6.212,240.18,96.06,336.24,2.500312304809494
synthetic_telemetry,SYN_001081,108.10000000000001,STAGE_1_FLIGHT,6.2124,240.186,96.062,336.248,2.5003227082509216
synthetic_telemetry,SYN_001082,108.2,STAGE_1_FLIGHT,6.2128,240.192,96.064,336.256,2.500333111259161
synthetic_telemetry,SYN_001083,108.30000000000001,STAGE_1_FLIGHT,6.2132,240.198,96.066,336.264,2.500343513834239
synthetic_telemetry,SYN_001084,108.4,STAGE_1_FLIGHT,6.2136,240.204,96.068,336.272,2.500353915976184
synthetic_telemetry,SYN_001085,108.5,STAGE_1_FLIGHT,6.2139999999999995,240.21,96.07,336.28,2.5003643176850217
synthetic_telemetry,SYN_001086,108.60000000000001,STAGE_1_FLIGHT,6.2143999999999995,240.216,96.072,336.288,2.5003747189607792
synthetic_telemetry,SYN_001087,108.7,STAGE_1_FLIGHT,6.214799999999999,240.222,96.074,336.296,2.500385119803485
synthetic_telemetry,SYN_001088,108.80000000000001,STAGE_1_FLIGHT,6.215199999999999,240.228,96.076,336.304,2.5003955202131647
synthetic_telemetry,SYN_001089,108.9,STAGE_1_FLIGHT,6.215599999999999,240.234,96.07799999999999,336.312,2.5004059201898463
synthetic_telemetry,SYN_001090,109.0,STAGE_1_FLIGHT,6.215999999999999,240.24,96.08,336.32,2.5004163197335556
synthetic_telemetry,SYN_001091,109.10000000000001,STAGE_1_FLIGHT,6.2164,240.246,96.082,336.328,2.5004267188443206
synthetic_telemetry,SYN_001092,109.2,STAGE_1_FLIGHT,6.2168,240.252,96.08399999999999,336.336,2.5004371175221687
synthetic_telemetry,SYN_001093,109.30000000000001,STAGE_1_FLIGHT,6.2172,240.258,96.086,336.344,2.5004475157671253
synthetic_telemetry,SYN_001094,109.4,STAGE_1_FLIGHT,6.2176,240.264,96.088,336.352,2.5004579135792193
synthetic_telemetry,SYN_001095,109.5,STAGE_1_FLIGHT,6.218,240.27,96.08999999999999,336.36,2.500468310958477
synthetic_telemetry,SYN_001096,109.60000000000001,STAGE_1_FLIGHT,6.2184,240.276,96.092,336.368,2.5004787079049247
synthetic_telemetry,SYN_001097,109.7,STAGE_1_FLIGHT,6.2188,240.282,96.094,336.376,2.50048910441859
synthetic_telemetry,SYN_001098,109.80000000000001,STAGE_1_FLIGHT,6.2192,240.288,96.09599999999999,336.384,2.500499500499501
synthetic_telemetry,SYN_001099,109.9,STAGE_1_FLIGHT,6.2196,240.294,96.098,336.392,2.500509896147683
synthetic_telemetry,SYN_001100,110.0,STAGE_1_FLIGHT,6.22,240.3,96.1,336.4,2.5005202913631637
synthetic_telemetry,SYN_001101,110.10000000000001,STAGE_1_FLIGHT,6.21985,240.297,96.09899999999999,336.39599999999996,2.500515093809509
synthetic_telemetry,SYN_001102,110.2,STAGE_1_FLIGHT,6.2197,240.294,96.098,336.392,2.500509896147683
synthetic_telemetry,SYN_001103,110.30000000000001,STAGE_1_FLIGHT,6.21955,240.291,96.097,336.388,2.500504698377681
synthetic_telemetry,SYN_001104,110.4,STAGE_1_FLIGHT,6.219399999999999,240.288,96.09599999999999,336.384,2.500499500499501
synthetic_telemetry,SYN_001105,110.5,STAGE_1_FLIGHT,6.21925,240.28500000000003,96.095,336.38,2.5004943025131383
synthetic_telemetry,SYN_001106,110.60000000000001,STAGE_1_FLIGHT,6.2191,240.282,96.094,336.376,2.50048910441859
synthetic_telemetry,SYN_001107,110.7,STAGE_1_FLIGHT,6.2189499999999995,240.279,96.09299999999999,336.37199999999996,2.5004839062158535
synthetic_telemetry,SYN_001108,110.80000000000001,STAGE_1_FLIGHT,6.2188,240.276,96.092,336.368,2.5004787079049247
synthetic_telemetry,SYN_001109,110.9,STAGE_1_FLIGHT,6.218649999999999,240.273,96.091,336.364,2.5004735094858
synthetic_telemetry,SYN_001110,111.0,STAGE_1_FLIGHT,6.2185,240.27,96.08999999999999,336.36,2.500468310958477
synthetic_telemetry,SYN_001111,111.10000000000001,STAGE_1_FLIGHT,6.21835,240.267,96.089,336.356,2.5004631123229504
synthetic_telemetry,SYN_001112,111.2,STAGE_1_FLIGHT,6.2181999999999995,240.264,96.088,336.352,2.5004579135792193
synthetic_telemetry,SYN_001113,111.30000000000001,STAGE_1_FLIGHT,6.21805,240.261,96.08699999999999,336.34799999999996,2.500452714727279
synthetic_telemetry,SYN_001114,111.4,STAGE_1_FLIGHT,6.2179,240.258,96.086,336.344,2.5004475157671253
synthetic_telemetry,SYN_001115,111.5,STAGE_1_FLIGHT,6.21775,240.255,96.085,336.34,2.5004423166987566
synthetic_telemetry,SYN_001116,111.60000000000001,STAGE_1_FLIGHT,6.2176,240.252,96.08399999999999,336.336,2.5004371175221687
synthetic_telemetry,SYN_001117,111.7,STAGE_1_FLIGHT,6.2174499999999995,240.249,96.083,336.332,2.500431918237357
synthetic_telemetry,SYN_001118,111.80000000000001,STAGE_1_FLIGHT,6.2173,240.246,96.082,336.328,2.5004267188443206
synthetic_telemetry,SYN_001119,111.9,STAGE_1_FLIGHT,6.21715,240.243,96.08099999999999,336.32399999999996,2.5004215193430546
synthetic_telemetry,SYN_001120,112.0,STAGE_1_FLIGHT,6.217,240.24,96.08,336.32,2.5004163197335556
synthetic_telemetry,SYN_001121,112.10000000000001,STAGE_1_FLIGHT,6.21685,240.237,96.079,336.316,2.5004111200158206
synthetic_telemetry,SYN_001122,112.2,STAGE_1_FLIGHT,6.2166999999999994,240.234,96.07799999999999,336.312,2.5004059201898463
synthetic_telemetry,SYN_001123,112.30000000000001,STAGE_1_FLIGHT,6.21655,240.231,96.077,336.308,2.5004007202556284
synthetic_telemetry,SYN_001124,112.4,STAGE_1_FLIGHT,6.2164,240.228,96.076,336.304,2.5003955202131647
synthetic_telemetry,SYN_001125,112.5,STAGE_1_FLIGHT,6.21625,240.22500000000002,96.07499999999999,336.3,2.5003903200624515
synthetic_telemetry,SYN_001126,112.60000000000001,STAGE_1_FLIGHT,6.2161,240.222,96.074,336.296,2.500385119803485
synthetic_telemetry,SYN_001127,112.7,STAGE_1_FLIGHT,6.215949999999999,240.219,96.073,336.292,2.500379919436262
synthetic_telemetry,SYN_001128,112.80000000000001,STAGE_1_FLIGHT,6.2158,240.216,96.072,336.288,2.5003747189607792
synthetic_telemetry,SYN_001129,112.9,STAGE_1_FLIGHT,6.21565,240.213,96.071,336.284,2.500369518377034
synthetic_telemetry,SYN_001130,113.0,STAGE_1_FLIGHT,6.2155,240.21,96.07,336.28,2.5003643176850217
synthetic_telemetry,SYN_001131,113.10000000000001,STAGE_1_FLIGHT,6.21535,240.207,96.069,336.276,2.5003591168847388
synthetic_telemetry,SYN_001132,113.2,STAGE_1_FLIGHT,6.2152,240.204,96.068,336.272,2.500353915976184
synthetic_telemetry,SYN_001133,113.30000000000001,STAGE_1_FLIGHT,6.21505,240.201,96.067,336.268,2.5003487149593515
synthetic_telemetry,SYN_001134,113.4,STAGE_1_FLIGHT,6.2149,240.198,96.066,336.264,2.500343513834239
synthetic_telemetry,SYN_001135,113.5,STAGE_1_FLIGHT,6.2147499999999996,240.195,96.065,336.26,2.500338312600843
synthetic_telemetry,SYN_001136,113.60000000000001,STAGE_1_FLIGHT,6.2146,240.192,96.064,336.256,2.500333111259161
synthetic_telemetry,SYN_001137,113.7,STAGE_1_FLIGHT,6.21445,240.189,96.063,336.252,2.5003279098091875
synthetic_telemetry,SYN_001138,113.80000000000001,STAGE_1_FLIGHT,6.2143,240.186,96.062,336.248,2.5003227082509216
synthetic_telemetry,SYN_001139,113.9,STAGE_1_FLIGHT,6.21415,240.183,96.06099999999999,336.24399999999997,2.500317506584358
synthetic_telemetry,SYN_001140,114.0,STAGE_1_FLIGHT,6.2139999999999995,240.18,96.06,336.24,2.500312304809494
synthetic_telemetry,SYN_001141,114.10000000000001,STAGE_1_FLIGHT,6.21385,240.177,96.059,336.236,2.5003071029263264
synthetic_telemetry,SYN_001142,114.2,STAGE_1_FLIGHT,6.2137,240.174,96.05799999999999,336.23199999999997,2.500301900934852
synthetic_telemetry,SYN_001143,114.30000000000001,STAGE_1_FLIGHT,6.21355,240.171,96.057,336.228,2.5002966988350663
synthetic_telemetry,SYN_001144,114.4,STAGE_1_FLIGHT,6.2134,240.168,96.056,336.224,2.500291496626968
synthetic_telemetry,SYN_001145,114.5,STAGE_1_FLIGHT,6.2132499999999995,240.16500000000002,96.05499999999999,336.22,2.5002862943105515
synthetic_telemetry,SYN_001146,114.60000000000001,STAGE_1_FLIGHT,6.2131,240.162,96.054,336.216,2.5002810918858143
synthetic_telemetry,SYN_001147,114.7,STAGE_1_FLIGHT,6.21295,240.159,96.053,336.212,2.500275889352753
synthetic_telemetry,SYN_001148,114.80000000000001,STAGE_1_FLIGHT,6.2128,240.156,96.05199999999999,336.20799999999997,2.500270686711365
synthetic_telemetry,SYN_001149,114.9,STAGE_1_FLIGHT,6.21265,240.153,96.051,336.204,2.500265483961645
synthetic_telemetry,SYN_001150,115.0,STAGE_1_FLIGHT,6.2125,240.15,96.05,336.2,2.500260281103592
synthetic_telemetry,SYN_001151,115.10000000000001,STAGE_1_FLIGHT,6.21235,240.147,96.04899999999999,336.19599999999997,2.500255078137201
synthetic_telemetry,SYN_001152,115.2,STAGE_1_FLIGHT,6.2122,240.144,96.048,336.192,2.500249875062469
synthetic_telemetry,SYN_001153,115.30000000000001,STAGE_1_FLIGHT,6.21205,240.141,96.047,336.188,2.5002446718793925
synthetic_telemetry,SYN_001154,115.4,STAGE_1_FLIGHT,6.2119,240.138,96.04599999999999,336.18399999999997,2.5002394685879685
synthetic_telemetry,SYN_001155,115.5,STAGE_1_FLIGHT,6.21175,240.135,96.045,336.18,2.500234265188193
synthetic_telemetry,SYN_001156,115.60000000000001,STAGE_1_FLIGHT,6.2116,240.132,96.044,336.176,2.5002290616800633
synthetic_telemetry,SYN_001157,115.7,STAGE_1_FLIGHT,6.21145,240.129,96.04299999999999,336.17199999999997,2.500223858063576
synthetic_telemetry,SYN_001158,115.80000000000001,STAGE_1_FLIGHT,6.2113,240.126,96.042,336.168,2.500218654338727
synthetic_telemetry,SYN_001159,115.9,STAGE_1_FLIGHT,6.21115,240.123,96.041,336.164,2.5002134505055134
synthetic_telemetry,SYN_001160,116.0,STAGE_1_FLIGHT,6.211,240.12,96.03999999999999,336.15999999999997,2.500208246563932
synthetic_telemetry,SYN_001161,116.10000000000001,STAGE_1_FLIGHT,6.21085,240.117,96.039,336.156,2.5002030425139785
synthetic_telemetry,SYN_001162,116.2,STAGE_1_FLIGHT,6.2107,240.114,96.038,336.152,2.500197838355651
synthetic_telemetry,SYN_001163,116.30000000000001,STAGE_1_FLIGHT,6.21055,240.111,96.03699999999999,336.14799999999997,2.500192634088945
synthetic_telemetry,SYN_001164,116.4,STAGE_1_FLIGHT,6.2104,240.108,96.036,336.144,2.5001874297138573
synthetic_telemetry,SYN_001165,116.5,STAGE_1_FLIGHT,6.21025,240.10500000000002,96.035,336.14,2.500182225230385
synthetic_telemetry,SYN_001166,116.60000000000001,STAGE_1_FLIGHT,6.2101,240.102,96.03399999999999,336.13599999999997,2.500177020638524
synthetic_telemetry,SYN_001167,116.7,STAGE_1_FLIGHT,6.20995,240.099,96.033,336.132,2.500171815938271
synthetic_telemetry,SYN_001168,116.80000000000001,STAGE_1_FLIGHT,6.2097999999999995,240.096,96.032,336.128,2.5001666111296235
synthetic_telemetry,SYN_001169,116.9,STAGE_1_FLIGHT,6.20965,240.093,96.03099999999999,336.12399999999997,2.500161406212577
synthetic_telemetry,SYN_001170,117.0,STAGE_1_FLIGHT,6.2095,240.09,96.03,336.12,2.5001562011871292
synthetic_telemetry,SYN_001171,117.10000000000001,STAGE_1_FLIGHT,6.20935,240.087,96.029,336.116,2.5001509960532755
synthetic_telemetry,SYN_001172,117.2,STAGE_1_FLIGHT,6.2092,240.084,96.02799999999999,336.11199999999997,2.500145790811014
synthetic_telemetry,SYN_001173,117.30000000000001,STAGE_1_FLIGHT,6.20905,240.081,96.027,336.108,2.5001405854603393
synthetic_telemetry,SYN_001174,117.4,STAGE_1_FLIGHT,6.2089,240.078,96.026,336.104,2.50013538000125
synthetic_telemetry,SYN_001175,117.5,STAGE_1_FLIGHT,6.20875,240.075,96.025,336.1,2.5001301744337407
synthetic_telemetry,SYN_001176,117.60000000000001,STAGE_1_FLIGHT,6.2086,240.072,96.024,336.096,2.5001249687578104
synthetic_telemetry,SYN_001177,117.7,STAGE_1_FLIGHT,6.20845,240.069,96.023,336.092,2.5001197629734544
synthetic_telemetry,SYN_001178,117.80000000000001,STAGE_1_FLIGHT,6.2083,240.066,96.022,336.088,2.500114557080669
synthetic_telemetry,SYN_001179,117.9,STAGE_1_FLIGHT,6.20815,240.063,96.021,336.084,2.5001093510794514
synthetic_telemetry,SYN_001180,118.0,STAGE_1_FLIGHT,6.208,240.06,96.02,336.08,2.5001041449697983
synthetic_telemetry,SYN_001181,118.10000000000001,STAGE_1_FLIGHT,6.20785,240.057,96.019,336.076,2.500098938751705
synthetic_telemetry,SYN_001182,118.2,STAGE_1_FLIGHT,6.2077,240.054,96.018,336.072,2.5000937324251704
synthetic_telemetry,SYN_001183,118.30000000000001,STAGE_1_FLIGHT,6.20755,240.051,96.017,336.068,2.500088525990189
synthetic_telemetry,SYN_001184,118.4,STAGE_1_FLIGHT,6.2074,240.048,96.016,336.064,2.500083319446759
synthetic_telemetry,SYN_001185,118.5,STAGE_1_FLIGHT,6.20725,240.04500000000002,96.015,336.06,2.500078112794876
synthetic_telemetry,SYN_001186,118.60000000000001,STAGE_1_FLIGHT,6.2071,240.042,96.014,336.056,2.5000729060345366
synthetic_telemetry,SYN_001187,118.7,STAGE_1_FLIGHT,6.20695,240.039,96.013,336.052,2.500067699165738
synthetic_telemetry,SYN_001188,118.80000000000001,STAGE_1_FLIGHT,6.2068,240.036,96.012,336.048,2.5000624921884764
synthetic_telemetry,SYN_001189,118.9,STAGE_1_FLIGHT,6.20665,240.033,96.011,336.044,2.5000572851027485
synthetic_telemetry,SYN_001190,119.0,STAGE_1_FLIGHT,6.2065,240.03,96.01,336.04,2.500052077908551
synthetic_telemetry,SYN_001191,119.10000000000001,STAGE_1_FLIGHT,6.20635,240.027,96.009,336.036,2.5000468706058805
synthetic_telemetry,SYN_001192,119.2,STAGE_1_FLIGHT,6.2062,240.024,96.008,336.032,2.5000416631947338
synthetic_telemetry,SYN_001193,119.30000000000001,STAGE_1_FLIGHT,6.20605,240.021,96.007,336.028,2.5000364556751067
synthetic_telemetry,SYN_001194,119.4,STAGE_1_FLIGHT,6.2059,240.018,96.006,336.024,2.500031248046997
synthetic_telemetry,SYN_001195,119.5,STAGE_1_FLIGHT,6.20575,240.015,96.005,336.02,2.5000260403104004
synthetic_telemetry,SYN_001196,119.60000000000001,STAGE_1_FLIGHT,6.2056000000000004,240.012,96.004,336.016,2.5000208324653137
synthetic_telemetry,SYN_001197,119.7,STAGE_1_FLIGHT,6.20545,240.009,96.003,336.012,2.5000156245117338
synthetic_telemetry,SYN_001198,119.80000000000001,STAGE_1_FLIGHT,6.2053,240.006,96.002,336.008,2.5000104164496575
synthetic_telemetry,SYN_001199,119.9,STAGE_1_FLIGHT,6.20515,240.003,96.001,336.004,2.50000520827908
synthetic_telemetry,SYN_001200,120.0,STAGE_1_FLIGHT,6.205,240.0,96.0,336.0,2.5
synthetic_telemetry,SYN_001201,120.10000000000001,STAGE_1_FLIGHT,6.20485,239.998,95.998,335.996,2.500031250651055
synthetic_telemetry,SYN_001202,120.2,STAGE_1_FLIGHT,6.2047,239.996,95.996,335.992,2.5000625026042753
synthetic_telemetry,SYN_001203,120.30000000000001,STAGE_1_FLIGHT,6.20455,239.994,95.994,335.988,2.500093755859741
synthetic_telemetry,SYN_001204,120.4,STAGE_1_FLIGHT,6.2044,239.992,95.992,335.984,2.5001250104175345
synthetic_telemetry,SYN_001205,120.5,STAGE_1_FLIGHT,6.20425,239.99,95.99,335.98,2.5001562662777377
synthetic_telemetry,SYN_001206,120.60000000000001,STAGE_1_FLIGHT,6.2041,239.988,95.988,335.976,2.50018752344043
synthetic_telemetry,SYN_001207,120.7,STAGE_1_FLIGHT,6.20395,239.986,95.986,335.972,2.5002187819056942
synthetic_telemetry,SYN_001208,120.80000000000001,STAGE_1_FLIGHT,6.2038,239.984,95.984,335.968,2.5002500416736124
synthetic_telemetry,SYN_001209,120.9,STAGE_1_FLIGHT,6.20365,239.982,95.982,335.964,2.5002813027442645
synthetic_telemetry,SYN_001210,121.0,STAGE_1_FLIGHT,6.2035,239.98,95.98,335.96,2.5003125651177327
synthetic_telemetry,SYN_001211,121.10000000000001,STAGE_1_FLIGHT,6.20335,239.978,95.978,335.956,2.5003438287940987
synthetic_telemetry,SYN_001212,121.2,STAGE_1_FLIGHT,6.2032,239.976,95.976,335.952,2.5003750937734432
synthetic_telemetry,SYN_001213,121.30000000000001,STAGE_1_FLIGHT,6.20305,239.974,95.974,335.948,2.500406360055848
synthetic_telemetry,SYN_001214,121.4,STAGE_1_FLIGHT,6.2029000000000005,239.972,95.972,335.944,2.5004376276413955
synthetic_telemetry,SYN_001215,121.5,STAGE_1_FLIGHT,6.20275,239.97,95.97,335.94,2.500468896530166
synthetic_telemetry,SYN_001216,121.60000000000001,STAGE_1_FLIGHT,6.2026,239.968,95.968,335.936,2.5005001667222406
synthetic_telemetry,SYN_001217,121.7,STAGE_1_FLIGHT,6.20245,239.966,95.966,335.932,2.500531438217702
synthetic_telemetry,SYN_001218,121.80000000000001,STAGE_1_FLIGHT,6.2023,239.964,95.964,335.928,2.5005627110166313
synthetic_telemetry,SYN_001219,121.9,STAGE_1_FLIGHT,6.2021500000000005,239.962,95.962,335.924,2.5005939851191092
synthetic_telemetry,SYN_001220,122.0,STAGE_1_FLIGHT,6.202,239.96,95.96,335.92,2.500625260525219
synthetic_telemetry,SYN_001221,122.10000000000001,STAGE_1_FLIGHT,6.20185,239.958,95.958,335.916,2.5006565372350402
synthetic_telemetry,SYN_001222,122.2,STAGE_1_FLIGHT,6.2017,239.956,95.956,335.912,2.5006878152486554
synthetic_telemetry,SYN_001223,122.30000000000001,STAGE_1_FLIGHT,6.20155,239.954,95.954,335.908,2.5007190945661466
synthetic_telemetry,SYN_001224,122.4,STAGE_1_FLIGHT,6.2014000000000005,239.952,95.952,335.904,2.500750375187594
synthetic_telemetry,SYN_001225,122.5,STAGE_1_FLIGHT,6.20125,239.95,95.95,335.9,2.5007816571130794
synthetic_telemetry,SYN_001226,122.60000000000001,STAGE_1_FLIGHT,6.2011,239.948,95.948,335.896,2.5008129403426858
synthetic_telemetry,SYN_001227,122.7,STAGE_1_FLIGHT,6.20095,239.946,95.946,335.892,2.5008442248764933
synthetic_telemetry,SYN_001228,122.80000000000001,STAGE_1_FLIGHT,6.2008,239.94400000000002,95.944,335.88800000000003,2.5008755107145837
synthetic_telemetry,SYN_001229,122.9,STAGE_1_FLIGHT,6.20065,239.942,95.942,335.884,2.5009067978570387
synthetic_telemetry,SYN_001230,123.0,STAGE_1_FLIGHT,6.2005,239.94,95.94,335.88,2.50093808630394
synthetic_telemetry,SYN_001231,123.10000000000001,STAGE_1_FLIGHT,6.20035,239.93800000000002,95.938,335.87600000000003,2.500969376055369
synthetic_telemetry,SYN_001232,123.2,STAGE_1_FLIGHT,6.200200000000001,239.936,95.93599999999999,335.872,2.501000667111408
synthetic_telemetry,SYN_001233,123.30000000000001,STAGE_1_FLIGHT,6.20005,239.934,95.934,335.868,2.501031959472137
synthetic_telemetry,SYN_001234,123.4,STAGE_1_FLIGHT,6.1999,239.93200000000002,95.932,335.86400000000003,2.501063253137639
synthetic_telemetry,SYN_001235,123.5,STAGE_1_FLIGHT,6.19975,239.93,95.92999999999999,335.86,2.5010945481079956
synthetic_telemetry,SYN_001236,123.60000000000001,STAGE_1_FLIGHT,6.1996,239.928,95.928,335.856,2.5011258443832873
synthetic_telemetry,SYN_001237,123.7,STAGE_1_FLIGHT,6.199450000000001,239.92600000000002,95.926,335.85200000000003,2.501157141963597
synthetic_telemetry,SYN_001238,123.80000000000001,STAGE_1_FLIGHT,6.1993,239.924,95.92399999999999,335.848,2.5011884408490057
synthetic_telemetry,SYN_001239,123.9,STAGE_1_FLIGHT,6.19915,239.922,95.922,335.844,2.501219741039595
synthetic_telemetry,SYN_001240,124.0,STAGE_1_FLIGHT,6.199,239.92000000000002,95.92,335.84000000000003,2.501251042535446
synthetic_telemetry,SYN_001241,124.10000000000001,STAGE_1_FLIGHT,6.19885,239.918,95.91799999999999,335.836,2.501282345336642
synthetic_telemetry,SYN_001242,124.2,STAGE_1_FLIGHT,6.1987000000000005,239.916,95.916,335.832,2.501313649443263
synthetic_telemetry,SYN_001243,124.30000000000001,STAGE_1_FLIGHT,6.19855,239.91400000000002,95.914,335.82800000000003,2.501344954855391
synthetic_telemetry,SYN_001244,124.4,STAGE_1_FLIGHT,6.1984,239.912,95.91199999999999,335.824,2.501376261573109
synthetic_telemetry,SYN_001245,124.5,STAGE_1_FLIGHT,6.19825,239.91,95.91,335.82,2.5014075695964966
synthetic_telemetry,SYN_001246,124.60000000000001,STAGE_1_FLIGHT,6.1981,239.90800000000002,95.908,335.81600000000003,2.501438878925637
synthetic_telemetry,SYN_001247,124.7,STAGE_1_FLIGHT,6.1979500000000005,239.906,95.90599999999999,335.812,2.5014701895606115
synthetic_telemetry,SYN_001248,124.80000000000001,STAGE_1_FLIGHT,6.1978,239.904,95.904,335.808,2.5015015015015014
synthetic_telemetry,SYN_001249,124.9,STAGE_1_FLIGHT,6.19765,239.90200000000002,95.902,335.80400000000003,2.5015328147483893
synthetic_telemetry,SYN_001250,125.0,STAGE_1_FLIGHT,6.1975,239.9,95.9,335.8,2.5015641293013555
synthetic_telemetry,SYN_001251,125.10000000000001,STAGE_1_FLIGHT,6.19735,239.898,95.898,335.796,2.501595445160483
synthetic_telemetry,SYN_001252,125.2,STAGE_1_FLIGHT,6.1972000000000005,239.89600000000002,95.896,335.79200000000003,2.501626762325853
synthetic_telemetry,SYN_001253,125.30000000000001,STAGE_1_FLIGHT,6.19705,239.894,95.89399999999999,335.788,2.5016580807975477
synthetic_telemetry,SYN_001254,125.4,STAGE_1_FLIGHT,6.1969,239.892,95.892,335.784,2.5016894005756476
synthetic_telemetry,SYN_001255,125.5,STAGE_1_FLIGHT,6.196750000000001,239.89000000000001,95.89,335.78000000000003,2.5017207216602357
synthetic_telemetry,SYN_001256,125.60000000000001,STAGE_1_FLIGHT,6.1966,239.888,95.888,335.776,2.5017520440513934
synthetic_telemetry,SYN_001257,125.7,STAGE_1_FLIGHT,6.1964500000000005,239.886,95.886,335.772,2.5017833677492023
synthetic_telemetry,SYN_001258,125.80000000000001,STAGE_1_FLIGHT,6.1963,239.88400000000001,95.884,335.76800000000003,2.501814692753744
synthetic_telemetry,SYN_001259,125.9,STAGE_1_FLIGHT,6.19615,239.882,95.882,335.764,2.5018460190651006
synthetic_telemetry,SYN_001260,126.0,STAGE_1_FLIGHT,6.196000000000001,239.88,95.88,335.76,2.5018773466833544
synthetic_telemetry,SYN_001261,126.10000000000001,STAGE_1_FLIGHT,6.19585,239.87800000000001,95.878,335.75600000000003,2.501908675608586
synthetic_telemetry,SYN_001262,126.2,STAGE_1_FLIGHT,6.1957,239.876,95.876,335.752,2.501940005840878
synthetic_telemetry,SYN_001263,126.30000000000001,STAGE_1_FLIGHT,6.19555,239.874,95.874,335.748,2.501971337380312
synthetic_telemetry,SYN_001264,126.4,STAGE_1_FLIGHT,6.1954,239.872,95.872,335.744,2.5020026702269695
synthetic_telemetry,SYN_001265,126.5,STAGE_1_FLIGHT,6.195250000000001,239.87,95.87,335.74,2.5020340043809326
synthetic_telemetry,SYN_001266,126.60000000000001,STAGE_1_FLIGHT,6.1951,239.868,95.868,335.736,2.502065339842283
synthetic_telemetry,SYN_001267,126.7,STAGE_1_FLIGHT,6.19495,239.866,95.866,335.732,2.502096676611103
synthetic_telemetry,SYN_001268,126.80000000000001,STAGE_1_FLIGHT,6.1948,239.864,95.864,335.728,2.502128014687474
synthetic_telemetry,SYN_001269,126.9,STAGE_1_FLIGHT,6.19465,239.862,95.862,335.724,2.5021593540714777
synthetic_telemetry,SYN_001270,127.0,STAGE_1_FLIGHT,6.194500000000001,239.86,95.86,335.72,2.5021906947631964
synthetic_telemetry,SYN_001271,127.10000000000001,STAGE_1_FLIGHT,6.19435,239.858,95.858,335.716,2.5022220367627113
synthetic_telemetry,SYN_001272,127.2,STAGE_1_FLIGHT,6.1942,239.856,95.856,335.712,2.5022533800701052
synthetic_telemetry,SYN_001273,127.30000000000001,STAGE_1_FLIGHT,6.194050000000001,239.854,95.854,335.708,2.502284724685459
synthetic_telemetry,SYN_001274,127.4,STAGE_1_FLIGHT,6.1939,239.852,95.852,335.704,2.502316070608855
synthetic_telemetry,SYN_001275,127.5,STAGE_1_FLIGHT,6.1937500000000005,239.85000000000002,95.85,335.70000000000005,2.502347417840376
synthetic_telemetry,SYN_001276,127.60000000000001,STAGE_1_FLIGHT,6.1936,239.848,95.848,335.696,2.502378766380102
synthetic_telemetry,SYN_001277,127.7,STAGE_1_FLIGHT,6.19345,239.846,95.846,335.692,2.502410116228116
synthetic_telemetry,SYN_001278,127.80000000000001,STAGE_1_FLIGHT,6.193300000000001,239.84400000000002,95.844,335.688,2.5024414673845
synthetic_telemetry,SYN_001279,127.9,STAGE_1_FLIGHT,6.19315,239.842,95.842,335.684,2.5024728198493356
synthetic_telemetry,SYN_001280,128.0,STAGE_1_FLIGHT,6.1930000000000005,239.84,95.84,335.68,2.5025041736227043
synthetic_telemetry,SYN_001281,128.1,STAGE_1_FLIGHT,6.19285,239.83800000000002,95.838,335.67600000000004,2.5025355287046898
synthetic_telemetry,SYN_001282,128.20000000000002,STAGE_1_FLIGHT,6.1927,239.836,95.836,335.672,2.5025668850953715
synthetic_telemetry,SYN_001283,128.3,STAGE_1_FLIGHT,6.192550000000001,239.834,95.834,335.668,2.5025982427948326
synthetic_telemetry,SYN_001284,128.4,STAGE_1_FLIGHT,6.1924,239.83200000000002,95.832,335.664,2.502629601803156
synthetic_telemetry,SYN_001285,128.5,STAGE_1_FLIGHT,6.1922500000000005,239.83,95.83,335.66,2.5026609621204217
synthetic_telemetry,SYN_001286,128.6,STAGE_1_FLIGHT,6.1921,239.828,95.828,335.656,2.5026923237467127
synthetic_telemetry,SYN_001287,128.70000000000002,STAGE_1_FLIGHT,6.19195,239.82600000000002,95.826,335.65200000000004,2.5027236866821116
synthetic_telemetry,SYN_001288,128.8,STAGE_1_FLIGHT,6.191800000000001,239.824,95.824,335.648,2.502755050926699
synthetic_telemetry,SYN_001289,128.9,STAGE_1_FLIGHT,6.19165,239.822,95.822,335.644,2.5027864164805576
synthetic_telemetry,SYN_001290,129.0,STAGE_1_FLIGHT,6.1915000000000004,239.82000000000002,95.82,335.64,2.50281778334377
synthetic_telemetry,SYN_001291,129.1,STAGE_1_FLIGHT,6.191350000000001,239.818,95.818,335.636,2.5028491515164166
synthetic_telemetry,SYN_001292,129.20000000000002,STAGE_1_FLIGHT,6.1912,239.816,95.816,335.632,2.5028805209985805
synthetic_telemetry,SYN_001293,129.3,STAGE_1_FLIGHT,6.191050000000001,239.81400000000002,95.814,335.62800000000004,2.5029118917903443
synthetic_telemetry,SYN_001294,129.4,STAGE_1_FLIGHT,6.1909,239.812,95.812,335.624,2.502943263891788
synthetic_telemetry,SYN_001295,129.5,STAGE_1_FLIGHT,6.19075,239.81,95.81,335.62,2.5029746373029953
synthetic_telemetry,SYN_001296,129.6,STAGE_1_FLIGHT,6.190600000000001,239.80800000000002,95.80799999999999,335.616,2.5030060120240485
synthetic_telemetry,SYN_001297,129.70000000000002,STAGE_1_FLIGHT,6.19045,239.806,95.806,335.612,2.503037388055028
synthetic_telemetry,SYN_001298,129.8,STAGE_1_FLIGHT,6.190300000000001,239.804,95.804,335.608,2.5030687653960166
synthetic_telemetry,SYN_001299,129.9,STAGE_1_FLIGHT,6.19015,239.80200000000002,95.80199999999999,335.60400000000004,2.5031001440470977
synthetic_telemetry,SYN_001300,130.0,STAGE_1_FLIGHT,6.19,239.8,95.8,335.6,2.5031315240083507
synthetic_telemetry,SYN_001301,130.1,STAGE_1_FLIGHT,6.190200000000001,239.804,95.804,335.608,2.5030687653960166
synthetic_telemetry,SYN_001302,130.20000000000002,STAGE_1_FLIGHT,6.1904,239.80800000000002,95.80799999999999,335.616,2.5030060120240485
synthetic_telemetry,SYN_001303,130.3,STAGE_1_FLIGHT,6.190600000000001,239.812,95.812,335.624,2.502943263891788
synthetic_telemetry,SYN_001304,130.4,STAGE_1_FLIGHT,6.1908,239.816,95.816,335.632,2.5028805209985805
synthetic_telemetry,SYN_001305,130.5,STAGE_1_FLIGHT,6.191000000000001,239.82000000000002,95.82,335.64,2.50281778334377
synthetic_telemetry,SYN_001306,130.6,STAGE_1_FLIGHT,6.1912,239.824,95.824,335.648,2.502755050926699
synthetic_telemetry,SYN_001307,130.70000000000002,STAGE_1_FLIGHT,6.191400000000001,239.828,95.828,335.656,2.5026923237467127
synthetic_telemetry,SYN_001308,130.8,STAGE_1_FLIGHT,6.1916,239.83200000000002,95.832,335.664,2.502629601803156
synthetic_telemetry,SYN_001309,130.9,STAGE_1_FLIGHT,6.191800000000001,239.836,95.836,335.672,2.5025668850953715
synthetic_telemetry,SYN_001310,131.0,STAGE_1_FLIGHT,6.192,239.84,95.84,335.68,2.5025041736227043
synthetic_telemetry,SYN_001311,131.1,STAGE_1_FLIGHT,6.192200000000001,239.84400000000002,95.844,335.688,2.5024414673845
synthetic_telemetry,SYN_001312,131.20000000000002,STAGE_1_FLIGHT,6.1924,239.848,95.848,335.696,2.502378766380102
synthetic_telemetry,SYN_001313,131.3,STAGE_1_FLIGHT,6.1926000000000005,239.852,95.852,335.704,2.502316070608855
synthetic_telemetry,SYN_001314,131.4,STAGE_1_FLIGHT,6.1928,239.856,95.856,335.712,2.5022533800701052
synthetic_telemetry,SYN_001315,131.5,STAGE_1_FLIGHT,6.1930000000000005,239.86,95.86,335.72,2.5021906947631964
synthetic_telemetry,SYN_001316,131.6,STAGE_1_FLIGHT,6.1932,239.864,95.864,335.728,2.502128014687474
synthetic_telemetry,SYN_001317,131.70000000000002,STAGE_1_FLIGHT,6.1934000000000005,239.868,95.868,335.736,2.502065339842283
synthetic_telemetry,SYN_001318,131.8,STAGE_1_FLIGHT,6.1936,239.872,95.872,335.744,2.5020026702269695
synthetic_telemetry,SYN_001319,131.9,STAGE_1_FLIGHT,6.1938,239.876,95.876,335.752,2.501940005840878
synthetic_telemetry,SYN_001320,132.0,STAGE_1_FLIGHT,6.194,239.88,95.88,335.76,2.5018773466833544
synthetic_telemetry,SYN_001321,132.1,STAGE_1_FLIGHT,6.1942,239.88400000000001,95.884,335.76800000000003,2.501814692753744
synthetic_telemetry,SYN_001322,132.20000000000002,STAGE_1_FLIGHT,6.1944,239.888,95.888,335.776,2.5017520440513934
synthetic_telemetry,SYN_001323,132.3,STAGE_1_FLIGHT,6.1946,239.892,95.892,335.784,2.5016894005756476
synthetic_telemetry,SYN_001324,132.4,STAGE_1_FLIGHT,6.1948,239.89600000000002,95.896,335.79200000000003,2.501626762325853
synthetic_telemetry,SYN_001325,132.5,STAGE_1_FLIGHT,6.195,239.9,95.9,335.8,2.5015641293013555
synthetic_telemetry,SYN_001326,132.6,STAGE_1_FLIGHT,6.195200000000001,239.904,95.904,335.808,2.5015015015015014
synthetic_telemetry,SYN_001327,132.70000000000002,STAGE_1_FLIGHT,6.1954,239.90800000000002,95.908,335.81600000000003,2.501438878925637
synthetic_telemetry,SYN_001328,132.8,STAGE_1_FLIGHT,6.195600000000001,239.912,95.912,335.824,2.5013762615731086
synthetic_telemetry,SYN_001329,132.9,STAGE_1_FLIGHT,6.1958,239.916,95.916,335.832,2.501313649443263
synthetic_telemetry,SYN_001330,133.0,STAGE_1_FLIGHT,6.196000000000001,239.92000000000002,95.92,335.84000000000003,2.501251042535446
synthetic_telemetry,SYN_001331,133.1,STAGE_1_FLIGHT,6.1962,239.924,95.92399999999999,335.848,2.5011884408490057
synthetic_telemetry,SYN_001332,133.20000000000002,STAGE_1_FLIGHT,6.196400000000001,239.928,95.928,335.856,2.5011258443832873
synthetic_telemetry,SYN_001333,133.3,STAGE_1_FLIGHT,6.1966,239.93200000000002,95.932,335.86400000000003,2.501063253137639
synthetic_telemetry,SYN_001334,133.4,STAGE_1_FLIGHT,6.1968000000000005,239.936,95.93599999999999,335.872,2.501000667111408
synthetic_telemetry,SYN_001335,133.5,STAGE_1_FLIGHT,6.197,239.94,95.94,335.88,2.50093808630394
synthetic_telemetry,SYN_001336,133.6,STAGE_1_FLIGHT,6.1972000000000005,239.94400000000002,95.944,335.88800000000003,2.5008755107145837
synthetic_telemetry,SYN_001337,133.70000000000002,STAGE_1_FLIGHT,6.1974,239.948,95.948,335.896,2.5008129403426858
synthetic_telemetry,SYN_001338,133.8,STAGE_1_FLIGHT,6.1976,239.952,95.952,335.904,2.500750375187594
synthetic_telemetry,SYN_001339,133.9,STAGE_1_FLIGHT,6.1978,239.956,95.956,335.912,2.5006878152486554
synthetic_telemetry,SYN_001340,134.0,STAGE_1_FLIGHT,6.198,239.96,95.96,335.92,2.500625260525219
synthetic_telemetry,SYN_001341,134.1,STAGE_1_FLIGHT,6.1982,239.964,95.964,335.928,2.5005627110166313
synthetic_telemetry,SYN_001342,134.20000000000002,STAGE_1_FLIGHT,6.1984,239.968,95.968,335.936,2.5005001667222406
synthetic_telemetry,SYN_001343,134.3,STAGE_1_FLIGHT,6.1986,239.972,95.972,335.944,2.5004376276413955
synthetic_telemetry,SYN_001344,134.4,STAGE_1_FLIGHT,6.1988,239.976,95.976,335.952,2.5003750937734432
synthetic_telemetry,SYN_001345,134.5,STAGE_1_FLIGHT,6.199,239.98,95.98,335.96,2.5003125651177327
synthetic_telemetry,SYN_001346,134.6,STAGE_1_FLIGHT,6.1992,239.984,95.984,335.968,2.5002500416736124
synthetic_telemetry,SYN_001347,134.70000000000002,STAGE_1_FLIGHT,6.1994,239.988,95.988,335.976,2.50018752344043
synthetic_telemetry,SYN_001348,134.8,STAGE_1_FLIGHT,6.1996,239.992,95.992,335.984,2.5001250104175345
synthetic_telemetry,SYN_001349,134.9,STAGE_1_FLIGHT,6.1998,239.996,95.996,335.992,2.5000625026042753
synthetic_telemetry,SYN_001350,135.0,STAGE_1_FLIGHT,6.2,240.0,96.0,336.0,2.5
synthetic_telemetry,SYN_001351,135.1,STAGE_1_FLIGHT,6.200200000000001,240.004,96.004,336.008,2.499937502604058
synthetic_telemetry,SYN_001352,135.20000000000002,STAGE_1_FLIGHT,6.2004,240.008,96.008,336.016,2.4998750104157987
synthetic_telemetry,SYN_001353,135.3,STAGE_1_FLIGHT,6.2006000000000006,240.012,96.012,336.024,2.4998125234345707
synthetic_telemetry,SYN_001354,135.4,STAGE_1_FLIGHT,6.2008,240.016,96.016,336.032,2.4997500416597234
synthetic_telemetry,SYN_001355,135.5,STAGE_1_FLIGHT,6.2010000000000005,240.02,96.02,336.04,2.4996875650906065
synthetic_telemetry,SYN_001356,135.6,STAGE_1_FLIGHT,6.2012,240.024,96.024,336.048,2.4996250937265683
synthetic_telemetry,SYN_001357,135.70000000000002,STAGE_1_FLIGHT,6.2014000000000005,240.028,96.028,336.056,2.4995626275669593
synthetic_telemetry,SYN_001358,135.8,STAGE_1_FLIGHT,6.2016,240.032,96.032,336.064,2.4995001666111296
synthetic_telemetry,SYN_001359,135.9,STAGE_1_FLIGHT,6.2018,240.036,96.036,336.072,2.499437710858428
synthetic_telemetry,SYN_001360,136.0,STAGE_1_FLIGHT,6.202,240.04,96.04,336.08,2.4993752603082044
synthetic_telemetry,SYN_001361,136.1,STAGE_1_FLIGHT,6.2022,240.044,96.044,336.088,2.4993128149598105
synthetic_telemetry,SYN_001362,136.20000000000002,STAGE_1_FLIGHT,6.2024,240.048,96.048,336.096,2.499250374812594
synthetic_telemetry,SYN_001363,136.3,STAGE_1_FLIGHT,6.2026,240.052,96.052,336.104,2.4991879398659056
synthetic_telemetry,SYN_001364,136.4,STAGE_1_FLIGHT,6.2028,240.05599999999998,96.056,336.11199999999997,2.499125510119097
synthetic_telemetry,SYN_001365,136.5,STAGE_1_FLIGHT,6.203,240.06,96.06,336.12,2.499063085571518
synthetic_telemetry,SYN_001366,136.6,STAGE_1_FLIGHT,6.2032,240.064,96.06400000000001,336.128,2.499000666222518
synthetic_telemetry,SYN_001367,136.70000000000002,STAGE_1_FLIGHT,6.2034,240.06799999999998,96.068,336.13599999999997,2.4989382520714494
synthetic_telemetry,SYN_001368,136.8,STAGE_1_FLIGHT,6.2036,240.072,96.072,336.144,2.498875843117662
synthetic_telemetry,SYN_001369,136.9,STAGE_1_FLIGHT,6.2038,240.076,96.07600000000001,336.152,2.498813439360506
synthetic_telemetry,SYN_001370,137.0,STAGE_1_FLIGHT,6.204,240.07999999999998,96.08,336.15999999999997,2.4987510407993336
synthetic_telemetry,SYN_001371,137.1,STAGE_1_FLIGHT,6.2042,240.084,96.084,336.168,2.4986886474334957
synthetic_telemetry,SYN_001372,137.20000000000002,STAGE_1_FLIGHT,6.2044,240.088,96.08800000000001,336.176,2.4986262592623425
synthetic_telemetry,SYN_001373,137.3,STAGE_1_FLIGHT,6.2046,240.09199999999998,96.092,336.18399999999997,2.4985638762852265
synthetic_telemetry,SYN_001374,137.4,STAGE_1_FLIGHT,6.2048,240.096,96.096,336.192,2.4985014985014984
synthetic_telemetry,SYN_001375,137.5,STAGE_1_FLIGHT,6.205,240.1,96.1,336.2,2.49843912591051
synthetic_telemetry,SYN_001376,137.6,STAGE_1_FLIGHT,6.2052000000000005,240.10399999999998,96.104,336.20799999999997,2.498376758511612
synthetic_telemetry,SYN_001377,137.70000000000002,STAGE_1_FLIGHT,6.2054,240.108,96.108,336.216,2.4983143963041576
synthetic_telemetry,SYN_001378,137.8,STAGE_1_FLIGHT,6.2056000000000004,240.112,96.11200000000001,336.224,2.4982520392874976
synthetic_telemetry,SYN_001379,137.9,STAGE_1_FLIGHT,6.2058,240.11599999999999,96.116,336.23199999999997,2.4981896874609846
synthetic_telemetry,SYN_001380,138.0,STAGE_1_FLIGHT,6.206,240.12,96.12,336.24,2.49812734082397
synthetic_telemetry,SYN_001381,138.1,STAGE_1_FLIGHT,6.2062,240.124,96.124,336.248,2.4980649993758064
synthetic_telemetry,SYN_001382,138.20000000000002,STAGE_1_FLIGHT,6.2064,240.128,96.128,336.256,2.4980026631158454
synthetic_telemetry,SYN_001383,138.3,STAGE_1_FLIGHT,6.2066,240.132,96.132,336.264,2.49794033204344
synthetic_telemetry,SYN_001384,138.4,STAGE_1_FLIGHT,6.2068,240.136,96.136,336.272,2.497878006157943
synthetic_telemetry,SYN_001385,138.5,STAGE_1_FLIGHT,6.207,240.14,96.14,336.28,2.497815685458706
synthetic_telemetry,SYN_001386,138.6,STAGE_1_FLIGHT,6.2072,240.144,96.144,336.288,2.4977533699450825
synthetic_telemetry,SYN_001387,138.70000000000002,STAGE_1_FLIGHT,6.2074,240.148,96.148,336.296,2.497691059616425
synthetic_telemetry,SYN_001388,138.8,STAGE_1_FLIGHT,6.2076,240.152,96.152,336.304,2.497628754472086
synthetic_telemetry,SYN_001389,138.9,STAGE_1_FLIGHT,6.2078,240.15599999999998,96.156,336.312,2.4975664545114187
synthetic_telemetry,SYN_001390,139.0,STAGE_1_FLIGHT,6.208,240.16,96.16,336.32,2.497504159733777
synthetic_telemetry,SYN_001391,139.1,STAGE_1_FLIGHT,6.2082,240.164,96.164,336.328,2.497441870138513
synthetic_telemetry,SYN_001392,139.20000000000002,STAGE_1_FLIGHT,6.2084,240.16799999999998,96.168,336.336,2.497379585724981
synthetic_telemetry,SYN_001393,139.3,STAGE_1_FLIGHT,6.2086,240.172,96.172,336.344,2.4973173064925343
synthetic_telemetry,SYN_001394,139.4,STAGE_1_FLIGHT,6.2088,240.176,96.176,336.352,2.4972550324405254
synthetic_telemetry,SYN_001395,139.5,STAGE_1_FLIGHT,6.209,240.17999999999998,96.18,336.36,2.497192763568309
synthetic_telemetry,SYN_001396,139.6,STAGE_1_FLIGHT,6.2092,240.184,96.184,336.368,2.4971304998752393
synthetic_telemetry,SYN_001397,139.70000000000002,STAGE_1_FLIGHT,6.2094,240.188,96.188,336.376,2.4970682413606684
synthetic_telemetry,SYN_001398,139.8,STAGE_1_FLIGHT,6.2096,240.19199999999998,96.19200000000001,336.384,2.4970059880239517
synthetic_telemetry,SYN_001399,139.9,STAGE_1_FLIGHT,6.2097999999999995,240.196,96.196,336.392,2.4969437398644434
synthetic_telemetry,SYN_001400,140.0,STAGE_1_FLIGHT,6.21,240.2,96.2,336.4,2.4968814968814965
synthetic_telemetry,SYN_001401,140.1,STAGE_1_FLIGHT,6.1479000000000035,237.79800000000012,95.23800000000006,333.0360000000002,2.4968814968814965
synthetic_telemetry,SYN_001402,140.20000000000002,STAGE_1_FLIGHT,6.085799999999989,235.3959999999996,94.27599999999984,329.67199999999946,2.496881496881497
synthetic_telemetry,SYN_001403,140.3,STAGE_1_FLIGHT,6.023699999999993,232.99399999999972,93.3139999999999,326.3079999999996,2.4968814968814965
synthetic_telemetry,SYN_001404,140.4,STAGE_1_FLIGHT,5.961599999999996,230.59199999999984,92.35199999999995,322.9439999999998,2.4968814968814965
synthetic_telemetry,SYN_001405,140.5,STAGE_1_FLIGHT,5.8995,228.19,91.39,319.58,2.496881496881497
synthetic_telemetry,SYN_001406,140.6,STAGE_1_FLIGHT,5.837400000000003,225.78800000000012,90.42800000000005,316.2160000000002,2.496881496881497
synthetic_telemetry,SYN_001407,140.70000000000002,STAGE_1_FLIGHT,5.775299999999989,223.38599999999957,89.46599999999984,312.8519999999994,2.4968814968814965
synthetic_telemetry,SYN_001408,140.8,STAGE_1_FLIGHT,5.7131999999999925,220.98399999999972,88.50399999999989,309.4879999999996,2.496881496881497
synthetic_telemetry,SYN_001409,140.9,STAGE_1_FLIGHT,5.651099999999996,218.58199999999985,87.54199999999994,306.1239999999998,2.496881496881497
synthetic_telemetry,SYN_001410,141.0,STAGE_1_FLIGHT,5.589,216.17999999999998,86.58,302.76,2.4968814968814965
synthetic_telemetry,SYN_001411,141.1,STAGE_1_FLIGHT,5.526900000000003,213.77800000000013,85.61800000000005,299.3960000000002,2.496881496881497
synthetic_telemetry,SYN_001412,141.20000000000002,STAGE_1_FLIGHT,5.46479999999999,211.37599999999958,84.65599999999984,296.0319999999994,2.496881496881497
synthetic_telemetry,SYN_001413,141.3,STAGE_1_FLIGHT,5.402699999999993,208.9739999999997,83.69399999999989,292.6679999999996,2.4968814968814965
synthetic_telemetry,SYN_001414,141.4,STAGE_1_FLIGHT,5.340599999999997,206.57199999999986,82.73199999999994,289.3039999999998,2.496881496881497
synthetic_telemetry,SYN_001415,141.5,STAGE_1_FLIGHT,5.2785,204.17,81.77,285.94,2.496881496881497
synthetic_telemetry,SYN_001416,141.6,STAGE_1_FLIGHT,5.216400000000004,201.76800000000014,80.80800000000005,282.5760000000002,2.496881496881497
synthetic_telemetry,SYN_001417,141.70000000000002,STAGE_1_FLIGHT,5.1542999999999894,199.3659999999996,79.84599999999983,279.2119999999994,2.496881496881497
synthetic_telemetry,SYN_001418,141.8,STAGE_1_FLIGHT,5.092199999999993,196.96399999999971,78.88399999999989,275.8479999999996,2.496881496881497
synthetic_telemetry,SYN_001419,141.9,STAGE_1_FLIGHT,5.0300999999999965,194.56199999999984,77.92199999999994,272.4839999999998,2.496881496881497
synthetic_telemetry,SYN_001420,142.0,STAGE_1_FLIGHT,4.968,192.16,76.96000000000001,269.12,2.4968814968814965
synthetic_telemetry,SYN_001421,142.1,STAGE_1_FLIGHT,4.9059000000000035,189.75800000000012,75.99800000000005,265.7560000000002,2.496881496881497
synthetic_telemetry,SYN_001422,142.20000000000002,STAGE_1_FLIGHT,4.843799999999989,187.3559999999996,75.03599999999983,262.3919999999994,2.496881496881497
synthetic_telemetry,SYN_001423,142.3,STAGE_1_FLIGHT,4.781699999999993,184.95399999999972,74.0739999999999,259.0279999999996,2.4968814968814965
synthetic_telemetry,SYN_001424,142.4,STAGE_1_FLIGHT,4.719599999999996,182.55199999999985,73.11199999999994,255.6639999999998,2.496881496881497
synthetic_telemetry,SYN_001425,142.5,STAGE_1_FLIGHT,4.6575,180.14999999999998,72.15,252.29999999999998,2.4968814968814965
synthetic_telemetry,SYN_001426,142.6,STAGE_1_FLIGHT,4.595400000000003,177.74800000000013,71.18800000000006,248.9360000000002,2.4968814968814965
synthetic_telemetry,SYN_001427,142.70000000000002,STAGE_1_FLIGHT,4.53329999999999,175.34599999999958,70.22599999999983,245.5719999999994,2.496881496881497
synthetic_telemetry,SYN_001428,142.8,STAGE_1_FLIGHT,4.4711999999999925,172.94399999999973,69.2639999999999,242.20799999999963,2.496881496881497
synthetic_telemetry,SYN_001429,142.9,STAGE_1_FLIGHT,4.409099999999997,170.54199999999986,68.30199999999995,238.84399999999982,2.4968814968814965
synthetic_telemetry,SYN_001430,143.0,STAGE_1_FLIGHT,4.3469999999999995,168.14,67.34,235.48,2.4968814968814965
synthetic_telemetry,SYN_001431,143.1,STAGE_1_FLIGHT,4.284900000000004,165.7380000000001,66.37800000000006,232.11600000000016,2.4968814968814965
synthetic_telemetry,SYN_001432,143.20000000000002,STAGE_1_FLIGHT,4.22279999999999,163.3359999999996,65.41599999999984,228.75199999999944,2.4968814968814965
synthetic_telemetry,SYN_001433,143.3,STAGE_1_FLIGHT,4.160699999999993,160.9339999999997,64.4539999999999,225.3879999999996,2.4968814968814965
synthetic_telemetry,SYN_001434,143.4,STAGE_1_FLIGHT,4.098599999999996,158.53199999999987,63.49199999999995,222.02399999999983,2.496881496881497
synthetic_telemetry,SYN_001435,143.5,STAGE_1_FLIGHT,4.0365,156.13,62.53,218.66,2.496881496881497
synthetic_telemetry,SYN_001436,143.6,STAGE_1_FLIGHT,3.9744000000000037,153.72800000000012,61.568000000000055,215.29600000000016,2.4968814968814965
synthetic_telemetry,SYN_001437,143.70000000000002,STAGE_1_FLIGHT,3.9122999999999895,151.32599999999957,60.60599999999984,211.9319999999994,2.4968814968814965
synthetic_telemetry,SYN_001438,143.8,STAGE_1_FLIGHT,3.850199999999993,148.92399999999972,59.64399999999989,208.5679999999996,2.496881496881497
synthetic_telemetry,SYN_001439,143.9,STAGE_1_FLIGHT,3.7880999999999965,146.52199999999985,58.681999999999945,205.20399999999978,2.4968814968814965
synthetic_telemetry,SYN_001440,144.0,STAGE_1_FLIGHT,3.726,144.12,57.72,201.84,2.496881496881497
synthetic_telemetry,SYN_001441,144.1,STAGE_1_FLIGHT,3.6639000000000035,141.71800000000013,56.75800000000005,198.47600000000017,2.496881496881497
synthetic_telemetry,SYN_001442,144.20000000000002,STAGE_1_FLIGHT,3.6017999999999892,139.31599999999958,55.795999999999836,195.1119999999994,2.4968814968814965
synthetic_telemetry,SYN_001443,144.3,STAGE_1_FLIGHT,3.5396999999999927,136.9139999999997,54.83399999999989,191.7479999999996,2.4968814968814965
synthetic_telemetry,SYN_001444,144.4,STAGE_1_FLIGHT,3.4775999999999962,134.51199999999986,53.87199999999994,188.3839999999998,2.496881496881497
synthetic_telemetry,SYN_001445,144.5,STAGE_1_FLIGHT,3.4154999999999998,132.10999999999999,52.91,185.01999999999998,2.496881496881497
synthetic_telemetry,SYN_001446,144.6,STAGE_1_FLIGHT,3.3534000000000037,129.70800000000014,51.94800000000005,181.65600000000018,2.496881496881497
synthetic_telemetry,SYN_001447,144.70000000000002,STAGE_1_FLIGHT,3.2912999999999895,127.30599999999959,50.985999999999834,178.2919999999994,2.496881496881497
synthetic_telemetry,SYN_001448,144.8,STAGE_1_FLIGHT,3.229199999999993,124.90399999999971,50.02399999999989,174.9279999999996,2.496881496881497
synthetic_telemetry,SYN_001449,144.9,STAGE_1_FLIGHT,3.1670999999999965,122.50199999999985,49.06199999999994,171.5639999999998,2.496881496881497
synthetic_telemetry,SYN_001450,145.0,STAGE_1_FLIGHT,3.105,120.1,48.099999999999994,168.2,2.496881496881497
synthetic_telemetry,SYN_001451,145.1,STAGE_1_FLIGHT,3.0429000000000035,117.69800000000012,47.138000000000055,164.83600000000018,2.4968814968814965
synthetic_telemetry,SYN_001452,145.20000000000002,STAGE_1_FLIGHT,2.9807999999999892,115.29599999999958,46.17599999999983,161.4719999999994,2.496881496881497
synthetic_telemetry,SYN_001453,145.3,STAGE_1_FLIGHT,2.9186999999999927,112.89399999999972,45.213999999999885,158.1079999999996,2.496881496881497
synthetic_telemetry,SYN_001454,145.4,STAGE_1_FLIGHT,2.8565999999999963,110.49199999999985,44.251999999999946,154.7439999999998,2.4968814968814965
synthetic_telemetry,SYN_001455,145.5,STAGE_1_FLIGHT,2.7945,108.09,43.29,151.38,2.496881496881497
synthetic_telemetry,SYN_001456,145.6,STAGE_1_FLIGHT,2.7324000000000037,105.68800000000013,42.32800000000005,148.0160000000002,2.496881496881497
synthetic_telemetry,SYN_001457,145.70000000000002,STAGE_1_FLIGHT,2.6702999999999895,103.28599999999958,41.365999999999836,144.65199999999942,2.4968814968814965
synthetic_telemetry,SYN_001458,145.8,STAGE_1_FLIGHT,2.608199999999993,100.88399999999973,40.40399999999989,141.2879999999996,2.496881496881497
synthetic_telemetry,SYN_001459,145.9,STAGE_1_FLIGHT,2.5460999999999965,98.48199999999986,39.44199999999994,137.9239999999998,2.496881496881497
synthetic_telemetry,SYN_001460,146.0,STAGE_1_FLIGHT,2.484,96.07999999999998,38.48,134.55999999999997,2.4968814968814965
synthetic_telemetry,SYN_001461,146.1,STAGE_1_FLIGHT,2.4219000000000035,93.67800000000014,37.51800000000005,131.1960000000002,2.4968814968814974
synthetic_telemetry,SYN_001462,146.20000000000002,STAGE_1_FLIGHT,2.3597999999999892,91.27599999999958,36.555999999999834,127.83199999999943,2.496881496881497
synthetic_telemetry,SYN_001463,146.3,STAGE_1_FLIGHT,2.2976999999999927,88.87399999999971,35.59399999999989,124.46799999999959,2.4968814968814965
synthetic_telemetry,SYN_001464,146.4,STAGE_1_FLIGHT,2.2355999999999963,86.47199999999987,34.63199999999994,121.10399999999981,2.4968814968814974
synthetic_telemetry,SYN_001465,146.5,STAGE_1_FLIGHT,2.1734999999999998,84.07,33.669999999999995,117.73999999999998,2.496881496881497
synthetic_telemetry,SYN_001466,146.6,STAGE_1_FLIGHT,2.1114000000000033,81.66800000000012,32.70800000000005,114.37600000000018,2.496881496881497
synthetic_telemetry,SYN_001467,146.70000000000002,STAGE_1_FLIGHT,2.049299999999989,79.2659999999996,31.74599999999984,111.01199999999943,2.496881496881497
synthetic_telemetry,SYN_001468,146.8,STAGE_1_FLIGHT,1.9871999999999925,76.86399999999972,30.783999999999892,107.64799999999961,2.4968814968814965
synthetic_telemetry,SYN_001469,146.9,STAGE_1_FLIGHT,1.925099999999996,74.46199999999985,29.821999999999946,104.28399999999979,2.496881496881496
synthetic_telemetry,SYN_001470,147.0,STAGE_1_FLIGHT,1.8630000000000004,72.06,28.86,100.92,2.496881496881497
synthetic_telemetry,SYN_001471,147.1,STAGE_1_FLIGHT,1.800900000000004,69.65800000000013,27.898000000000053,97.55600000000018,2.496881496881497
synthetic_telemetry,SYN_001472,147.20000000000002,STAGE_1_FLIGHT,1.7387999999999897,67.25599999999957,26.935999999999837,94.19199999999941,2.496881496881496
synthetic_telemetry,SYN_001473,147.3,STAGE_1_FLIGHT,1.6766999999999932,64.85399999999973,25.97399999999989,90.82799999999962,2.496881496881497
synthetic_telemetry,SYN_001474,147.4,STAGE_1_FLIGHT,1.6145999999999967,62.451999999999856,25.011999999999944,87.4639999999998,2.496881496881497
synthetic_telemetry,SYN_001475,147.5,STAGE_1_FLIGHT,1.5525000000000002,60.04999999999998,24.049999999999997,84.09999999999998,2.4968814968814965
synthetic_telemetry,SYN_001476,147.6,STAGE_1_FLIGHT,1.4904000000000037,57.64800000000014,23.08800000000005,80.73600000000019,2.4968814968814974
synthetic_telemetry,SYN_001477,147.70000000000002,STAGE_1_FLIGHT,1.4282999999999895,55.24599999999958,22.125999999999834,77.37199999999942,2.4968814968814965
synthetic_telemetry,SYN_001478,147.8,STAGE_1_FLIGHT,1.366199999999993,52.84399999999971,21.163999999999888,74.0079999999996,2.4968814968814965
synthetic_telemetry,SYN_001479,147.9,STAGE_1_FLIGHT,1.3040999999999965,50.441999999999865,20.20199999999994,70.6439999999998,2.4968814968814974
synthetic_telemetry,SYN_001480,148.0,STAGE_1_FLIGHT,1.242,48.03999999999999,19.239999999999995,67.27999999999999,2.496881496881497
synthetic_telemetry,SYN_001481,148.1,STAGE_1_FLIGHT,1.1799000000000035,45.63800000000012,18.27800000000005,63.91600000000017,2.496881496881497
synthetic_telemetry,SYN_001482,148.20000000000002,STAGE_1_FLIGHT,1.1177999999999892,43.23599999999959,17.315999999999832,60.551999999999424,2.4968814968814974
synthetic_telemetry,SYN_001483,148.3,STAGE_1_FLIGHT,1.0556999999999928,40.83399999999972,16.353999999999886,57.187999999999604,2.496881496881497
synthetic_telemetry,SYN_001484,148.4,STAGE_1_FLIGHT,0.9935999999999963,38.431999999999846,15.391999999999939,53.823999999999785,2.496881496881497
synthetic_telemetry,SYN_001485,148.5,STAGE_1_FLIGHT,0.9314999999999998,36.03,14.429999999999993,50.459999999999994,2.4968814968814983
synthetic_telemetry,SYN_001486,148.6,STAGE_1_FLIGHT,0.8694000000000033,33.62800000000013,13.468000000000046,47.096000000000174,2.496881496881498
synthetic_telemetry,SYN_001487,148.70000000000002,STAGE_1_FLIGHT,0.807299999999989,31.225999999999573,12.50599999999983,43.7319999999994,2.4968814968814965
synthetic_telemetry,SYN_001488,148.8,STAGE_1_FLIGHT,0.7451999999999925,28.823999999999728,11.543999999999883,40.36799999999961,2.4968814968814987
synthetic_telemetry,SYN_001489,148.9,STAGE_1_FLIGHT,0.683099999999996,26.421999999999855,10.581999999999937,37.00399999999979,2.4968814968814983
synthetic_telemetry,SYN_001490,149.0,STAGE_1_FLIGHT,0.6209999999999996,24.019999999999982,9.61999999999999,33.63999999999997,2.4968814968814974
synthetic_telemetry,SYN_001491,149.1,STAGE_1_FLIGHT,0.558900000000004,21.618000000000137,8.658000000000044,30.27600000000018,2.4968814968815
synthetic_telemetry,SYN_001492,149.20000000000002,STAGE_1_FLIGHT,0.4967999999999897,19.215999999999582,7.695999999999827,26.91199999999941,2.4968814968814987
synthetic_telemetry,SYN_001493,149.3,STAGE_1_FLIGHT,0.4346999999999932,16.81399999999971,6.733999999999881,23.54799999999959,2.496881496881498
synthetic_telemetry,SYN_001494,149.4,STAGE_1_FLIGHT,0.3725999999999967,14.411999999999864,5.7719999999999345,20.1839999999998,2.496881496881502
synthetic_telemetry,SYN_001495,149.5,STAGE_1_FLIGHT,0.3105000000000002,12.009999999999991,4.809999999999988,16.81999999999998,2.4968814968815014
synthetic_telemetry,SYN_001496,149.6,STAGE_1_FLIGHT,0.24840000000000373,9.608000000000118,3.8480000000000416,13.45600000000016,2.4968814968815005
synthetic_telemetry,SYN_001497,149.70000000000002,STAGE_1_FLIGHT,0.18629999999998947,7.205999999999591,2.885999999999825,10.091999999999416,2.4968814968815063
synthetic_telemetry,SYN_001498,149.8,STAGE_1_FLIGHT,0.12419999999999298,4.803999999999718,1.9239999999998787,6.7279999999995965,2.4968814968815076
synthetic_telemetry,SYN_001499,149.9,STAGE_1_FLIGHT,0.06209999999999649,2.4019999999998447,0.9619999999999322,3.363999999999777,2.496881496881511
synthetic_telemetry,SYN_001501,150.1,STAGE_SEPARATION,0.046499999999997356,1.7999999999998977,0.7199999999999591,2.5199999999998566,2.5
synthetic_telemetry,SYN_001502,150.20000000000002,STAGE_SEPARATION,0.09300000000000794,3.600000000000307,1.4400000000001227,5.04000000000043,2.5
synthetic_telemetry,SYN_001503,150.3,STAGE_SEPARATION,0.1395000000000053,5.400000000000205,2.160000000000082,7.5600000000002865,2.5
synthetic_telemetry,SYN_001504,150.4,STAGE_SEPARATION,0.18600000000000266,7.200000000000102,2.880000000000041,10.080000000000144,2.4999999999999996
synthetic_telemetry,SYN_001505,150.5,STAGE_SEPARATION,0.2325,9.0,3.6,12.6,2.5
synthetic_telemetry,SYN_001506,150.6,STAGE_SEPARATION,0.27899999999999736,10.799999999999898,4.319999999999959,15.119999999999857,2.5
synthetic_telemetry,SYN_001507,150.70000000000002,STAGE_SEPARATION,0.32550000000000795,12.600000000000307,5.040000000000123,17.64000000000043,2.5
synthetic_telemetry,SYN_001508,150.8,STAGE_SEPARATION,0.3720000000000053,14.400000000000205,5.760000000000082,20.160000000000288,2.4999999999999996
synthetic_telemetry,SYN_001509,150.9,STAGE_SEPARATION,0.41850000000000265,16.200000000000102,6.480000000000041,22.680000000000142,2.5
synthetic_telemetry,SYN_001510,151.0,STAGE_SEPARATION,0.465,18.0,7.2,25.2,2.5
synthetic_telemetry,SYN_001511,151.1,STAGE_SEPARATION,0.5114999999999974,19.799999999999898,7.919999999999959,27.719999999999857,2.5
synthetic_telemetry,SYN_001512,151.20000000000002,STAGE_SEPARATION,0.5580000000000079,21.600000000000307,8.640000000000123,30.24000000000043,2.5
synthetic_telemetry,SYN_001513,151.3,STAGE_SEPARATION,0.6045000000000054,23.400000000000205,9.360000000000083,32.76000000000029,2.4999999999999996
synthetic_telemetry,SYN_001514,151.4,STAGE_SEPARATION,0.6510000000000027,25.200000000000102,10.080000000000041,35.28000000000014,2.5
synthetic_telemetry,SYN_001515,151.5,STAGE_SEPARATION,0.6975,27.0,10.8,37.8,2.5
synthetic_telemetry,SYN_001516,151.6,STAGE_SEPARATION,0.7439999999999974,28.799999999999898,11.519999999999959,40.31999999999986,2.5
synthetic_telemetry,SYN_001517,151.70000000000002,STAGE_SEPARATION,0.790500000000008,30.600000000000307,12.240000000000123,42.84000000000043,2.5
synthetic_telemetry,SYN_001518,151.8,STAGE_SEPARATION,0.8370000000000053,32.400000000000205,12.960000000000083,45.360000000000284,2.5
synthetic_telemetry,SYN_001519,151.9,STAGE_SEPARATION,0.8835000000000027,34.2000000000001,13.68000000000004,47.880000000000145,2.5
synthetic_telemetry,SYN_001520,152.0,STAGE_SEPARATION,0.93,36.0,14.4,50.4,2.5
synthetic_telemetry,SYN_001521,152.1,STAGE_SEPARATION,0.9764999999999974,37.7999999999999,15.11999999999996,52.91999999999986,2.5
synthetic_telemetry,SYN_001522,152.20000000000002,STAGE_SEPARATION,1.023000000000008,39.60000000000031,15.840000000000122,55.44000000000043,2.5
synthetic_telemetry,SYN_001523,152.3,STAGE_SEPARATION,1.0695000000000054,41.400000000000205,16.560000000000084,57.96000000000029,2.4999999999999996
synthetic_telemetry,SYN_001524,152.4,STAGE_SEPARATION,1.1160000000000028,43.2000000000001,17.28000000000004,60.480000000000146,2.5
synthetic_telemetry,SYN_001525,152.5,STAGE_SEPARATION,1.1625,45.0,18.0,63.0,2.5
synthetic_telemetry,SYN_001526,152.6,STAGE_SEPARATION,1.2089999999999974,46.7999999999999,18.71999999999996,65.51999999999985,2.5
synthetic_telemetry,SYN_001527,152.70000000000002,STAGE_SEPARATION,1.255500000000008,48.60000000000031,19.440000000000122,68.04000000000043,2.5
synthetic_telemetry,SYN_001528,152.8,STAGE_SEPARATION,1.3020000000000054,50.400000000000205,20.160000000000082,70.56000000000029,2.5
synthetic_telemetry,SYN_001529,152.9,STAGE_SEPARATION,1.3485000000000027,52.2000000000001,20.88000000000004,73.08000000000014,2.5
synthetic_telemetry,SYN_001530,153.0,STAGE_SEPARATION,1.395,54.0,21.6,75.6,2.5
synthetic_telemetry,SYN_001531,153.1,STAGE_SEPARATION,1.4414999999999973,55.7999999999999,22.31999999999996,78.11999999999986,2.4999999999999996
synthetic_telemetry,SYN_001532,153.20000000000002,STAGE_SEPARATION,1.488000000000008,57.60000000000031,23.040000000000123,80.64000000000043,2.5
synthetic_telemetry,SYN_001533,153.3,STAGE_SEPARATION,1.5345000000000053,59.400000000000205,23.760000000000083,83.16000000000028,2.5
synthetic_telemetry,SYN_001534,153.4,STAGE_SEPARATION,1.5810000000000026,61.2000000000001,24.480000000000043,85.68000000000015,2.5
synthetic_telemetry,SYN_001535,153.5,STAGE_SEPARATION,1.6275000000000002,63.0,25.2,88.2,2.5
synthetic_telemetry,SYN_001536,153.60000000000002,STAGE_SEPARATION,1.6740000000000106,64.80000000000041,25.920000000000165,90.72000000000057,2.5
synthetic_telemetry,SYN_001537,153.70000000000002,STAGE_SEPARATION,1.720500000000008,66.6000000000003,26.640000000000125,93.24000000000044,2.5
synthetic_telemetry,SYN_001538,153.8,STAGE_SEPARATION,1.7670000000000055,68.4000000000002,27.36000000000008,95.76000000000029,2.5
synthetic_telemetry,SYN_001539,153.9,STAGE_SEPARATION,1.8135000000000028,70.2000000000001,28.08000000000004,98.28000000000014,2.5
synthetic_telemetry,SYN_001540,154.0,STAGE_SEPARATION,1.86,72.0,28.8,100.8,2.5
synthetic_telemetry,SYN_001541,154.10000000000002,STAGE_SEPARATION,1.9065000000000107,73.80000000000041,29.520000000000163,103.32000000000058,2.5
synthetic_telemetry,SYN_001542,154.20000000000002,STAGE_SEPARATION,1.953000000000008,75.6000000000003,30.240000000000123,105.84000000000043,2.5
synthetic_telemetry,SYN_001543,154.3,STAGE_SEPARATION,1.9995000000000054,77.4000000000002,30.960000000000083,108.36000000000028,2.5
synthetic_telemetry,SYN_001544,154.4,STAGE_SEPARATION,2.046000000000003,79.2000000000001,31.680000000000042,110.88000000000014,2.5
synthetic_telemetry,SYN_001545,154.5,STAGE_SEPARATION,2.0925000000000002,81.0,32.4,113.4,2.5
synthetic_telemetry,SYN_001546,154.60000000000002,STAGE_SEPARATION,2.139000000000011,82.80000000000041,33.12000000000017,115.92000000000058,2.4999999999999996
synthetic_telemetry,SYN_001547,154.70000000000002,STAGE_SEPARATION,2.185500000000008,84.6000000000003,33.840000000000124,118.44000000000042,2.5
synthetic_telemetry,SYN_001548,154.8,STAGE_SEPARATION,2.2320000000000055,86.4000000000002,34.56000000000008,120.96000000000029,2.5
synthetic_telemetry,SYN_001549,154.9,STAGE_SEPARATION,2.278500000000003,88.2000000000001,35.280000000000044,123.48000000000015,2.5
synthetic_telemetry,SYN_001550,155.0,STAGE_SEPARATION,2.325,90.0,36.0,126.0,2.5
synthetic_telemetry,SYN_001551,155.10000000000002,STAGE_SEPARATION,2.371500000000011,91.80000000000041,36.72000000000016,128.52000000000058,2.5
synthetic_telemetry,SYN_001552,155.20000000000002,STAGE_SEPARATION,2.418000000000008,93.6000000000003,37.440000000000126,131.04000000000042,2.5
synthetic_telemetry,SYN_001553,155.3,STAGE_SEPARATION,2.4645000000000055,95.4000000000002,38.16000000000008,133.5600000000003,2.5
synthetic_telemetry,SYN_001554,155.4,STAGE_SEPARATION,2.511000000000003,97.2000000000001,38.880000000000045,136.08000000000015,2.4999999999999996
synthetic_telemetry,SYN_001555,155.5,STAGE_SEPARATION,2.5575,99.0,39.6,138.6,2.5
synthetic_telemetry,SYN_001556,155.60000000000002,STAGE_SEPARATION,2.6040000000000108,100.80000000000041,40.320000000000164,141.12000000000057,2.5
synthetic_telemetry,SYN_001557,155.70000000000002,STAGE_SEPARATION,2.650500000000008,102.6000000000003,41.04000000000013,143.64000000000044,2.4999999999999996
synthetic_telemetry,SYN_001558,155.8,STAGE_SEPARATION,2.6970000000000054,104.4000000000002,41.76000000000008,146.16000000000028,2.5
synthetic_telemetry,SYN_001559,155.9,STAGE_SEPARATION,2.7435000000000027,106.2000000000001,42.48000000000004,148.68000000000015,2.5
synthetic_telemetry,SYN_001560,156.0,STAGE_SEPARATION,2.79,108.0,43.2,151.2,2.5
synthetic_telemetry,SYN_001561,156.10000000000002,STAGE_SEPARATION,2.8365000000000107,109.80000000000041,43.920000000000165,153.72000000000057,2.5
synthetic_telemetry,SYN_001562,156.20000000000002,STAGE_SEPARATION,2.883000000000008,111.6000000000003,44.64000000000012,156.24000000000044,2.5
synthetic_telemetry,SYN_001563,156.3,STAGE_SEPARATION,2.9295000000000053,113.4000000000002,45.360000000000085,158.76000000000028,2.5
synthetic_telemetry,SYN_001564,156.4,STAGE_SEPARATION,2.9760000000000026,115.2000000000001,46.08000000000004,161.28000000000014,2.5
synthetic_telemetry,SYN_001565,156.5,STAGE_SEPARATION,3.0225,117.0,46.800000000000004,163.8,2.4999999999999996
synthetic_telemetry,SYN_001566,156.60000000000002,STAGE_SEPARATION,3.0690000000000106,118.80000000000041,47.52000000000017,166.32000000000056,2.5
synthetic_telemetry,SYN_001567,156.70000000000002,STAGE_SEPARATION,3.115500000000008,120.6000000000003,48.24000000000012,168.84000000000043,2.5
synthetic_telemetry,SYN_001568,156.8,STAGE_SEPARATION,3.1620000000000053,122.4000000000002,48.960000000000086,171.3600000000003,2.5
synthetic_telemetry,SYN_001569,156.9,STAGE_SEPARATION,3.208500000000003,124.2000000000001,49.68000000000004,173.88000000000014,2.5
synthetic_telemetry,SYN_001570,157.0,STAGE_SEPARATION,3.2550000000000003,126.0,50.4,176.4,2.5
synthetic_telemetry,SYN_001571,157.10000000000002,STAGE_SEPARATION,3.3015000000000105,127.80000000000041,51.12000000000017,178.92000000000058,2.5
synthetic_telemetry,SYN_001572,157.20000000000002,STAGE_SEPARATION,3.3480000000000083,129.6000000000003,51.840000000000124,181.44000000000042,2.5
synthetic_telemetry,SYN_001573,157.3,STAGE_SEPARATION,3.3945000000000056,131.4000000000002,52.56000000000008,183.9600000000003,2.5
synthetic_telemetry,SYN_001574,157.4,STAGE_SEPARATION,3.441000000000003,133.2000000000001,53.280000000000044,186.48000000000013,2.5
synthetic_telemetry,SYN_001575,157.5,STAGE_SEPARATION,3.4875000000000003,135.0,54.0,189.0,2.5
synthetic_telemetry,SYN_001576,157.60000000000002,STAGE_SEPARATION,3.534000000000011,136.8000000000004,54.72000000000016,191.52000000000058,2.5
synthetic_telemetry,SYN_001577,157.70000000000002,STAGE_SEPARATION,3.5805000000000082,138.6000000000003,55.440000000000126,194.04000000000042,2.5
synthetic_telemetry,SYN_001578,157.8,STAGE_SEPARATION,3.6270000000000056,140.4000000000002,56.16000000000008,196.5600000000003,2.5
synthetic_telemetry,SYN_001579,157.9,STAGE_SEPARATION,3.673500000000003,142.2000000000001,56.880000000000045,199.08000000000015,2.5
synthetic_telemetry,SYN_001580,158.0,STAGE_SEPARATION,3.72,144.0,57.6,201.6,2.5
synthetic_telemetry,SYN_001581,158.10000000000002,STAGE_SEPARATION,3.766500000000011,145.8000000000004,58.320000000000164,204.12000000000057,2.5
synthetic_telemetry,SYN_001582,158.20000000000002,STAGE_SEPARATION,3.813000000000008,147.6000000000003,59.04000000000013,206.64000000000044,2.5
synthetic_telemetry,SYN_001583,158.3,STAGE_SEPARATION,3.8595000000000055,149.4000000000002,59.76000000000008,209.16000000000028,2.5
synthetic_telemetry,SYN_001584,158.4,STAGE_SEPARATION,3.906000000000003,151.2000000000001,60.48000000000004,211.68000000000015,2.5
synthetic_telemetry,SYN_001585,158.5,STAGE_SEPARATION,3.9525,153.0,61.2,214.2,2.5
synthetic_telemetry,SYN_001586,158.60000000000002,STAGE_SEPARATION,3.9990000000000108,154.8000000000004,61.920000000000165,216.72000000000057,2.5
synthetic_telemetry,SYN_001587,158.70000000000002,STAGE_SEPARATION,4.0455000000000085,156.6000000000003,62.64000000000012,219.24000000000044,2.5
synthetic_telemetry,SYN_001588,158.8,STAGE_SEPARATION,4.092000000000006,158.4000000000002,63.360000000000085,221.76000000000028,2.5
synthetic_telemetry,SYN_001589,158.9,STAGE_SEPARATION,4.138500000000003,160.2000000000001,64.08000000000004,224.28000000000014,2.5
synthetic_telemetry,SYN_001590,159.0,STAGE_SEPARATION,4.1850000000000005,162.0,64.8,226.8,2.5
synthetic_telemetry,SYN_001591,159.10000000000002,STAGE_SEPARATION,4.231500000000011,163.8000000000004,65.52000000000017,229.32000000000056,2.5
synthetic_telemetry,SYN_001592,159.20000000000002,STAGE_SEPARATION,4.2780000000000085,165.6000000000003,66.24000000000012,231.84000000000043,2.5
synthetic_telemetry,SYN_001593,159.3,STAGE_SEPARATION,4.324500000000006,167.4000000000002,66.96000000000008,234.3600000000003,2.5
synthetic_telemetry,SYN_001594,159.4,STAGE_SEPARATION,4.371000000000003,169.2000000000001,67.68000000000005,236.88000000000017,2.4999999999999996
synthetic_telemetry,SYN_001595,159.5,STAGE_SEPARATION,4.4175,171.0,68.4,239.4,2.5
synthetic_telemetry,SYN_001596,159.60000000000002,STAGE_SEPARATION,4.464000000000011,172.8000000000004,69.12000000000016,241.92000000000058,2.5
synthetic_telemetry,SYN_001597,159.70000000000002,STAGE_SEPARATION,4.510500000000008,174.6000000000003,69.84000000000013,244.44000000000045,2.4999999999999996
synthetic_telemetry,SYN_001598,159.8,STAGE_SEPARATION,4.557000000000006,176.4000000000002,70.56000000000009,246.9600000000003,2.5
synthetic_telemetry,SYN_001599,159.9,STAGE_SEPARATION,4.603500000000003,178.2000000000001,71.28000000000004,249.48000000000013,2.5
synthetic_telemetry,SYN_001600,160.0,STAGE_SEPARATION,4.65,180.0,72.0,252.0,2.5
synthetic_telemetry,SYN_001601,160.10000000000002,STAGE_2_FLIGHT,4.65,180.0,72.0,252.0,2.5
synthetic_telemetry,SYN_001602,160.20000000000002,STAGE_2_FLIGHT,4.65,180.0,72.0,252.0,2.5
synthetic_telemetry,SYN_001603,160.3,STAGE_2_FLIGHT,4.65,180.0,72.0,252.0,2.5
synthetic_telemetry,SYN_001604,160.4,STAGE_2_FLIGHT,4.65,180.0,72.0,252.0,2.5
synthetic_telemetry,SYN_001605,160.5,STAGE_2_FLIGHT,4.65,180.0,72.0,252.0,2.5
synthetic_telemetry,SYN_001606,160.60000000000002,STAGE_2_FLIGHT,4.65,180.0,72.0,252.0,2.5
synthetic_telemetry,SYN_001607,160.70000000000002,STAGE_2_FLIGHT,4.65,180.0,72.0,252.0,2.5
synthetic_telemetry,SYN_001608,160.8,STAGE_2_FLIGHT,4.65,180.0,72.0,252.0,2.5
synthetic_telemetry,SYN_001609,160.9,STAGE_2_FLIGHT,4.65,180.0,72.0,252.0,2.5
synthetic_telemetry,SYN_001610,161.0,STAGE_2_FLIGHT,4.65,180.0,72.0,252.0,2.5
synthetic_telemetry,SYN_001611,161.10000000000002,STAGE_2_FLIGHT,4.65,180.0,72.0,252.0,2.5
synthetic_telemetry,SYN_001612,161.20000000000002,STAGE_2_FLIGHT,4.65,180.0,72.0,252.0,2.5
synthetic_telemetry,SYN_001613,161.3,STAGE_2_FLIGHT,4.65,180.0,72.0,252.0,2.5
synthetic_telemetry,SYN_001614,161.4,STAGE_2_FLIGHT,4.65,180.0,72.0,252.0,2.5
synthetic_telemetry,SYN_001615,161.5,STAGE_2_FLIGHT,4.65,180.0,72.0,252.0,2.5
synthetic_telemetry,SYN_001616,161.60000000000002,STAGE_2_FLIGHT,4.65,180.0,72.0,252.0,2.5
synthetic_telemetry,SYN_001617,161.70000000000002,STAGE_2_FLIGHT,4.65,180.0,72.0,252.0,2.5
synthetic_telemetry,SYN_001618,161.8,STAGE_2_FLIGHT,4.65,180.0,72.0,252.0,2.5
synthetic_telemetry,SYN_001619,161.9,STAGE_2_FLIGHT,4.65,180.0,72.0,252.0,2.5
synthetic_telemetry,SYN_001620,162.0,STAGE_2_FLIGHT,4.65,180.0,72.0,252.0,2.5
synthetic_telemetry,SYN_001621,162.10000000000002,STAGE_2_FLIGHT,4.65,180.0,72.0,252.0,2.5
synthetic_telemetry,SYN_001622,162.20000000000002,STAGE_2_FLIGHT,4.65,180.0,72.0,252.0,2.5
synthetic_telemetry,SYN_001623,162.3,STAGE_2_FLIGHT,4.65,180.0,72.0,252.0,2.5
synthetic_telemetry,SYN_001624,162.4,STAGE_2_FLIGHT,4.65,180.0,72.0,252.0,2.5
synthetic_telemetry,SYN_001625,162.5,STAGE_2_FLIGHT,4.65,180.0,72.0,252.0,2.5
synthetic_telemetry,SYN_001626,162.60000000000002,STAGE_2_FLIGHT,4.65,180.0,72.0,252.0,2.5
synthetic_telemetry,SYN_001627,162.70000000000002,STAGE_2_FLIGHT,4.65,180.0,72.0,252.0,2.5
synthetic_telemetry,SYN_001628,162.8,STAGE_2_FLIGHT,4.65,180.0,72.0,252.0,2.5
synthetic_telemetry,SYN_001629,162.9,STAGE_2_FLIGHT,4.65,180.0,72.0,252.0,2.5
synthetic_telemetry,SYN_001630,163.0,STAGE_2_FLIGHT,4.65,180.0,72.0,252.0,2.5
synthetic_telemetry,SYN_001631,163.10000000000002,STAGE_2_FLIGHT,4.65,180.0,72.0,252.0,2.5
synthetic_telemetry,SYN_001632,163.20000000000002,STAGE_2_FLIGHT,4.65,180.0,72.0,252.0,2.5
synthetic_telemetry,SYN_001633,163.3,STAGE_2_FLIGHT,4.65,180.0,72.0,252.0,2.5
synthetic_telemetry,SYN_001634,163.4,STAGE_2_FLIGHT,4.65,180.0,72.0,252.0,2.5
synthetic_telemetry,SYN_001635,163.5,STAGE_2_FLIGHT,4.65,180.0,72.0,252.0,2.5
synthetic_telemetry,SYN_001636,163.60000000000002,STAGE_2_FLIGHT,4.65,180.0,72.0,252.0,2.5
synthetic_telemetry,SYN_001637,163.70000000000002,STAGE_2_FLIGHT,4.65,180.0,72.0,252.0,2.5
synthetic_telemetry,SYN_001638,163.8,STAGE_2_FLIGHT,4.65,180.0,72.0,252.0,2.5
synthetic_telemetry,SYN_001639,163.9,STAGE_2_FLIGHT,4.65,180.0,72.0,252.0,2.5
synthetic_telemetry,SYN_001640,164.0,STAGE_2_FLIGHT,4.65,180.0,72.0,252.0,2.5
synthetic_telemetry,SYN_001641,164.10000000000002,STAGE_2_FLIGHT,4.65,180.0,72.0,252.0,2.5
synthetic_telemetry,SYN_001642,164.20000000000002,STAGE_2_FLIGHT,4.65,180.0,72.0,252.0,2.5
synthetic_telemetry,SYN_001643,164.3,STAGE_2_FLIGHT,4.65,180.0,72.0,252.0,2.5
synthetic_telemetry,SYN_001644,164.4,STAGE_2_FLIGHT,4.65,180.0,72.0,252.0,2.5
synthetic_telemetry,SYN_001645,164.5,STAGE_2_FLIGHT,4.65,180.0,72.0,252.0,2.5
synthetic_telemetry,SYN_001646,164.60000000000002,STAGE_2_FLIGHT,4.65,180.0,72.0,252.0,2.5
synthetic_telemetry,SYN_001647,164.70000000000002,STAGE_2_FLIGHT,4.65,180.0,72.0,252.0,2.5
synthetic_telemetry,SYN_001648,164.8,STAGE_2_FLIGHT,4.65,180.0,72.0,252.0,2.5
synthetic_telemetry,SYN_001649,164.9,STAGE_2_FLIGHT,4.65,180.0,72.0,252.0,2.5
synthetic_telemetry,SYN_001650,165.0,STAGE_2_FLIGHT,4.65,180.0,72.0,252.0,2.5
synthetic_telemetry,SYN_001651,165.10000000000002,STAGE_2_FLIGHT,4.65,180.0,72.0,252.0,2.5
synthetic_telemetry,SYN_001652,165.20000000000002,STAGE_2_FLIGHT,4.65,180.0,72.0,252.0,2.5
synthetic_telemetry,SYN_001653,165.3,STAGE_2_FLIGHT,4.65,180.0,72.0,252.0,2.5
synthetic_telemetry,SYN_001654,165.4,STAGE_2_FLIGHT,4.65,180.0,72.0,252.0,2.5
synthetic_telemetry,SYN_001655,165.5,STAGE_2_FLIGHT,4.65,180.0,72.0,252.0,2.5
synthetic_telemetry,SYN_001656,165.60000000000002,STAGE_2_FLIGHT,4.65,180.0,72.0,252.0,2.5
synthetic_telemetry,SYN_001657,165.70000000000002,STAGE_2_FLIGHT,4.65,180.0,72.0,252.0,2.5
synthetic_telemetry,SYN_001658,165.8,STAGE_2_FLIGHT,4.65,180.0,72.0,252.0,2.5
synthetic_telemetry,SYN_001659,165.9,STAGE_2_FLIGHT,4.65,180.0,72.0,252.0,2.5
synthetic_telemetry,SYN_001660,166.0,STAGE_2_FLIGHT,4.65,180.0,72.0,252.0,2.5
synthetic_telemetry,SYN_001661,166.10000000000002,STAGE_2_FLIGHT,4.65,180.0,72.0,252.0,2.5
synthetic_telemetry,SYN_001662,166.20000000000002,STAGE_2_FLIGHT,4.65,180.0,72.0,252.0,2.5
synthetic_telemetry,SYN_001663,166.3,STAGE_2_FLIGHT,4.65,180.0,72.0,252.0,2.5
synthetic_telemetry,SYN_001664,166.4,STAGE_2_FLIGHT,4.65,180.0,72.0,252.0,2.5
synthetic_telemetry,SYN_001665,166.5,STAGE_2_FLIGHT,4.65,180.0,72.0,252.0,2.5
synthetic_telemetry,SYN_001666,166.60000000000002,STAGE_2_FLIGHT,4.65,180.0,72.0,252.0,2.5
synthetic_telemetry,SYN_001667,166.70000000000002,STAGE_2_FLIGHT,4.65,180.0,72.0,252.0,2.5
synthetic_telemetry,SYN_001668,166.8,STAGE_2_FLIGHT,4.65,180.0,72.0,252.0,2.5
synthetic_telemetry,SYN_001669,166.9,STAGE_2_FLIGHT,4.65,180.0,72.0,252.0,2.5
synthetic_telemetry,SYN_001670,167.0,STAGE_2_FLIGHT,4.65,180.0,72.0,252.0,2.5
synthetic_telemetry,SYN_001671,167.10000000000002,STAGE_2_FLIGHT,4.65,180.0,72.0,252.0,2.5
synthetic_telemetry,SYN_001672,167.20000000000002,STAGE_2_FLIGHT,4.65,180.0,72.0,252.0,2.5
synthetic_telemetry,SYN_001673,167.3,STAGE_2_FLIGHT,4.65,180.0,72.0,252.0,2.5
synthetic_telemetry,SYN_001674,167.4,STAGE_2_FLIGHT,4.65,180.0,72.0,252.0,2.5
synthetic_telemetry,SYN_001675,167.5,STAGE_2_FLIGHT,4.65,180.0,72.0,252.0,2.5
synthetic_telemetry,SYN_001676,167.60000000000002,STAGE_2_FLIGHT,4.65,180.0,72.0,252.0,2.5
synthetic_telemetry,SYN_001677,167.70000000000002,STAGE_2_FLIGHT,4.65,180.0,72.0,252.0,2.5
synthetic_telemetry,SYN_001678,167.8,STAGE_2_FLIGHT,4.65,180.0,72.0,252.0,2.5
synthetic_telemetry,SYN_001679,167.9,STAGE_2_FLIGHT,4.65,180.0,72.0,252.0,2.5
synthetic_telemetry,SYN_001680,168.0,STAGE_2_FLIGHT,4.65,180.0,72.0,252.0,2.5
synthetic_telemetry,SYN_001681,168.10000000000002,STAGE_2_FLIGHT,4.65,180.0,72.0,252.0,2.5
synthetic_telemetry,SYN_001682,168.20000000000002,STAGE_2_FLIGHT,4.65,180.0,72.0,252.0,2.5
synthetic_telemetry,SYN_001683,168.3,STAGE_2_FLIGHT,4.65,180.0,72.0,252.0,2.5
synthetic_telemetry,SYN_001684,168.4,STAGE_2_FLIGHT,4.65,180.0,72.0,252.0,2.5
synthetic_telemetry,SYN_001685,168.5,STAGE_2_FLIGHT,4.65,180.0,72.0,252.0,2.5
synthetic_telemetry,SYN_001686,168.60000000000002,STAGE_2_FLIGHT,4.65,180.0,72.0,252.0,2.5
synthetic_telemetry,SYN_001687,168.70000000000002,STAGE_2_FLIGHT,4.65,180.0,72.0,252.0,2.5
synthetic_telemetry,SYN_001688,168.8,STAGE_2_FLIGHT,4.65,180.0,72.0,252.0,2.5
synthetic_telemetry,SYN_001689,168.9,STAGE_2_FLIGHT,4.65,180.0,72.0,252.0,2.5
synthetic_telemetry,SYN_001690,169.0,STAGE_2_FLIGHT,4.65,180.0,72.0,252.0,2.5
synthetic_telemetry,SYN_001691,169.10000000000002,STAGE_2_FLIGHT,4.65,180.0,72.0,252.0,2.5
synthetic_telemetry,SYN_001692,169.20000000000002,STAGE_2_FLIGHT,4.65,180.0,72.0,252.0,2.5
synthetic_telemetry,SYN_001693,169.3,STAGE_2_FLIGHT,4.65,180.0,72.0,252.0,2.5
synthetic_telemetry,SYN_001694,169.4,STAGE_2_FLIGHT,4.65,180.0,72.0,252.0,2.5
synthetic_telemetry,SYN_001695,169.5,STAGE_2_FLIGHT,4.65,180.0,72.0,252.0,2.5
synthetic_telemetry,SYN_001696,169.60000000000002,STAGE_2_FLIGHT,4.65,180.0,72.0,252.0,2.5
synthetic_telemetry,SYN_001697,169.70000000000002,STAGE_2_FLIGHT,4.65,180.0,72.0,252.0,2.5
synthetic_telemetry,SYN_001698,169.8,STAGE_2_FLIGHT,4.65,180.0,72.0,252.0,2.5
synthetic_telemetry,SYN_001699,169.9,STAGE_2_FLIGHT,4.65,180.0,72.0,252.0,2.5
synthetic_telemetry,SYN_001700,170.0,STAGE_2_FLIGHT,4.65,180.0,72.0,252.0,2.5
synthetic_telemetry,SYN_001701,170.10000000000002,STAGE_2_FLIGHT,4.65,180.0,72.0,252.0,2.5
synthetic_telemetry,SYN_001702,170.20000000000002,STAGE_2_FLIGHT,4.65,180.0,72.0,252.0,2.5
synthetic_telemetry,SYN_001703,170.3,STAGE_2_FLIGHT,4.65,180.0,72.0,252.0,2.5
synthetic_telemetry,SYN_001704,170.4,STAGE_2_FLIGHT,4.65,180.0,72.0,252.0,2.5
synthetic_telemetry,SYN_001705,170.5,STAGE_2_FLIGHT,4.65,180.0,72.0,252.0,2.5
synthetic_telemetry,SYN_001706,170.60000000000002,STAGE_2_FLIGHT,4.65,180.0,72.0,252.0,2.5
synthetic_telemetry,SYN_001707,170.70000000000002,STAGE_2_FLIGHT,4.65,180.0,72.0,252.0,2.5
synthetic_telemetry,SYN_001708,170.8,STAGE_2_FLIGHT,4.65,180.0,72.0,252.0,2.5
synthetic_telemetry,SYN_001709,170.9,STAGE_2_FLIGHT,4.65,180.0,72.0,252.0,2.5
synthetic_telemetry,SYN_001710,171.0,STAGE_2_FLIGHT,4.65,180.0,72.0,252.0,2.5
synthetic_telemetry,SYN_001711,171.10000000000002,STAGE_2_FLIGHT,4.65,180.0,72.0,252.0,2.5
synthetic_telemetry,SYN_001712,171.20000000000002,STAGE_2_FLIGHT,4.65,180.0,72.0,252.0,2.5
synthetic_telemetry,SYN_001713,171.3,STAGE_2_FLIGHT,4.65,180.0,72.0,252.0,2.5
synthetic_telemetry,SYN_001714,171.4,STAGE_2_FLIGHT,4.65,180.0,72.0,252.0,2.5
synthetic_telemetry,SYN_001715,171.5,STAGE_2_FLIGHT,4.65,180.0,72.0,252.0,2.5
synthetic_telemetry,SYN_001716,171.60000000000002,STAGE_2_FLIGHT,4.65,180.0,72.0,252.0,2.5
synthetic_telemetry,SYN_001717,171.70000000000002,STAGE_2_FLIGHT,4.65,180.0,72.0,252.0,2.5
synthetic_telemetry,SYN_001718,171.8,STAGE_2_FLIGHT,4.65,180.0,72.0,252.0,2.5
synthetic_telemetry,SYN_001719,171.9,STAGE_2_FLIGHT,4.65,180.0,72.0,252.0,2.5
synthetic_telemetry,SYN_001720,172.0,STAGE_2_FLIGHT,4.65,180.0,72.0,252.0,2.5
synthetic_telemetry,SYN_001721,172.10000000000002,STAGE_2_FLIGHT,4.65,180.0,72.0,252.0,2.5
synthetic_telemetry,SYN_001722,172.20000000000002,STAGE_2_FLIGHT,4.65,180.0,72.0,252.0,2.5
synthetic_telemetry,SYN_001723,172.3,STAGE_2_FLIGHT,4.65,180.0,72.0,252.0,2.5
synthetic_telemetry,SYN_001724,172.4,STAGE_2_FLIGHT,4.65,180.0,72.0,252.0,2.5
synthetic_telemetry,SYN_001725,172.5,STAGE_2_FLIGHT,4.65,180.0,72.0,252.0,2.5
synthetic_telemetry,SYN_001726,172.60000000000002,STAGE_2_FLIGHT,4.65,180.0,72.0,252.0,2.5
synthetic_telemetry,SYN_001727,172.70000000000002,STAGE_2_FLIGHT,4.65,180.0,72.0,252.0,2.5
synthetic_telemetry,SYN_001728,172.8,STAGE_2_FLIGHT,4.65,180.0,72.0,252.0,2.5
synthetic_telemetry,SYN_001729,172.9,STAGE_2_FLIGHT,4.65,180.0,72.0,252.0,2.5
synthetic_telemetry,SYN_001730,173.0,STAGE_2_FLIGHT,4.65,180.0,72.0,252.0,2.5
synthetic_telemetry,SYN_001731,173.10000000000002,STAGE_2_FLIGHT,4.65,180.0,72.0,252.0,2.5
synthetic_telemetry,SYN_001732,173.20000000000002,STAGE_2_FLIGHT,4.65,180.0,72.0,252.0,2.5
synthetic_telemetry,SYN_001733,173.3,STAGE_2_FLIGHT,4.65,180.0,72.0,252.0,2.5
synthetic_telemetry,SYN_001734,173.4,STAGE_2_FLIGHT,4.65,180.0,72.0,252.0,2.5
synthetic_telemetry,SYN_001735,173.5,STAGE_2_FLIGHT,4.65,180.0,72.0,252.0,2.5
synthetic_telemetry,SYN_001736,173.60000000000002,STAGE_2_FLIGHT,4.65,180.0,72.0,252.0,2.5
synthetic_telemetry,SYN_001737,173.70000000000002,STAGE_2_FLIGHT,4.65,180.0,72.0,252.0,2.5
synthetic_telemetry,SYN_001738,173.8,STAGE_2_FLIGHT,4.65,180.0,72.0,252.0,2.5
synthetic_telemetry,SYN_001739,173.9,STAGE_2_FLIGHT,4.65,180.0,72.0,252.0,2.5
synthetic_telemetry,SYN_001740,174.0,STAGE_2_FLIGHT,4.65,180.0,72.0,252.0,2.5
synthetic_telemetry,SYN_001741,174.10000000000002,STAGE_2_FLIGHT,4.65,180.0,72.0,252.0,2.5
synthetic_telemetry,SYN_001742,174.20000000000002,STAGE_2_FLIGHT,4.65,180.0,72.0,252.0,2.5
synthetic_telemetry,SYN_001743,174.3,STAGE_2_FLIGHT,4.65,180.0,72.0,252.0,2.5
synthetic_telemetry,SYN_001744,174.4,STAGE_2_FLIGHT,4.65,180.0,72.0,252.0,2.5
synthetic_telemetry,SYN_001745,174.5,STAGE_2_FLIGHT,4.65,180.0,72.0,252.0,2.5
synthetic_telemetry,SYN_001746,174.60000000000002,STAGE_2_FLIGHT,4.65,180.0,72.0,252.0,2.5
synthetic_telemetry,SYN_001747,174.70000000000002,STAGE_2_FLIGHT,4.65,180.0,72.0,252.0,2.5
synthetic_telemetry,SYN_001748,174.8,STAGE_2_FLIGHT,4.65,180.0,72.0,252.0,2.5
synthetic_telemetry,SYN_001749,174.9,STAGE_2_FLIGHT,4.65,180.0,72.0,252.0,2.5
synthetic_telemetry,SYN_001750,175.0,STAGE_2_FLIGHT,4.65,180.0,72.0,252.0,2.5
synthetic_telemetry,SYN_001751,175.10000000000002,STAGE_2_FLIGHT,4.65,180.0,72.0,252.0,2.5
synthetic_telemetry,SYN_001752,175.20000000000002,STAGE_2_FLIGHT,4.65,180.0,72.0,252.0,2.5
synthetic_telemetry,SYN_001753,175.3,STAGE_2_FLIGHT,4.65,180.0,72.0,252.0,2.5
synthetic_telemetry,SYN_001754,175.4,STAGE_2_FLIGHT,4.65,180.0,72.0,252.0,2.5
synthetic_telemetry,SYN_001755,175.5,STAGE_2_FLIGHT,4.65,180.0,72.0,252.0,2.5
synthetic_telemetry,SYN_001756,175.60000000000002,STAGE_2_FLIGHT,4.65,180.0,72.0,252.0,2.5
synthetic_telemetry,SYN_001757,175.70000000000002,STAGE_2_FLIGHT,4.65,180.0,72.0,252.0,2.5
synthetic_telemetry,SYN_001758,175.8,STAGE_2_FLIGHT,4.65,180.0,72.0,252.0,2.5
synthetic_telemetry,SYN_001759,175.9,STAGE_2_FLIGHT,4.65,180.0,72.0,252.0,2.5
synthetic_telemetry,SYN_001760,176.0,STAGE_2_FLIGHT,4.65,180.0,72.0,252.0,2.5
synthetic_telemetry,SYN_001761,176.10000000000002,STAGE_2_FLIGHT,4.65,180.0,72.0,252.0,2.5
synthetic_telemetry,SYN_001762,176.20000000000002,STAGE_2_FLIGHT,4.65,180.0,72.0,252.0,2.5
synthetic_telemetry,SYN_001763,176.3,STAGE_2_FLIGHT,4.65,180.0,72.0,252.0,2.5
synthetic_telemetry,SYN_001764,176.4,STAGE_2_FLIGHT,4.65,180.0,72.0,252.0,2.5
synthetic_telemetry,SYN_001765,176.5,STAGE_2_FLIGHT,4.65,180.0,72.0,252.0,2.5
synthetic_telemetry,SYN_001766,176.60000000000002,STAGE_2_FLIGHT,4.65,180.0,72.0,252.0,2.5
synthetic_telemetry,SYN_001767,176.70000000000002,STAGE_2_FLIGHT,4.65,180.0,72.0,252.0,2.5
synthetic_telemetry,SYN_001768,176.8,STAGE_2_FLIGHT,4.65,180.0,72.0,252.0,2.5
synthetic_telemetry,SYN_001769,176.9,STAGE_2_FLIGHT,4.65,180.0,72.0,252.0,2.5
synthetic_telemetry,SYN_001770,177.0,STAGE_2_FLIGHT,4.65,180.0,72.0,252.0,2.5
synthetic_telemetry,SYN_001771,177.10000000000002,STAGE_2_FLIGHT,4.65,180.0,72.0,252.0,2.5
synthetic_telemetry,SYN_001772,177.20000000000002,STAGE_2_FLIGHT,4.65,180.0,72.0,252.0,2.5
synthetic_telemetry,SYN_001773,177.3,STAGE_2_FLIGHT,4.65,180.0,72.0,252.0,2.5
synthetic_telemetry,SYN_001774,177.4,STAGE_2_FLIGHT,4.65,180.0,72.0,252.0,2.5
synthetic_telemetry,SYN_001775,177.5,STAGE_2_FLIGHT,4.65,180.0,72.0,252.0,2.5
synthetic_telemetry,SYN_001776,177.60000000000002,STAGE_2_FLIGHT,4.65,180.0,72.0,252.0,2.5
synthetic_telemetry,SYN_001777,177.70000000000002,STAGE_2_FLIGHT,4.65,180.0,72.0,252.0,2.5
synthetic_telemetry,SYN_001778,177.8,STAGE_2_FLIGHT,4.65,180.0,72.0,252.0,2.5
synthetic_telemetry,SYN_001779,177.9,STAGE_2_FLIGHT,4.65,180.0,72.0,252.0,2.5
synthetic_telemetry,SYN_001780,178.0,STAGE_2_FLIGHT,4.65,180.0,72.0,252.0,2.5
synthetic_telemetry,SYN_001781,178.10000000000002,STAGE_2_FLIGHT,4.65,180.0,72.0,252.0,2.5
synthetic_telemetry,SYN_001782,178.20000000000002,STAGE_2_FLIGHT,4.65,180.0,72.0,252.0,2.5
synthetic_telemetry,SYN_001783,178.3,STAGE_2_FLIGHT,4.65,180.0,72.0,252.0,2.5
synthetic_telemetry,SYN_001784,178.4,STAGE_2_FLIGHT,4.65,180.0,72.0,252.0,2.5
synthetic_telemetry,SYN_001785,178.5,STAGE_2_FLIGHT,4.65,180.0,72.0,252.0,2.5
synthetic_telemetry,SYN_001786,178.60000000000002,STAGE_2_FLIGHT,4.65,180.0,72.0,252.0,2.5
synthetic_telemetry,SYN_001787,178.70000000000002,STAGE_2_FLIGHT,4.65,180.0,72.0,252.0,2.5
synthetic_telemetry,SYN_001788,178.8,STAGE_2_FLIGHT,4.65,180.0,72.0,252.0,2.5
synthetic_telemetry,SYN_001789,178.9,STAGE_2_FLIGHT,4.65,180.0,72.0,252.0,2.5
synthetic_telemetry,SYN_001790,179.0,STAGE_2_FLIGHT,4.65,180.0,72.0,252.0,2.5
synthetic_telemetry,SYN_001791,179.10000000000002,STAGE_2_FLIGHT,4.65,180.0,72.0,252.0,2.5
synthetic_telemetry,SYN_001792,179.20000000000002,STAGE_2_FLIGHT,4.65,180.0,72.0,252.0,2.5
synthetic_telemetry,SYN_001793,179.3,STAGE_2_FLIGHT,4.65,180.0,72.0,252.0,2.5
synthetic_telemetry,SYN_001794,179.4,STAGE_2_FLIGHT,4.65,180.0,72.0,252.0,2.5
synthetic_telemetry,SYN_001795,179.5,STAGE_2_FLIGHT,4.65,180.0,72.0,252.0,2.5
synthetic_telemetry,SYN_001796,179.60000000000002,STAGE_2_FLIGHT,4.65,180.0,72.0,252.0,2.5
synthetic_telemetry,SYN_001797,179.70000000000002,STAGE_2_FLIGHT,4.65,180.0,72.0,252.0,2.5
synthetic_telemetry,SYN_001798,179.8,STAGE_2_FLIGHT,4.65,180.0,72.0,252.0,2.5
synthetic_telemetry,SYN_001799,179.9,STAGE_2_FLIGHT,4.65,180.0,72.0,252.0,2.5
synthetic_telemetry,SYN_001800,180.0,STAGE_2_FLIGHT,4.65,180.0,72.0,252.0,2.5
experimental_bipropellant,EXP_0000,,,2.0477429160804,1.1032644098897437,0.3804360034102564,1.4837004133,2.9
experimental_bipropellant,EXP_0001,,,2.0270586442008,1.2019110272689653,0.3058297779310345,1.5077408051999999,3.93
experimental_bipropellant,EXP_0002,,,2.0201638869076,1.2922039616774745,0.2658855888225256,1.5580895505,4.86
experimental_bipropellant,EXP_0003,,,2.1222062948469604,1.224231589072165,0.31798223092783506,1.54221382,3.85
experimental_bipropellant,EXP_0004,,,2.08842198411028,1.2183876863726495,0.33108361042735046,1.5494712968,3.68
experimental_bipropellant,EXP_0005,,,2.12634314922288,1.1490258764181818,0.4031669741818182,1.5521928506,2.85
experimental_bipropellant,EXP_0006,,,2.17736435319256,1.3967930403633166,0.28104487733668343,1.6778379177,4.97
experimental_bipropellant,EXP_0007,,,2.0477429160804,1.2083885920371134,0.3138671667628866,1.5222557587999999,3.85
experimental_bipropellant,EXP_0008,,,2.11117468317784,1.1362348965060913,0.38647445459390867,1.5227093511,2.94
experimental_bipropellant,EXP_0009,,,2.0622219063961205,1.342768833604651,0.26748383139534887,1.610252665,5.02
experimental_bipropellant,EXP_0010,,,2.1442695181852005,1.240972763254918,0.31983834104508196,1.5608111043,3.88
experimental_bipropellant,EXP_0011,,,2.1442695181852005,1.4673968842368932,0.2362957945631068,1.7036926788,6.21
experimental_bipropellant,EXP_0012,,,2.1580590327716003,1.239075485699363,0.33398261070063695,1.5730580964,3.71
experimental_bipropellant,EXP_0013,,,2.1994275765308,1.3807540197000001,0.27894020599999997,1.6596942257,4.95
experimental_bipropellant,EXP_0014,,,2.1787433046512,1.4694299491666665,0.24288098333333333,1.7123109324999999,6.05
experimental_bipropellant,EXP_0015,,,2.0546376733736,1.32030485976431,0.2672681902356902,1.58757305,4.94
experimental_bipropellant,EXP_0016,,,2.1442695181852005,1.2472028624698275,0.34263814903017237,1.5898410115,3.64
experimental_bipropellant,EXP_0017,,,2.189085440591,1.3933983912819112,0.28670748791808875,1.6801058792,4.86
experimental_bipropellant,EXP_0018,,,3.3094835007360004,1.9065657452534484,0.5237817981465517,2.4303475434,3.64
experimental_bipropellant,EXP_0019,,,3.23639907342808,2.0009076234522203,0.4321614737477797,2.4330690971999998,4.63
experimental_bipropellant,EXP_0020,,,1.9581110712688004,1.2651492065230088,0.2720750981769911,1.5372243046999998,4.65
experimental_bipropellant,EXP_0021,,,1.9167425275096002,1.326873433426316,0.23484485547368422,1.5617182889,5.65
experimental_bipropellant,EXP_0022,,,1.536772453081348,6.8560476145,1.2147201793999998,8.0707677939,5.644137415982077
experimental_bipropellant,EXP_0023,,,1.856482348767032,8.466753871800002,1.3576017539,9.8243556257,6.236551954560642
experimental_bipropellant,EXP_0024,,,1.49754128408304,6.6002215573,1.3036242702000003,7.9038458275000005,5.062978427279053
experimental_bipropellant,EXP_0025,,,1.5451151094061202,6.9354262669999995,1.3049850471,8.2404113141,5.314563781717066
experimental_bipropellant,EXP_0026,,,1.460930122856148,6.4147023066,1.2042875565,7.6189898630999995,5.326553672316384
experimental_bipropellant,EXP_0027,,,1.8256627836664283,8.014975941000001,1.6247676186,9.639743559600001,4.932998324958125
experimental_bipropellant,EXP_0028,,,3.6404318508096005,2.08652458,0.294834995,2.381359575,7.076923076923077
experimental_bipropellant,EXP_0029,,,3.6128528216368005,2.0683808879999996,0.29029907199999994,2.3586799599999995,7.124999999999999
experimental_bipropellant,EXP_0030,,,3.6680108799824005,2.0683808879999996,0.29029907199999994,2.3586799599999995,7.124999999999999
experimental_bipropellant,EXP_0031,,,3.6955899091552,2.077452734,0.294834995,2.372287729,7.046153846153846
experimental_bipropellant,EXP_0032,,,3.550800005998,2.118276041,0.267619457,2.385895498,7.915254237288136
experimental_bipropellant,EXP_0033,,,3.8541693268988,2.213530424,0.30844276400000004,2.521973188,7.1764705882352935
experimental_bipropellant,EXP_0034,,,3.3577468017884002,1.9277672750000001,0.28576314899999994,2.213530424,6.746031746031747
experimental_bipropellant,EXP_0035,,,3.4129048601340006,1.977662428,0.285763149,2.263425577,6.920634920634921
experimental_bipropellant,EXP_0036,,,3.3922205882544,1.968590582,0.285763149,2.254353731,6.888888888888889
experimental_bipropellant,EXP_0037,,,3.3715363163748004,1.964054659,0.276691303,2.240745962,7.0983606557377055
experimental_bipropellant,EXP_0038,,,3.378431073668,1.564893435,0.5170952219999999,2.081988657,3.026315789473685
experimental_bipropellant,EXP_0039,,,3.4542734038932004,2.004877966,0.290299072,2.295177038,6.90625
experimental_bipropellant,EXP_0040,,,2.8544295193848,1.3108817469999998,0.43544860800000007,1.746330355,3.0104166666666665
experimental_bipropellant,EXP_0041,,,4.6677506874964,2.707946031,0.394625301,3.102571332,6.862068965517242
experimental_bipropellant,EXP_0042,,,4.6608559302032,2.707946031,0.394625301,3.102571332,6.862068965517242
experimental_bipropellant,EXP_0043,,,4.6608559302032,2.703410108,0.39916122400000004,3.102571332,6.7727272727272725
experimental_bipropellant,EXP_0044,,,4.5712240853916,2.136419733,0.7212117570000002,2.85763149,2.962264150943396
experimental_bipropellant,EXP_0045,,,4.653961172910001,2.1817789629999997,0.7302836030000001,2.912062566,2.987577639751552
experimental_bipropellant,EXP_0046,,,4.647066415616801,2.190850809,0.7166758340000001,2.907526643,3.0569620253164556
experimental_bipropellant,EXP_0047,,,2.7510081599868004,1.292738055,0.462664146,1.755402201,2.794117647058824
experimental_bipropellant,EXP_0048,,,2.7372186454004,1.279130286,0.462664146,1.741794432,2.764705882352941
experimental_bipropellant,EXP_0049,,,2.7234291308140004,1.274594363,0.45812822299999995,1.732722586,2.7821782178217824
experimental_bipropellant,EXP_0050,,,2.6269025287092003,1.283666209,0.38555345499999993,1.6692196639999999,3.3294117647058825
experimental_bipropellant,EXP_0051,,,4.4678027259936,2.168171194,0.6939962189999999,2.862167413,3.124183006535948
experimental_bipropellant,EXP_0052,,,2.6889553443480003,0.4476888802140741,0.10174747277592593,0.54943635299,4.4
experimental_bipropellant,EXP_0053,,,2.6958501016412004,0.473214543742807,0.08102988762719299,0.55424443137,5.84
experimental_bipropellant,EXP_0054,,,3.5645895205844003,0.6396447117051396,0.10383842722486032,0.74348313893,6.16
experimental_bipropellant,EXP_0055,,,4.1368543759200005,0.689336597047232,0.16690958766276803,0.85624618471,4.13
experimental_bipropellant,EXP_0056,,,3.9300116571240005,0.7163318901757303,0.13696594458426964,0.85329783476,5.23
experimental_bipropellant,EXP_0057,,,4.0541172884016,0.7846183434848868,0.12052509116511319,0.90514343465,6.51
experimental_bipropellant,EXP_0058,,,3.6266423362232008,0.60239892391875,0.11155535628125,0.7139542802000001,5.4
experimental_bipropellant,EXP_0059,,,10.2249250658156,23.67751806,4.359022003,28.036540063,5.431841831425599
experimental_bipropellant,EXP_0060,,,11.334980990020801,27.215538,4.359022003,31.574560003,6.243496357960458
experimental_bipropellant,EXP_0061,,,11.576297495282802,27.215538,4.667464766999999,31.883002766999997,5.830903790087464
experimental_bipropellant,EXP_0062,,,11.300507203554801,28.168081830000006,4.086866623,32.254948453000004,6.892341842397338
experimental_bipropellant,EXP_0063,,,11.5694027379896,28.168081830000002,4.345414234,32.513496064,6.482254697286013
experimental_bipropellant,EXP_0064,,,11.293612446261601,26.53514955,4.522315231,31.057464781,5.867602808425276
experimental_bipropellant,EXP_0065,,,10.307662153334,23.40536268,4.467884155,27.873246835,5.238578680203045
experimental_bipropellant,EXP_0066,,,10.824768950324001,26.94338262,3.9235733949999996,30.866956015,6.867052023121388
experimental_bipropellant,EXP_0067,,,11.4177180775392,27.124819539999997,4.413453079,31.538272618999997,6.145940390544706
experimental_bipropellant,EXP_0068,,,10.273188366868,24.63006189,3.8827500880000008,28.512811978000002,6.343457943925233
experimental_bipropellant,EXP_0069,,,12.451931671519201,24.144718128999997,4.209336544,28.354054672999997,5.735991379310344
experimental_bipropellant,EXP_0070,,,12.3898788558804,24.181005513000002,4.118618084,28.299623597000004,5.871145374449339
experimental_bipropellant,EXP_0071,,,12.272667981896001,24.167397744000002,4.0188277779999995,28.186225522,6.013544018058692
experimental_bipropellant,EXP_0072,,,12.644984875728802,24.620990043999996,4.295519081,28.916509124999997,5.731784582893347
experimental_bipropellant,EXP_0073,,,12.3967736131736,24.602846352,4.0460433160000004,28.648889668000002,6.0807174887892375
experimental_bipropellant,EXP_0074,,,12.231299438136801,24.598310428999994,3.964396702,28.562707130999996,6.204805491990846
experimental_bipropellant,EXP_0075,,,12.651879633022002,24.784283272,4.504171539000001,29.288454811,5.502517623363545
experimental_bipropellant,EXP_0076,,,12.520879244451201,24.775211426,4.095938469,28.871149895,6.048726467331118
experimental_bipropellant,EXP_0077,,,12.3622998267076,24.761603657000002,3.9689326250000003,28.730536282000003,6.238857142857143
experimental_bipropellant,EXP_0078,,,7.120000000000001,1.0875287356321839,0.1824712643678161,1.27,5.96
experimental_bipropellant,EXP_0079,,,9.32,1.4198744769874476,0.2301255230125523,1.65,6.17
experimental_bipropellant,EXP_0080,,,9.08,1.360119940029985,0.23988005997001502,1.6,5.67
experimental_bipropellant,EXP_0081,,,8.959999999999999,1.4662595419847329,0.21374045801526717,1.68,6.86
experimental_bipropellant,EXP_0082,,,8.14,1.278913043478261,0.2010869565217391,1.48,6.36
experimental_bipropellant,EXP_0083,,,9.5,1.4059380097879282,0.2740619902120718,1.68,5.13
experimental_bipropellant,EXP_0084,,,8.73,1.264835355285962,0.26516464471403817,1.53,4.77
experimental_bipropellant,EXP_0085,,,9.15,1.4969130998702984,0.22308690012970167,1.72,6.71
experimental_bipropellant,EXP_0086,,,9.24,1.482,0.228,1.71,6.5
experimental_bipropellant,EXP_0087,,,9.26,1.482,0.228,1.71,6.5
experimental_bipropellant,EXP_0088,,,11.900351088063202,26.299281554,13.117889316,39.41717087,2.004840940525588
experimental_bipropellant,EXP_0089,,,13.134512643546001,33.080486439000005,12.88202132,45.962507759000005,2.5679577464788736
experimental_bipropellant,EXP_0090,,,15.264992647144801,36.486964612,12.981811626000002,49.468776238000004,2.810621942697414
experimental_bipropellant,EXP_0091,,,10.546910231408042,0.5833196978,0.18143692,0.7647566178,3.2150000000000003
experimental_bipropellant,EXP_0092,,,10.20975659977056,0.5620008597,0.1827976969,0.7447985566,3.074441687344913
experimental_bipropellant,EXP_0093,,,10.161493298718161,0.49895153000000003,0.24357906510000005,0.7425305951000001,2.0484171322160147
experimental_bipropellant,EXP_0094,,,7.11332109939444,0.35516277090000004,0.15195342050000002,0.5071161914000001,2.337313432835821
experimental_bipropellant,EXP_0095,,,13.654323267871831,14.143612703733336,5.143131892266667,19.286744596000002,2.75
experimental_bipropellant,EXP_0096,,,13.924705904928173,15.264042634429707,5.510484705570291,20.77452734,2.77
experimental_bipropellant,EXP_0097,,,13.362594627709917,13.829733989408282,5.810812600591716,19.64054659,2.38
experimental_bipropellant,EXP_0098,,,13.51913194934366,14.35583245090909,5.239354909090909,19.59518736,2.74
experimental_bipropellant,EXP_0099,,,14.437009855356274,15.161862618333334,5.4539074166666675,20.615770035,2.78
experimental_bipropellant,EXP_0100,,,14.10258922277273,15.12616623221636,5.421564957783641,20.54773119,2.79
experimental_bipropellant,EXP_0101,,,12.203720408964001,33.77907748909091,11.85230789090909,45.63138538,2.85
experimental_bipropellant,EXP_0102,,,6.825809720268001,0.4141297699,0.11067652119999999,0.5248062911,3.7418032786885247
experimental_bipropellant,EXP_0103,,,6.743072632749601,0.3596986939,0.1306345824,0.4903332763,2.7534722222222223
experimental_bipropellant,EXP_0104,,,10.342135939800002,0.5828661055,0.18189051229999997,0.7647566177999999,3.2044887780548628
experimental_bipropellant,EXP_0105,,,10.376609726266002,0.5869484361999999,0.18189051230000003,0.7688389485,3.226932668329177
experimental_bipropellant,EXP_0106,,,10.473136328370801,0.5620008597,0.20139498120000002,0.7633958409,2.7905405405405403
experimental_bipropellant,EXP_0107,,,5.28,0.8921212121212121,0.38787878787878793,1.28,2.3
experimental_bipropellant,EXP_0108,,,7.370000000000001,1.208095238095238,0.5619047619047619,1.77,2.15
experimental_bipropellant,EXP_0109,,,8.590000000000002,1.1223188405797102,0.6376811594202899,1.76,1.76
experimental_bipropellant,EXP_0110,,,5.07,0.9299999999999999,0.31,1.24,3.0
experimental_bipropellant,EXP_0111,,,7.18,1.1933836858006042,0.5166163141993958,1.71,2.31
experimental_bipropellant,EXP_0112,,,7.21,1.2228901734104047,0.49710982658959535,1.72,2.46
experimental_bipropellant,EXP_0113,,,10.4,1.7138095238095237,0.7261904761904762,2.44,2.36
experimental_bipropellant,EXP_0114,,,10.43,1.7306976744186047,0.7093023255813954,2.44,2.44
experimental_bipropellant,EXP_0115,,,10.08,1.8957798165137614,0.5642201834862386,2.46,3.36
experimental_bipropellant,EXP_0116,,,10.21,1.7225936599423632,0.6974063400576368,2.42,2.47
experimental_bipropellant,EXP_0117,,,10.190000000000001,1.7311267605633804,0.6788732394366198,2.41,2.55
experimental_bipropellant,EXP_0118,,,10.270000000000001,1.810313315926893,0.6396866840731071,2.45,2.83
experimental_bipropellant,EXP_0119,,,10.240000000000002,1.864607843137255,0.6053921568627452,2.47,3.08
experimental_bipropellant,EXP_0120,,,10.170000000000002,1.6776687116564415,0.7423312883435583,2.42,2.26
experimental_bipropellant,EXP_0121,,,10.31,1.78767955801105,0.6823204419889503,2.47,2.62
experimental_bipropellant,EXP_0122,,,10.240000000000002,1.7842391304347829,0.6657608695652174,2.45,2.68
experimental_bipropellant,EXP_0123,,,10.38,1.7374850299401197,0.7425149700598803,2.48,2.34
experimental_bipropellant,EXP_0124,,,10.270000000000001,1.7860433604336046,0.6639566395663957,2.45,2.69
experimental_bipropellant,EXP_0125,,,10.270000000000001,1.8160209424083769,0.6439790575916231,2.46,2.82
experimental_bipropellant,EXP_0126,,,5.25,4.5,1.5999999999999999,6.1,2.8125
experimental_bipropellant,EXP_0127,,,6.1000000000000005,5.2,1.8,7.0,2.888888888888889
experimental_bipropellant,EXP_0128,,,10.066345648072001,21.346053638,8.550214855,29.896268493,2.496551724137931
experimental_bipropellant,EXP_0129,,,11.624560796335201,26.054341712000003,8.495783779,34.550125491,3.0667378537106247
experimental_bipropellant,EXP_0130,,,12.9897227403888,29.950699569,8.722579929,38.673279498,3.433697347893916
experimental_bipropellant,EXP_0131,,,15.223624103385601,31.919290151000006,12.60986594,44.529156091000004,2.531294964028777
experimental_bipropellant,EXP_0132,,,15.216729346092402,32.495352372,12.256063946,44.751416318,2.6513693560325686
experimental_bipropellant,EXP_0133,,,15.4718353659408,33.933239963000005,11.321663808,45.254903771,2.9971955128205128
experimental_bipropellant,EXP_0134,,,15.678678084736802,35.570708166,10.360048132000001,45.930756298000006,3.433450087565675
experimental_bipropellant,EXP_0135,,,15.878626046239601,35.901830545,10.618595743000002,46.520426288,3.3810337462622813
experimental_bipropellant,EXP_0136,,,13.858462159332001,31.529200773000007,9.194315921,40.723516694000004,3.4292057227429704
experimental_bipropellant,EXP_0137,,,3.5100000000000002,0.6917025440313112,0.16829745596868884,0.86,4.11
experimental_bipropellant,EXP_0138,,,4.54,0.9620477815699658,0.1979522184300341,1.16,4.86
experimental_bipropellant,EXP_0139,,,4.62,1.027029702970297,0.20297029702970298,1.23,5.06
experimental_bipropellant,EXP_0140,,,5.23,0.9286021505376345,0.34139784946236557,1.27,2.72
experimental_bipropellant,EXP_0141,,,5.11,0.9683372921615202,0.3016627078384798,1.27,3.21
experimental_bipropellant,EXP_0142,,,5.36,0.9749616368286446,0.3350383631713555,1.31,2.91
experimental_bipropellant,EXP_0143,,,6.920000000000001,1.316244131455399,0.40375586854460094,1.72,3.26
experimental_bipropellant,EXP_0144,,,5.23,0.9623821339950371,0.31761786600496283,1.28,3.03
experimental_bipropellant,EXP_0145,,,7.109999999999999,1.2580629539951573,0.4019370460048426,1.66,3.13
experimental_bipropellant,EXP_0146,,,7.08,1.256822429906542,0.383177570093458,1.64,3.28
experimental_bipropellant,EXP_0147,,,7.07,1.2612471131639722,0.3787528868360277,1.64,3.33
experimental_bipropellant,EXP_0148,,,6.970000000000001,1.2428571428571429,0.35714285714285715,1.6,3.48
experimental_bipropellant,EXP_0149,,,8.18,1.4791923990498812,0.46080760095011875,1.94,3.21
experimental_bipropellant,EXP_0150,,,9.61,1.7529157175398633,0.5170842824601366,2.27,3.39
experimental_bipropellant,EXP_0151,,,8.8,1.5996304849884528,0.48036951501154734,2.08,3.33
experimental_bipropellant,EXP_0152,,,9.03,1.673769063180828,0.46623093681917216,2.14,3.59
experimental_bipropellant,EXP_0153,,,8.97,1.6571179039301311,0.462882096069869,2.12,3.58
experimental_bipropellant,EXP_0154,,,8.520000000000001,1.7378659611992944,0.37213403880070545,2.11,4.67
experimental_bipropellant,EXP_0155,,,7.15,1.3226086956521739,0.36739130434782613,1.69,3.6
experimental_bipropellant,EXP_0156,,,9.090000000000002,1.6403448275862067,0.48965517241379314,2.13,3.35
experimental_bipropellant,EXP_0157,,,1.8753739837504,0.9906763352203392,0.728438481779661,1.7191148170000001,1.36
experimental_bipropellant,EXP_0158,,,1.9029530129232002,1.0094821039451478,0.7368482510548523,1.746330355,1.37
experimental_bipropellant,EXP_0159,,,1.9925848577348004,1.124136832,0.6176575999999999,1.741794432,1.82
experimental_bipropellant,EXP_0160,,,2.0132691296144,1.234583460119403,0.525354663880597,1.759938124,2.35
experimental_bipropellant,EXP_0161,,,1.9650058285620002,1.1378528793902438,0.6084774756097561,1.746330355,1.87
experimental_bipropellant,EXP_0162,,,1.9512163139756002,1.2272629925652174,0.5009236704347826,1.728186663,2.45
experimental_bipropellant,EXP_0163,,,1.9374267993892003,1.038353040004115,0.7261210069958849,1.764474047,1.43
experimental_bipropellant,EXP_0164,,,1.3375829148808,0.7654646643170733,0.4093393926829268,1.174804057,1.87
experimental_bipropellant,EXP_0165,,,2.5993234995364003,1.5071234156805553,0.8016613913194445,2.308784807,1.88
experimental_bipropellant,EXP_0166,,,1.9856901004416003,1.1399656484027778,0.6063647065972222,1.746330355,1.88
experimental_bipropellant,EXP_0167,,,1.9843111489829603,1.0786424894,0.6413795121999999,1.7200220015999999,1.6817538896746818
experimental_bipropellant,EXP_0168,,,1.7354104106984403,0.9330393611000001,0.5660831903999999,1.4991225515,1.6482371794871795
experimental_bipropellant,EXP_0169,,,1.01973460366428,0.6427402891,0.2775984876,0.9203387767,2.315359477124183
experimental_bipropellant,EXP_0170,,,0.9880187201155602,0.5343317293999998,0.33611189430000005,0.8704436237,1.5897435897435896
experimental_bipropellant,EXP_0171,,,0.9680239239652801,0.48126143029999996,0.3819247166,0.8631861469,1.2600950118764844
experimental_bipropellant,EXP_0172,,,2.05739557629088,1.2900165012,0.4191192852,1.7091357864,3.0779220779220777
experimental_bipropellant,EXP_0173,,,2.0615324306668,1.292738055,0.4227480236,1.7154860786000001,3.0579399141630903
experimental_bipropellant,EXP_0174,,,2.07807984817048,1.4682782750999999,0.3574307324,1.8257090075,4.1078680203045685
experimental_bipropellant,EXP_0175,,,2.0305060228474003,1.1897726029000002,0.553382606,1.7431552089000002,2.1500000000000004
experimental_bipropellant,EXP_0176,,,2.8165083542722003,1.7340833629000003,0.5774229978999998,2.3115063608,3.003142183817754
experimental_bipropellant,EXP_0177,,,2.04222711024584,1.2469252327,0.4467884154999999,1.6937136482,2.790862944162437
experimental_bipropellant,EXP_0178,,,2.7841029949941607,1.6565190796,0.6141639742,2.2706830538,2.6971935007385524
experimental_bipropellant,EXP_0179,,,1.3603356139483602,0.8164661400000001,0.34790529409999993,1.1643714341,2.3468057366362456
experimental_bipropellant,EXP_0180,,,2.06980613941864,1.1852366799,0.6354828123,1.8207194922,1.8650963597430406
experimental_bipropellant,EXP_0181,,,3.8196955404328,2.655054074294434,2.162096151705566,4.817150226,1.228
experimental_bipropellant,EXP_0182,,,3.9506959290036003,2.8358590596,1.8905727064,4.726431766,1.5
experimental_bipropellant,EXP_0183,,,3.8886431133648003,3.038507790303371,1.8194657426966292,4.857973533,1.67
experimental_bipropellant,EXP_0184,,,3.9162221425376007,3.0948305545129897,1.7858225934870107,4.880653148,1.733
experimental_bipropellant,EXP_0185,,,2.1856380619444002,1.599757167919802,1.3091302519801982,2.9088874199,1.222
experimental_bipropellant,EXP_0186,,,2.3717965088608,1.8786723167700248,1.3028240754299754,3.1814963922,1.442
experimental_bipropellant,EXP_0187,,,2.41316505262,1.971618812684124,1.3083071086158757,3.2799259213,1.507
experimental_bipropellant,EXP_0188,,,3.985169715469601,3.1503362539554653,2.1430858870445344,5.293422141,1.47
experimental_bipropellant,EXP_0189,,,3.8128007831396005,3.3094345103304224,1.8932691706695777,5.202703681,1.748
experimental_bipropellant,EXP_0190,,,3.9231168998308004,3.517650199546201,1.8302030174537989,5.347853217,1.922
experimental_bipropellant,EXP_0191,,,3.9024326279512005,3.636831909666667,1.7654523833333333,5.402284293,2.06
experimental_bipropellant,EXP_0192,,,3.5714842778776004,2.4511320914496584,2.343338519550342,4.794470611,1.046
experimental_bipropellant,EXP_0193,,,3.8679588414852,2.8000776434814814,2.1622221185185184,4.962299762,1.295
experimental_bipropellant,EXP_0194,,,3.6542213653960007,2.8549878538957056,1.9757701411042943,4.830757995,1.445
experimental_bipropellant,EXP_0195,,,3.4887471903592004,0.3147930562,0.12972739779999998,0.44452045399999995,2.4265734265734267
experimental_bipropellant,EXP_0196,,,3.4611681611864,0.3284008251999999,0.1251914748,0.45359229999999995,2.623188405797101
experimental_bipropellant,EXP_0197,,,3.4473786466000003,0.2998245103,0.1329025439,0.4327270542,2.255972696245734
experimental_bipropellant,EXP_0198,,,3.2887992288564,0.2921134412,0.1319953593,0.4241088005,2.213058419243986
experimental_bipropellant,EXP_0199,,,3.3508520444952006,0.2839487798,0.1446959437,0.4286447235,1.9623824451410659
experimental_bipropellant,EXP_0200,,,3.3853258309612,0.2775984876,0.15422138200000002,0.4318198696,1.7999999999999998
experimental_bipropellant,EXP_0201,,,3.3922205882544,0.2680730493,0.1687363356,0.4368093849,1.5887096774193545
experimental_bipropellant,EXP_0202,,,3.6128528216368005,0.32477208679999997,0.12882021319999998,0.45359229999999995,2.5211267605633805
experimental_bipropellant,EXP_0203,,,3.5783790351708,0.3411014096,0.12428429020000001,0.4653856998,2.7445255474452552
experimental_bipropellant,EXP_0204,,,3.5094314622388008,0.35606995550000003,0.12020195950000001,0.47627191500000005,2.9622641509433962
experimental_bipropellant,EXP_0205,,,3.4129048601340006,0.28803111049999996,0.1397064284,0.4277375389,2.061688311688312
experimental_bipropellant,EXP_0206,,,3.4956419476524005,0.2785056722,0.1601180819,0.4386237541,1.7393767705382437
experimental_bipropellant,EXP_0207,,,3.4542734038932004,0.2644443109,0.1864264353,0.4508707462,1.4184914841849148
experimental_bipropellant,EXP_0208,,,4.143749133213201,0.3488124787,0.18642643530000003,0.535238914,1.8710462287104621
experimental_bipropellant,EXP_0209,,,4.2816442790772005,0.39961481630000006,0.14923186670000002,0.5488466830000001,2.6778115501519753
experimental_bipropellant,EXP_0210,,,4.3161180655432005,0.43181986959999996,0.1456031283,0.5774229979,2.965732087227414
experimental_bipropellant,EXP_0211,,,4.219591463438401,0.36242024770000003,0.1669219664,0.5293422141,2.171195652173913
experimental_bipropellant,EXP_0212,,,4.295433793663601,0.3324831559,0.18960158139999997,0.5220847372999999,1.7535885167464116
experimental_bipropellant,EXP_0213,,,4.3023285509568,0.3215969407,0.20955964260000004,0.5311565833,1.5346320346320346
experimental_bipropellant,EXP_0214,,,4.2471704926112,0.36287384,0.16510759719999998,0.5279814372,2.197802197802198
experimental_bipropellant,EXP_0215,,,4.102380589454,0.3442765557,0.1750866278,0.5193631835,1.966321243523316
experimental_bipropellant,EXP_0216,,,4.288539036370401,0.32976160210000005,0.19776624280000002,0.5275278449,1.6674311926605505
experimental_bipropellant,EXP_0217,,,4.3230128228364,0.3188753869,0.22770333459999997,0.5465787215,1.400398406374502
experimental_bipropellant,EXP_0218,,,4.1920124342656,0.3420085942,0.17372585089999998,0.5157344451,1.968668407310705
experimental_bipropellant,EXP_0219,,,3.8748535987784005,0.3474517018,0.1465103129,0.4939620147,2.3715170278637774
experimental_bipropellant,EXP_0220,,,4.0403277738152,0.3556163632,0.1610252665,0.5166416297,2.2084507042253523
experimental_bipropellant,EXP_0221,,,4.1092753467472,0.3733064629,0.1569429358,0.5302493987,2.378612716763006
experimental_bipropellant,EXP_0222,,,4.102380589454,0.3932645241,0.15059264360000002,0.5438571677,2.6114457831325297
experimental_bipropellant,EXP_0223,,,4.4609079687004005,0.385553455,0.1787153662,0.5642688212,2.1573604060913705
experimental_bipropellant,EXP_0224,,,4.812540590653601,0.421840839,0.18914798909999997,0.6109888281,2.23021582733813
experimental_bipropellant,EXP_0225,,,5.1848574844864,0.4440668617,0.20457012730000002,0.648636989,2.170731707317073
experimental_bipropellant,EXP_0226,,,5.467542533507601,0.476271915,0.21545634249999998,0.6917282575,2.210526315789474
experimental_bipropellant,EXP_0227,,,5.3365421449368,0.47808628420000004,0.21545634249999995,0.6935426267,2.2189473684210532
experimental_bipropellant,EXP_0228,,,6.1018602044820005,0.535238914,0.24312547280000002,0.7783643868000001,2.201492537313433
experimental_bipropellant,EXP_0229,,,6.887862535906802,0.5996490206,0.2730625646,0.8727115852,2.196013289036545
experimental_bipropellant,EXP_0230,,,2.2752699067560003,2.411734438858407,2.618604168141593,5.030338607,0.921
experimental_bipropellant,EXP_0231,,,2.2476908775832003,2.4682883821079686,2.611945377892031,5.08023376,0.945
experimental_bipropellant,EXP_0232,,,2.3097436932220003,2.447374123785124,2.614715944214876,5.062090068,0.936
experimental_bipropellant,EXP_0233,,,2.3166384505152005,2.4660845531953726,2.6096132838046273,5.075697837,0.945
experimental_bipropellant,EXP_0234,,,2.2821646640492004,2.5163346335748327,2.291743746425167,4.8080783799999995,1.098
experimental_bipropellant,EXP_0235,,,2.0822167025464,2.455342043241379,2.089652802758621,4.544994846,1.175
experimental_bipropellant,EXP_0236,,,1.9236372848028003,2.451228036,1.7762522,4.227480236,1.38
experimental_bipropellant,EXP_0237,,,1.9167425275096002,2.455202450505377,1.7314544784946237,4.186656929000001,1.418
experimental_bipropellant,EXP_0238,,,1.9098477702164,2.4587754065072227,1.7278815224927777,4.186656929000001,1.423
experimental_bipropellant,EXP_0239,,,2.3373227223948,2.466277580033041,2.6320998719669593,5.098377452,0.937
experimental_bipropellant,EXP_0240,,,2.344217479688,2.479307526670951,2.623605848329049,5.102913375,0.945
experimental_bipropellant,EXP_0241,,,2.2683751494628,2.469630594532374,2.6106031654676256,5.08023376,0.946
experimental_bipropellant,EXP_0242,,,2.3028489359288002,2.4855554078562627,2.621893890143737,5.107449298,0.948
experimental_bipropellant,EXP_0243,,,2.1097957317192004,2.475325061846994,2.069669784153006,4.544994846,1.196
experimental_bipropellant,EXP_0244,,,2.1373747608920004,2.499303830627771,2.0638347073722296,4.5631385380000005,1.211
experimental_bipropellant,EXP_0245,,,1.9443215566824001,2.4761930991649486,1.7376793678350515,4.213872467,1.425
experimental_bipropellant,EXP_0246,,,1.9167425275096002,2.4835555729554653,1.6894935870445345,4.17304916,1.47
experimental_bipropellant,EXP_0247,,,3.558384239020521,4.730967689,1.297273978,6.028241667,3.6468531468531467
experimental_bipropellant,EXP_0248,,,3.810042880222321,5.025802684,0.9979030600000002,6.023705744000001,5.036363636363636
experimental_bipropellant,EXP_0249,,,3.4446207436827203,4.599425922,0.9389360609999999,5.538361983,4.898550724637682
experimental_bipropellant,EXP_0250,,,3.499089326299,4.585818153,0.957079753,5.542897906,4.791469194312796
experimental_bipropellant,EXP_0251,,,3.3184466852171606,4.867045379,0.6441010659999999,5.5111464450000005,7.556338028169015
experimental_bipropellant,EXP_0252,,,3.6169896760127203,4.513243385000001,1.301809901,5.815053286,3.4668989547038325
experimental_bipropellant,EXP_0253,,,3.5287367826597604,4.662928844,0.9979030600000002,5.660831904,4.672727272727272
experimental_bipropellant,EXP_0254,,,3.531494685577041,4.803542457,0.843681678,5.647224135,5.693548387096774
experimental_bipropellant,EXP_0255,,,4.876661833480361,6.4455465830000005,1.3562409770000003,7.801787560000001,4.752508361204013
experimental_bipropellant,EXP_0256,,,3.44668917087068,4.730967689,0.830073909,5.561041598,5.699453551912568
experimental_bipropellant,EXP_0257,,,4.9297514646380005,6.3729718150000005,1.5603575120000002,7.933329327000001,4.084302325581396
experimental_bipropellant,EXP_0258,,,4.918719852968881,6.8038845,1.192947749,7.996832249,5.703422053231939
experimental_bipropellant,EXP_0259,,,6.12116552490296,8.246308014,1.732722586,9.9790306,4.7591623036649215
experimental_bipropellant,EXP_0260,,,0.71567580703416,4.938739385252427,0.9534245917475729,5.892163977,5.18
experimental_bipropellant,EXP_0261,,,0.7177442342221201,5.3606724507,0.76690593,6.1275783807,6.99
experimental_bipropellant,EXP_0262,,,0.67430726327496,4.533902616767331,1.1278364718326694,5.6617390886,4.02
experimental_bipropellant,EXP_0263,,,0.6853388749440801,4.636440943647917,0.9740422150520834,5.6104831587,4.76
experimental_bipropellant,EXP_0264,,,0.71567580703416,4.636668237157895,1.2364448632421052,5.8731131004,3.75
experimental_bipropellant,EXP_0265,,,0.72808637016192,5.024749179303226,0.9662979190967742,5.9910470984,5.2
experimental_bipropellant,EXP_0266,,,0.7101600011996001,4.902492914287928,0.9556516402120718,5.8581445545,5.13
experimental_bipropellant,EXP_0267,,,0.7032652439064,4.894985394903733,0.9014706067962676,5.7964560017,5.43
experimental_bipropellant,EXP_0268,,,0.7170547584928001,4.691693010256566,1.1877703823434342,5.8794633926,3.95
experimental_bipropellant,EXP_0269,,,0.6915441565079601,5.067680286616215,0.7918250447837837,5.859505331399999,6.4
experimental_bipropellant,EXP_0270,,,0.6715493603576801,4.551377809002178,0.9157701828978225,5.4671479919,4.97
experimental_bipropellant,EXP_0271,,,0.6943020594252401,4.8052907690689315,0.927662310631068,5.7329530797,5.18
experimental_bipropellant,EXP_0272,,,0.70740209828232,5.100221403306522,0.8019216042934783,5.9021430076,6.36
experimental_bipropellant,EXP_0273,,,0.7025757681770801,4.870659717644445,0.9189923995555556,5.7896521172,5.3
experimental_bipropellant,EXP_0274,,,0.7184337099514401,5.320104309159799,0.764382803040201,6.0844871122,6.96
experimental_bipropellant,EXP_0275,,,0.6860283506734001,4.618883776671542,1.1376561026284586,5.7565398793,4.06
experimental_bipropellant,EXP_0276,,,0.7060231468236801,5.886385111007423,0.6562302241925777,6.5426153352,8.97
experimental_bipropellant,EXP_0277,,,0.6984389138011601,4.84081609874263,0.9116414498573693,5.7524575486,5.31
experimental_bipropellant,EXP_0278,,,0.6991283895304802,4.879295241937342,0.9171607597626582,5.7964560017,5.32
experimental_bipropellant,EXP_0279,,,0.7094705254702801,5.133393310415094,0.7995939735849057,5.932987284,6.42
experimental_bipropellant,EXP_0280,,,0.70740209828232,5.554081964973356,0.6968735213266445,6.2509554863000005,7.97
experimental_bipropellant,EXP_0281,,,0.7101600011996001,4.684123718986957,1.2230088039130433,5.9071325229,3.83
experimental_bipropellant,EXP_0282,,,0.6956810108838801,4.581793687984362,1.186993183415638,5.7687868714,3.86
experimental_bipropellant,EXP_0283,,,0.70740209828232,4.880032900382108,0.9277629088178914,5.8077958092,5.26
experimental_bipropellant,EXP_0284,,,0.6825809720268001,4.461636500473722,1.4346098072262776,5.8962463077,3.11
experimental_bipropellant,EXP_0285,,,0.6943020594252401,4.80617896224375,0.8900331411562499,5.6962121034,5.4
experimental_bipropellant,EXP_0286,,,0.66948093316972,4.7443176188987115,0.9106175852012882,5.6549352041,5.21
experimental_bipropellant,EXP_0287,,,0.69361258369592,4.643093180722222,1.1492804902777778,5.792373671,4.04
experimental_bipropellant,EXP_0288,,,0.66810198171108,5.036788180688372,0.798223166511628,5.8350113472,6.31
experimental_bipropellant,EXP_0289,,,0.6729283118163201,4.765399534968882,0.9217407224311184,5.6871402574,5.17
experimental_bipropellant,EXP_0290,,,0.6956810108838801,4.646013744317566,1.1586069187824353,5.804620663100001,4.01
experimental_bipropellant,EXP_0291,,,0.6874073021320402,4.824105307933333,0.9102085486666667,5.7343138566,5.3
experimental_bipropellant,EXP_0292,,,0.68051254483884,4.8326817311224115,0.883488433477589,5.7161701646,5.47
experimental_bipropellant,EXP_0293,,,0.68327044775612,4.8666841596,0.87216562,5.7388497796,5.58
experimental_bipropellant,EXP_0294,,,0.68051254483884,4.83067294644375,0.8945690641562499,5.7252420106,5.4
experimental_bipropellant,EXP_0295,,,1.0238714580402,7.245627945342006,1.346770993557994,8.5923989389,5.38
experimental_bipropellant,EXP_0296,,,1.03835044835592,7.28672317825055,1.3569316905494506,8.6436548688,5.37
experimental_bipropellant,EXP_0297,,,0.6963704866132001,4.9096830552,0.8926696464,5.8023527016,5.5
experimental_bipropellant,EXP_0298,,,0.6977494380718401,4.9362227617051,0.9024173238948996,5.8386400856,5.47
experimental_bipropellant,EXP_0299,,,0.6977494380718401,5.268214785126126,0.778170573873874,6.046385359,6.77
experimental_bipropellant,EXP_0300,,,0.70809157401164,4.6914002029352115,1.1817128974647886,5.8731131004,3.97
experimental_bipropellant,EXP_0301,,,0.6984389138011601,4.876643392068,0.928884455632,5.8055278477,5.25
experimental_bipropellant,EXP_0302,,,0.6887862535906801,4.81383333230625,0.89145061709375,5.7052839494,5.4
experimental_bipropellant,EXP_0303,,,0.7053336710943601,4.684317465530769,1.1153136822692307,5.7996311477999996,4.2
experimental_bipropellant,EXP_0304,,,0.6825809720268001,5.089847560436364,0.7596787403636364,5.8495263008,6.7
experimental_bipropellant,EXP_0305,,,0.6860283506734001,4.746685056311533,0.8905600480884677,5.637245104400001,5.33
experimental_bipropellant,EXP_0306,,,0.6777546419215601,4.7035275425942125,0.9010589162057878,5.6045864588,5.22
experimental_bipropellant,EXP_0307,,,1.0480031085664,7.085258069583146,1.3547338565168536,8.4399919261,5.23
experimental_bipropellant,EXP_0308,,,0.6922336322372802,4.781839976445946,0.903939504054054,5.6857794805,5.29
experimental_bipropellant,EXP_0309,,,0.6949915351545601,4.846191402573913,0.8908440078260869,5.7370354104,5.44
experimental_bipropellant,EXP_0310,,,0.6915441565079601,5.16604432799306,0.7619534407069408,5.9279977687,6.78
experimental_bipropellant,EXP_0311,,,0.70740209828232,4.691620780466667,1.1442977513333334,5.8359185318,4.1
experimental_bipropellant,EXP_0312,,,1.37343565280544,4.709950522333972,0.8937287518660287,5.6036792742,5.27
experimental_bipropellant,EXP_0313,,,1.38377778874524,4.738900162899366,0.892448241600634,5.6313484045,5.31
experimental_bipropellant,EXP_0314,,,1.41756209948192,4.616834177940777,1.1124901633592232,5.7293243413,4.15
experimental_bipropellant,EXP_0315,,,1.3706777498881602,5.025598658547791,0.7767540430522089,5.8023527016,6.47
experimental_bipropellant,EXP_0316,,,1.3720567013468001,4.650995428570418,0.8909952928295821,5.5419907214,5.22
experimental_bipropellant,EXP_0317,,,0.6825809720268001,4.806604730827512,0.8787211573724885,5.6853258882,5.47
experimental_bipropellant,EXP_0318,,,0.6970599623425201,4.858591937668089,0.9115557106319115,5.7701476483,5.33
experimental_bipropellant,EXP_0319,,,0.6929231079666001,5.2091050168347826,0.7637983895652173,5.9729034063999995,6.82
experimental_bipropellant,EXP_0320,,,0.70395471963572,4.675671623032558,1.1239595247674417,5.7996311477999996,4.16
experimental_bipropellant,EXP_0321,,,1.3596461382190401,5.090356552093989,0.8054361633060109,5.8957927154,6.32
experimental_bipropellant,EXP_0322,,,1.33896186633944,4.818801627906587,0.8483805682934131,5.6671821962,5.68
experimental_bipropellant,EXP_0323,,,1.4030831091662002,4.797956594462944,0.9771805691370559,5.7751371636,4.91
experimental_bipropellant,EXP_0324,,,1.37343565280544,5.139634733284403,0.7752088587155963,5.9148435919999995,6.63
experimental_bipropellant,EXP_0325,,,1.3892935945798002,4.832675453359091,0.9365650103409091,5.7692404637,5.16
experimental_bipropellant,EXP_0326,,,0.6605177486885601,4.417037347566667,1.0773261823333335,5.4943635299,4.1
experimental_bipropellant,EXP_0327,,,0.67430726327496,4.443283659247774,1.127736969352227,5.5710206286,3.94
experimental_bipropellant,EXP_0328,,,0.6825809720268001,4.8240436914244516,0.8966623961755485,5.7207060876,5.38
experimental_bipropellant,EXP_0329,,,0.6701704088990401,4.2908111057482765,1.402225851551724,5.6930369573,3.06
experimental_bipropellant,EXP_0330,,,0.6784441176508801,4.85562249598718,1.0887045955128205,5.9443270915,4.46
experimental_bipropellant,EXP_0331,,,0.66948093316972,5.264401391114267,0.8187249441857336,6.0831263353,6.43
experimental_bipropellant,EXP_0332,,,0.6818914962974801,4.576091118122222,1.3074546051777778,5.8835457233,3.5
