source,sample_id,timestamp,flight_phase,P_chamber,T_chamber,m_ox,m_fuel,F_thrust,N_pump,P_tank_lox,P_tank_fuel,vib_x,vib_y,vib_z,acc_axial,v_batt,i_bus,T_skin,rate_roll,rate_pitch,rate_yaw
synthetic_telemetry,SYN_000000,0.0,PRE_LAUNCH,0.1,300.0,0.0,0.0,0.0,0.0,4.2,3.5,0.1,0.1,0.1,0.0,28.0,18.0,300.0,0.0,0.0,0.0
synthetic_telemetry,SYN_000001,0.1,PRE_LAUNCH,0.16,328.0,2.4000000000000004,0.96,7.5,350.0,4.1996,3.4996,0.10800000000000001,0.10800000000000001,0.11000000000000001,0.012,27.998,18.04,300.2,0.0,0.0,0.0
synthetic_telemetry,SYN_000002,0.2,PRE_LAUNCH,0.22,356.0,4.800000000000001,1.92,15.0,700.0,4.1992,3.4992,0.116,0.116,0.12000000000000001,0.024,27.996,18.08,300.4,0.0,0.0,0.0
synthetic_telemetry,SYN_000003,0.30000000000000004,PRE_LAUNCH,0.28,384.0,7.200000000000001,2.8800000000000003,22.500000000000004,1050.0000000000002,4.1988,3.4988,0.12400000000000001,0.12400000000000001,0.13,0.036000000000000004,27.994,18.12,300.6,0.0,0.0,0.0
synthetic_telemetry,SYN_000004,0.4,PRE_LAUNCH,0.33999999999999997,412.0,9.600000000000001,3.84,30.0,1400.0,4.1984,3.4984,0.132,0.132,0.14,0.048,27.992,18.16,300.8,0.0,0.0,0.0
synthetic_telemetry,SYN_000005,0.5,PRE_LAUNCH,0.4,440.0,12.0,4.8,37.5,1750.0,4.198,3.498,0.14,0.14,0.15000000000000002,0.06,27.99,18.2,301.0,0.0,0.0,0.0
synthetic_telemetry,SYN_000006,0.6000000000000001,PRE_LAUNCH,0.4600000000000001,468.0,14.400000000000002,5.760000000000001,45.00000000000001,2100.0000000000005,4.1976,3.4976,0.14800000000000002,0.14800000000000002,0.16000000000000003,0.07200000000000001,27.988,18.24,301.2,0.0,0.0,0.0
synthetic_telemetry,SYN_000007,0.7000000000000001,PRE_LAUNCH,0.52,496.0,16.8,6.720000000000001,52.50000000000001,2450.0000000000005,4.1972000000000005,3.4972,0.15600000000000003,0.15600000000000003,0.17,0.084,27.986,18.28,301.4,0.0,0.0,0.0
synthetic_telemetry,SYN_000008,0.8,PRE_LAUNCH,0.58,524.0,19.200000000000003,7.68,60.0,2800.0,4.1968000000000005,3.4968,0.164,0.164,0.18000000000000002,0.096,27.983999999999998,18.32,301.6,0.0,0.0,0.0
synthetic_telemetry,SYN_000009,0.9,PRE_LAUNCH,0.64,552.0,21.6,8.64,67.5,3150.0,4.1964,3.4964,0.17200000000000001,0.17200000000000001,0.19,0.108,27.982,18.36,301.8,0.0,0.0,0.0
synthetic_telemetry,SYN_000010,1.0,PRE_LAUNCH,0.7,580.0,24.0,9.6,75.0,3500.0,4.196,3.496,0.18,0.18,0.2,0.12,27.98,18.4,302.0,0.0,0.0,0.0
synthetic_telemetry,SYN_000011,1.1,PRE_LAUNCH,0.76,608.0,26.400000000000002,10.56,82.5,3850.0000000000005,4.1956,3.4956,0.188,0.188,0.21000000000000002,0.132,27.977999999999998,18.44,302.2,0.0,0.0,0.0
synthetic_telemetry,SYN_000012,1.2000000000000002,PRE_LAUNCH,0.8200000000000001,636.0,28.800000000000004,11.520000000000001,90.00000000000001,4200.000000000001,4.1952,3.4952,0.196,0.196,0.22000000000000003,0.14400000000000002,27.976,18.48,302.4,0.0,0.0,0.0
synthetic_telemetry,SYN_000013,1.3,PRE_LAUNCH,0.88,664.0,31.200000000000003,12.48,97.5,4550.0,4.1948,3.4948,0.20400000000000001,0.20400000000000001,0.23,0.156,27.974,18.52,302.6,0.0,0.0,0.0
synthetic_telemetry,SYN_000014,1.4000000000000001,PRE_LAUNCH,0.9400000000000001,692.0,33.6,13.440000000000001,105.00000000000001,4900.000000000001,4.1944,3.4944,0.21200000000000002,0.21200000000000002,0.24000000000000002,0.168,27.972,18.56,302.8,0.0,0.0,0.0
synthetic_telemetry,SYN_000015,1.5,PRE_LAUNCH,0.9999999999999999,720.0,36.0,14.399999999999999,112.5,5250.0,4.194,3.4939999999999998,0.22,0.22,0.25,0.18,27.97,18.6,303.0,0.0,0.0,0.0
synthetic_telemetry,SYN_000016,1.6,PRE_LAUNCH,1.06,748.0,38.400000000000006,15.36,120.0,5600.0,4.1936,3.4936,0.228,0.228,0.26,0.192,27.968,18.64,303.2,0.0,0.0,0.0
synthetic_telemetry,SYN_000017,1.7000000000000002,PRE_LAUNCH,1.12,776.0,40.800000000000004,16.32,127.50000000000001,5950.000000000001,4.1932,3.4932,0.23600000000000002,0.23600000000000002,0.27,0.20400000000000001,27.966,18.68,303.4,0.0,0.0,0.0
synthetic_telemetry,SYN_000018,1.8,PRE_LAUNCH,1.1800000000000002,804.0,43.2,17.28,135.0,6300.0,4.1928,3.4928,0.24400000000000002,0.24400000000000002,0.28,0.216,27.964,18.72,303.6,0.0,0.0,0.0
synthetic_telemetry,SYN_000019,1.9000000000000001,PRE_LAUNCH,1.2400000000000002,832.0,45.6,18.240000000000002,142.5,6650.000000000001,4.1924,3.4924,0.252,0.252,0.29000000000000004,0.228,27.962,18.76,303.8,0.0,0.0,0.0
synthetic_telemetry,SYN_000020,2.0,PRE_LAUNCH,1.3,860.0,48.0,19.2,150.0,7000.0,4.192,3.492,0.26,0.26,0.30000000000000004,0.24,27.96,18.8,304.0,0.0,0.0,0.0
synthetic_telemetry,SYN_000021,2.1,PRE_LAUNCH,1.36,888.0,50.400000000000006,20.16,157.5,7350.0,4.1916,3.4916,0.268,0.268,0.31000000000000005,0.252,27.958,18.84,304.2,0.0,0.0,0.0
synthetic_telemetry,SYN_000022,2.2,PRE_LAUNCH,1.4200000000000002,916.0,52.800000000000004,21.12,165.0,7700.000000000001,4.1912,3.4912,0.276,0.276,0.32000000000000006,0.264,27.956,18.88,304.4,0.0,0.0,0.0
synthetic_telemetry,SYN_000023,2.3000000000000003,PRE_LAUNCH,1.4800000000000002,944.0000000000001,55.2,22.080000000000002,172.50000000000003,8050.000000000001,4.1908,3.4908,0.28400000000000003,0.28400000000000003,0.33000000000000007,0.276,27.954,18.92,304.6,0.0,0.0,0.0
synthetic_telemetry,SYN_000024,2.4000000000000004,PRE_LAUNCH,1.5400000000000003,972.0000000000001,57.60000000000001,23.040000000000003,180.00000000000003,8400.000000000002,4.1904,3.4904,0.29200000000000004,0.29200000000000004,0.3400000000000001,0.28800000000000003,27.951999999999998,18.96,304.8,0.0,0.0,0.0
synthetic_telemetry,SYN_000025,2.5,PRE_LAUNCH,1.6,1000.0,60.0,24.0,187.5,8750.0,4.1899999999999995,3.49,0.30000000000000004,0.30000000000000004,0.35,0.3,27.95,19.0,305.0,0.0,0.0,0.0
synthetic_telemetry,SYN_000026,2.6,PRE_LAUNCH,1.6600000000000001,1028.0,62.400000000000006,24.96,195.0,9100.0,4.1895999999999995,3.4896,0.30800000000000005,0.30800000000000005,0.36,0.312,27.948,19.04,305.2,0.0,0.0,0.0
synthetic_telemetry,SYN_000027,2.7,PRE_LAUNCH,1.7200000000000002,1056.0,64.80000000000001,25.92,202.5,9450.0,4.1892,3.4892,0.31600000000000006,0.31600000000000006,0.37,0.324,27.945999999999998,19.08,305.4,0.0,0.0,0.0
synthetic_telemetry,SYN_000028,2.8000000000000003,PRE_LAUNCH,1.7800000000000002,1084.0,67.2,26.880000000000003,210.00000000000003,9800.000000000002,4.1888,3.4888,0.32400000000000007,0.32400000000000007,0.38,0.336,27.944,19.12,305.6,0.0,0.0,0.0
synthetic_telemetry,SYN_000029,2.9000000000000004,PRE_LAUNCH,1.8400000000000003,1112.0,69.60000000000001,27.840000000000003,217.50000000000003,10150.000000000002,4.1884,3.4884,0.3320000000000001,0.3320000000000001,0.39,0.34800000000000003,27.942,19.16,305.8,0.0,0.0,0.0
synthetic_telemetry,SYN_000030,3.0,PRE_LAUNCH,1.9,1140.0,72.0,28.799999999999997,225.0,10500.0,4.188,3.488,0.33999999999999997,0.33999999999999997,0.4,0.36,27.939999999999998,19.2,306.0,0.0,0.0,0.0
synthetic_telemetry,SYN_000031,3.1,PRE_LAUNCH,1.96,1168.0,74.4,29.759999999999998,232.5,10850.0,4.1876,3.4876,0.34800000000000003,0.34800000000000003,0.41000000000000003,0.372,27.938,19.240000000000002,306.2,0.0,0.0,0.0
synthetic_telemetry,SYN_000032,3.2,PRE_LAUNCH,2.02,1196.0,76.80000000000001,30.72,240.0,11200.0,4.1872,3.4872,0.356,0.356,0.42000000000000004,0.384,27.936,19.28,306.4,0.0,0.0,0.0
synthetic_telemetry,SYN_000033,3.3000000000000003,PRE_LAUNCH,2.08,1224.0,79.2,31.68,247.50000000000003,11550.000000000002,4.1868,3.4868,0.364,0.364,0.43000000000000005,0.396,27.933999999999997,19.32,306.6,0.0,0.0,0.0
synthetic_telemetry,SYN_000034,3.4000000000000004,PRE_LAUNCH,2.14,1252.0,81.60000000000001,32.64,255.00000000000003,11900.000000000002,4.1864,3.4864,0.372,0.372,0.44000000000000006,0.40800000000000003,27.932,19.36,306.8,0.0,0.0,0.0
synthetic_telemetry,SYN_000035,3.5,PRE_LAUNCH,2.2,1280.0,84.0,33.6,262.5,12250.0,4.186,3.4859999999999998,0.38,0.38,0.45000000000000007,0.42,27.93,19.4,307.0,0.0,0.0,0.0
synthetic_telemetry,SYN_000036,3.6,PRE_LAUNCH,2.2600000000000002,1308.0,86.4,34.56,270.0,12600.0,4.1856,3.4856,0.388,0.388,0.4600000000000001,0.432,27.927999999999997,19.44,307.2,0.0,0.0,0.0
synthetic_telemetry,SYN_000037,3.7,PRE_LAUNCH,2.3200000000000003,1336.0,88.80000000000001,35.52,277.5,12950.0,4.1852,3.4852,0.396,0.396,0.4700000000000001,0.444,27.926,19.48,307.4,0.0,0.0,0.0
synthetic_telemetry,SYN_000038,3.8000000000000003,PRE_LAUNCH,2.3800000000000003,1364.0,91.2,36.480000000000004,285.0,13300.000000000002,4.1848,3.4848,0.404,0.404,0.4800000000000001,0.456,27.924,19.52,307.6,0.0,0.0,0.0
synthetic_telemetry,SYN_000039,3.9000000000000004,PRE_LAUNCH,2.4400000000000004,1392.0,93.60000000000001,37.440000000000005,292.5,13650.000000000002,4.1844,3.4844,0.41200000000000003,0.41200000000000003,0.4900000000000001,0.468,27.922,19.56,307.8,0.0,0.0,0.0
synthetic_telemetry,SYN_000040,4.0,PRE_LAUNCH,2.5,1420.0,96.0,38.4,300.0,14000.0,4.184,3.484,0.42000000000000004,0.42000000000000004,0.5,0.48,27.919999999999998,19.6,308.0,0.0,0.0,0.0
synthetic_telemetry,SYN_000041,4.1000000000000005,PRE_LAUNCH,2.5600000000000005,1448.0000000000002,98.4,39.36000000000001,307.50000000000006,14350.000000000002,4.1836,3.4836,0.42800000000000005,0.42800000000000005,0.5100000000000001,0.49200000000000005,27.918,19.64,308.2,0.0,0.0,0.0
synthetic_telemetry,SYN_000042,4.2,PRE_LAUNCH,2.62,1476.0,100.80000000000001,40.32,315.0,14700.0,4.183199999999999,3.4832,0.43600000000000005,0.43600000000000005,0.52,0.504,27.916,19.68,308.4,0.0,0.0,0.0
synthetic_telemetry,SYN_000043,4.3,PRE_LAUNCH,2.6799999999999997,1504.0,103.19999999999999,41.279999999999994,322.5,15050.0,4.182799999999999,3.4828,0.44399999999999995,0.44399999999999995,0.53,0.516,27.913999999999998,19.72,308.6,0.0,0.0,0.0
synthetic_telemetry,SYN_000044,4.4,PRE_LAUNCH,2.74,1532.0,105.60000000000001,42.24,330.0,15400.000000000002,4.1823999999999995,3.4824,0.45200000000000007,0.45200000000000007,0.54,0.528,27.912,19.76,308.8,0.0,0.0,0.0
synthetic_telemetry,SYN_000045,4.5,PRE_LAUNCH,2.8,1560.0,108.0,43.199999999999996,337.5,15750.0,4.1819999999999995,3.482,0.45999999999999996,0.45999999999999996,0.55,0.54,27.91,19.8,309.0,0.0,0.0,0.0
synthetic_telemetry,SYN_000046,4.6000000000000005,PRE_LAUNCH,2.8600000000000003,1588.0000000000002,110.4,44.160000000000004,345.00000000000006,16100.000000000002,4.1815999999999995,3.4816,0.4680000000000001,0.4680000000000001,0.56,0.552,27.907999999999998,19.84,309.2,0.0,0.0,0.0
synthetic_telemetry,SYN_000047,4.7,PRE_LAUNCH,2.92,1616.0,112.80000000000001,45.12,352.5,16450.0,4.1812,3.4812,0.476,0.476,0.5700000000000001,0.564,27.906,19.88,309.4,0.0,0.0,0.0
synthetic_telemetry,SYN_000048,4.800000000000001,PRE_LAUNCH,2.9800000000000004,1644.0000000000002,115.20000000000002,46.080000000000005,360.00000000000006,16800.000000000004,4.1808,3.4808,0.4840000000000001,0.4840000000000001,0.5800000000000001,0.5760000000000001,27.904,19.92,309.6,0.0,0.0,0.0
synthetic_telemetry,SYN_000049,4.9,PRE_LAUNCH,3.04,1672.0,117.60000000000001,47.04,367.5,17150.0,4.1804,3.4804,0.492,0.492,0.5900000000000001,0.588,27.901999999999997,19.96,309.8,0.0,0.0,0.0
synthetic_telemetry,SYN_000050,5.0,PRE_LAUNCH,3.1,1700.0,120.0,48.0,375.0,17500.0,4.18,3.48,0.5,0.5,0.6,0.6,27.9,20.0,310.0,0.0,0.0,0.0
synthetic_telemetry,SYN_000051,5.1000000000000005,PRE_LAUNCH,3.1620000000000004,1730.0000000000002,122.4,48.96000000000001,382.50000000000006,17850.000000000004,4.1796,3.4796,0.506,0.504,0.606,0.612,27.898,20.04,310.3,0.0,0.0,0.0
synthetic_telemetry,SYN_000052,5.2,PRE_LAUNCH,3.224,1760.0,124.80000000000001,49.92,390.0,18200.0,4.1792,3.4792,0.512,0.508,0.612,0.624,27.895999999999997,20.08,310.6,0.0,0.0,0.0
synthetic_telemetry,SYN_000053,5.300000000000001,PRE_LAUNCH,3.2860000000000005,1790.0000000000002,127.20000000000002,50.88000000000001,397.50000000000006,18550.000000000004,4.1788,3.4788,0.518,0.512,0.618,0.636,27.894,20.12,310.9,0.0,0.0,0.0
synthetic_telemetry,SYN_000054,5.4,PRE_LAUNCH,3.3480000000000003,1820.0,129.60000000000002,51.84,405.0,18900.0,4.1784,3.4784,0.524,0.516,0.624,0.648,27.892,20.16,311.2,0.0,0.0,0.0
synthetic_telemetry,SYN_000055,5.5,PRE_LAUNCH,3.41,1850.0,132.0,52.8,412.5,19250.0,4.178,3.4779999999999998,0.53,0.52,0.63,0.6599999999999999,27.89,20.2,311.5,0.0,0.0,0.0
synthetic_telemetry,SYN_000056,5.6000000000000005,PRE_LAUNCH,3.4720000000000004,1880.0000000000002,134.4,53.760000000000005,420.00000000000006,19600.0,4.1776,3.4776,0.536,0.524,0.636,0.672,27.887999999999998,20.240000000000002,311.8,0.0,0.0,0.0
synthetic_telemetry,SYN_000057,5.7,PRE_LAUNCH,3.5340000000000003,1910.0,136.8,54.72,427.5,19950.0,4.1772,3.4772,0.542,0.528,0.642,0.6839999999999999,27.886,20.28,312.1,0.0,0.0,0.0
synthetic_telemetry,SYN_000058,5.800000000000001,PRE_LAUNCH,3.5960000000000005,1940.0000000000002,139.20000000000002,55.68000000000001,435.00000000000006,20300.000000000004,4.1768,3.4768,0.548,0.532,0.648,0.6960000000000001,27.884,20.32,312.4,0.0,0.0,0.0
synthetic_telemetry,SYN_000059,5.9,PRE_LAUNCH,3.6580000000000004,1970.0,141.60000000000002,56.64,442.5,20650.0,4.1764,3.4764,0.554,0.536,0.654,0.708,27.881999999999998,20.36,312.7,0.0,0.0,0.0
synthetic_telemetry,SYN_000060,6.0,PRE_LAUNCH,3.72,2000.0,144.0,57.6,450.0,21000.0,4.176,3.476,0.56,0.54,0.66,0.72,27.88,20.4,313.0,0.0,0.0,0.0
synthetic_telemetry,SYN_000061,6.1000000000000005,PRE_LAUNCH,3.7820000000000005,2030.0000000000002,146.4,58.56,457.50000000000006,21350.0,4.1756,3.4756,0.5660000000000001,0.544,0.666,0.732,27.878,20.44,313.3,0.0,0.0,0.0
synthetic_telemetry,SYN_000062,6.2,PRE_LAUNCH,3.8440000000000003,2060.0,148.8,59.52,465.0,21700.0,4.1752,3.4752,0.5720000000000001,0.548,0.672,0.744,27.875999999999998,20.48,313.6,0.0,0.0,0.0
synthetic_telemetry,SYN_000063,6.300000000000001,PRE_LAUNCH,3.9060000000000006,2090.0,151.20000000000002,60.480000000000004,472.50000000000006,22050.000000000004,4.174799999999999,3.4748,0.5780000000000001,0.552,0.678,0.756,27.874,20.52,313.9,0.0,0.0,0.0
synthetic_telemetry,SYN_000064,6.4,PRE_LAUNCH,3.9680000000000004,2120.0,153.60000000000002,61.440000000000005,480.0,22400.0,4.1743999999999994,3.4744,0.5840000000000001,0.556,0.684,0.768,27.872,20.56,314.2,0.0,0.0,0.0
synthetic_telemetry,SYN_000065,6.5,PRE_LAUNCH,4.03,2150.0,156.0,62.4,487.5,22750.0,4.1739999999999995,3.474,0.5900000000000001,0.5599999999999999,0.69,0.78,27.869999999999997,20.6,314.5,0.0,0.0,0.0
synthetic_telemetry,SYN_000066,6.6000000000000005,PRE_LAUNCH,4.0920000000000005,2180.0,158.4,63.36000000000001,495.00000000000006,23100.0,4.1735999999999995,3.4736,0.5960000000000001,0.5640000000000001,0.6960000000000001,0.792,27.868,20.64,314.8,0.0,0.0,0.0
synthetic_telemetry,SYN_000067,6.7,PRE_LAUNCH,4.154,2210.0,160.8,64.32,502.5,23450.0,4.1732,3.4732,0.6020000000000001,0.568,0.702,0.804,27.866,20.68,315.1,0.0,0.0,0.0
synthetic_telemetry,SYN_000068,6.800000000000001,PRE_LAUNCH,4.216,2240.0,163.20000000000002,65.28,510.00000000000006,23800.000000000004,4.1728,3.4728,0.6080000000000001,0.5720000000000001,0.7080000000000001,0.8160000000000001,27.864,20.72,315.4,0.0,0.0,0.0
synthetic_telemetry,SYN_000069,6.9,PRE_LAUNCH,4.2780000000000005,2270.0,165.60000000000002,66.24000000000001,517.5,24150.0,4.1724,3.4724,0.6140000000000001,0.576,0.714,0.8280000000000001,27.862,20.76,315.7,0.0,0.0,0.0
synthetic_telemetry,SYN_000070,7.0,PRE_LAUNCH,4.34,2300.0,168.0,67.2,525.0,24500.0,4.172,3.472,0.62,0.58,0.72,0.84,27.86,20.8,316.0,0.0,0.0,0.0
synthetic_telemetry,SYN_000071,7.1000000000000005,PRE_LAUNCH,4.402,2330.0,170.4,68.16,532.5,24850.0,4.1716,3.4716,0.6260000000000001,0.584,0.726,0.8520000000000001,27.858,20.84,316.3,0.0,0.0,0.0
synthetic_telemetry,SYN_000072,7.2,PRE_LAUNCH,4.464,2360.0,172.8,69.12,540.0,25200.0,4.1712,3.4712,0.632,0.588,0.732,0.864,27.855999999999998,20.88,316.6,0.0,0.0,0.0
synthetic_telemetry,SYN_000073,7.300000000000001,PRE_LAUNCH,4.526000000000001,2390.0,175.20000000000002,70.08000000000001,547.5,25550.000000000004,4.1708,3.4708,0.6380000000000001,0.592,0.738,0.8760000000000001,27.854,20.92,316.9,0.0,0.0,0.0
synthetic_telemetry,SYN_000074,7.4,PRE_LAUNCH,4.588,2420.0,177.60000000000002,71.04,555.0,25900.0,4.1704,3.4704,0.644,0.596,0.744,0.888,27.852,20.96,317.2,0.0,0.0,0.0
synthetic_telemetry,SYN_000075,7.5,PRE_LAUNCH,4.65,2450.0,180.0,72.0,562.5,26250.0,4.17,3.4699999999999998,0.65,0.6,0.75,0.8999999999999999,27.85,21.0,317.5,0.0,0.0,0.0
synthetic_telemetry,SYN_000076,7.6000000000000005,PRE_LAUNCH,4.712000000000001,2480.0,182.4,72.96000000000001,570.0,26600.0,4.1696,3.4696,0.656,0.604,0.756,0.912,27.848,21.04,317.8,0.0,0.0,0.0
synthetic_telemetry,SYN_000077,7.7,PRE_LAUNCH,4.774,2510.0,184.8,73.92,577.5,26950.0,4.1692,3.4692,0.662,0.608,0.762,0.9239999999999999,27.846,21.08,318.1,0.0,0.0,0.0
synthetic_telemetry,SYN_000078,7.800000000000001,PRE_LAUNCH,4.836,2540.0,187.20000000000002,74.88000000000001,585.0,27300.0,4.1688,3.4688,0.668,0.612,0.768,0.936,27.844,21.12,318.4,0.0,0.0,0.0
synthetic_telemetry,SYN_000079,7.9,PRE_LAUNCH,4.898000000000001,2570.0,189.60000000000002,75.84,592.5,27650.0,4.1684,3.4684,0.674,0.616,0.774,0.948,27.842,21.16,318.7,0.0,0.0,0.0
synthetic_telemetry,SYN_000080,8.0,PRE_LAUNCH,4.96,2600.0,192.0,76.8,600.0,28000.0,4.168,3.468,0.68,0.62,0.78,0.96,27.84,21.2,319.0,0.0,0.0,0.0
synthetic_telemetry,SYN_000081,8.1,PRE_LAUNCH,5.022,2630.0,194.39999999999998,77.75999999999999,607.5,28350.0,4.1676,3.4676,0.686,0.624,0.786,0.972,27.838,21.24,319.3,0.0,0.0,0.0
synthetic_telemetry,SYN_000082,8.200000000000001,PRE_LAUNCH,5.0840000000000005,2660.0000000000005,196.8,78.72000000000001,615.0000000000001,28700.000000000004,4.1672,3.4672,0.6920000000000002,0.628,0.792,0.9840000000000001,27.836,21.28,319.6,0.0,0.0,0.0
synthetic_telemetry,SYN_000083,8.3,PRE_LAUNCH,5.146000000000001,2690.0,199.20000000000002,79.68,622.5,29050.0,4.1668,3.4668,0.6980000000000001,0.632,0.798,0.996,27.834,21.32,319.9,0.0,0.0,0.0
synthetic_telemetry,SYN_000084,8.4,PRE_LAUNCH,5.208,2720.0,201.60000000000002,80.64,630.0,29400.0,4.1664,3.4664,0.7040000000000001,0.636,0.804,1.008,27.832,21.36,320.2,0.0,0.0,0.0
synthetic_telemetry,SYN_000085,8.5,PRE_LAUNCH,5.27,2750.0,204.0,81.6,637.5,29750.0,4.166,3.466,0.7100000000000001,0.64,0.81,1.02,27.83,21.4,320.5,0.0,0.0,0.0
synthetic_telemetry,SYN_000086,8.6,PRE_LAUNCH,5.332,2780.0,206.39999999999998,82.56,645.0,30100.0,4.1656,3.4656,0.716,0.6439999999999999,0.8160000000000001,1.032,27.828,21.44,320.8,0.0,0.0,0.0
synthetic_telemetry,SYN_000087,8.700000000000001,PRE_LAUNCH,5.394,2810.0,208.8,83.52000000000001,652.5,30450.000000000004,4.1652000000000005,3.4652,0.7220000000000001,0.648,0.8220000000000001,1.044,27.826,21.48,321.1,0.0,0.0,0.0
synthetic_telemetry,SYN_000088,8.8,PRE_LAUNCH,5.456,2840.0,211.20000000000002,84.48,660.0,30800.0,4.1648,3.4648,0.7280000000000001,0.652,0.8280000000000001,1.056,27.824,21.52,321.4,0.0,0.0,0.0
synthetic_telemetry,SYN_000089,8.9,PRE_LAUNCH,5.518000000000001,2870.0,213.60000000000002,85.44,667.5,31150.0,4.1644,3.4644,0.7340000000000001,0.656,0.8340000000000001,1.068,27.822,21.56,321.7,0.0,0.0,0.0
synthetic_telemetry,SYN_000090,9.0,PRE_LAUNCH,5.58,2900.0,216.0,86.4,675.0,31500.0,4.164,3.464,0.74,0.6599999999999999,0.8400000000000001,1.08,27.82,21.6,322.0,0.0,0.0,0.0
synthetic_telemetry,SYN_000091,9.1,PRE_LAUNCH,5.6419999999999995,2930.0,218.39999999999998,87.35999999999999,682.5,31850.0,4.1636,3.4636,0.746,0.6639999999999999,0.846,1.0919999999999999,27.818,21.64,322.3,0.0,0.0,0.0
synthetic_telemetry,SYN_000092,9.200000000000001,PRE_LAUNCH,5.704000000000001,2960.0,220.8,88.32000000000001,690.0,32200.000000000004,4.1632,3.4632,0.7520000000000001,0.668,0.8520000000000001,1.104,27.816,21.68,322.6,0.0,0.0,0.0
synthetic_telemetry,SYN_000093,9.3,PRE_LAUNCH,5.766,2990.0,223.20000000000002,89.28,697.5,32550.0,4.1628,3.4628,0.7580000000000001,0.672,0.8580000000000001,1.116,27.814,21.72,322.9,0.0,0.0,0.0
synthetic_telemetry,SYN_000094,9.4,PRE_LAUNCH,5.828,3020.0,225.60000000000002,90.24000000000001,705.0,32900.0,4.1624,3.4624,0.764,0.6759999999999999,0.8640000000000001,1.1280000000000001,27.812,21.76,323.2,0.0,0.0,0.0
synthetic_telemetry,SYN_000095,9.5,PRE_LAUNCH,5.890000000000001,3050.0,228.0,91.19999999999999,712.5,33250.0,4.162,3.4619999999999997,0.77,0.6799999999999999,0.8700000000000001,1.1400000000000001,27.810000000000002,21.8,323.5,0.0,0.0,0.0
synthetic_telemetry,SYN_000096,9.600000000000001,PRE_LAUNCH,5.952000000000001,3080.0000000000005,230.40000000000003,92.16000000000001,720.0000000000001,33600.00000000001,4.1616,3.4616,0.7760000000000001,0.684,0.8760000000000001,1.1520000000000001,27.808,21.84,323.8,0.0,0.0,0.0
synthetic_telemetry,SYN_000097,9.700000000000001,PRE_LAUNCH,6.014000000000001,3110.0,232.8,93.12,727.5,33950.0,4.1612,3.4612,0.7820000000000001,0.688,0.8820000000000001,1.1640000000000001,27.806,21.88,324.1,0.0,0.0,0.0
synthetic_telemetry,SYN_000098,9.8,PRE_LAUNCH,6.0760000000000005,3140.0,235.20000000000002,94.08000000000001,735.0,34300.0,4.1608,3.4608,0.788,0.692,0.8880000000000001,1.1760000000000002,27.804000000000002,21.92,324.4,0.0,0.0,0.0
synthetic_telemetry,SYN_000099,9.9,PRE_LAUNCH,6.138,3170.0,237.60000000000002,95.03999999999999,742.5,34650.0,4.1604,3.4604,0.794,0.696,0.8940000000000001,1.188,27.802,21.96,324.7,0.0,0.0,0.0
synthetic_telemetry,SYN_000100,10.0,PRE_LAUNCH,6.2,3200.0,240.0,96.0,750.0,35000.0,4.16,3.46,0.8,0.7,0.9,1.2,27.8,22.0,325.0,0.0,0.0,0.0
synthetic_telemetry,SYN_000101,10.100000000000001,LIFTOFF,6.2001,3199.95,240.001,96.0,750.005,35000.1,4.1596,3.4596999999999998,0.804,0.704,0.904,1.202,27.799,22.001,325.25,0.00010000000000000143,-0.00010000000000000143,0.0
synthetic_telemetry,SYN_000102,10.200000000000001,LIFTOFF,6.200200000000001,3199.9,240.002,96.0,750.01,35000.2,4.1592,3.4594,0.808,0.708,0.908,1.204,27.798000000000002,22.002,325.5,0.00020000000000000107,-0.00020000000000000107,0.0
synthetic_telemetry,SYN_000103,10.3,LIFTOFF,6.2003,3199.85,240.003,96.0,750.015,35000.3,4.1588,3.4591,0.812,0.712,0.912,1.206,27.797,22.003,325.75,0.00030000000000000073,-0.00030000000000000073,0.0
synthetic_telemetry,SYN_000104,10.4,LIFTOFF,6.2004,3199.8,240.004,96.0,750.02,35000.4,4.1584,3.4588,0.8160000000000001,0.716,0.916,1.208,27.796,22.004,326.0,0.00040000000000000034,-0.00040000000000000034,0.0
synthetic_telemetry,SYN_000105,10.5,LIFTOFF,6.2005,3199.75,240.005,96.0,750.025,35000.5,4.158,3.4585,0.8200000000000001,0.72,0.92,1.21,27.795,22.005,326.25,0.0005,-0.0005,0.0
synthetic_telemetry,SYN_000106,10.600000000000001,LIFTOFF,6.2006000000000006,3199.7,240.006,96.0,750.03,35000.6,4.1576,3.4582,0.8240000000000001,0.724,0.924,1.212,27.794,22.006,326.5,0.0006000000000000015,-0.0006000000000000015,0.0
synthetic_telemetry,SYN_000107,10.700000000000001,LIFTOFF,6.2007,3199.65,240.007,96.0,750.035,35000.7,4.1572000000000005,3.4579,0.8280000000000001,0.728,0.928,1.214,27.793,22.007,326.75,0.0007000000000000011,-0.0007000000000000011,0.0
synthetic_telemetry,SYN_000108,10.8,LIFTOFF,6.2008,3199.6,240.008,96.0,750.04,35000.8,4.1568000000000005,3.4576,0.8320000000000001,0.732,0.932,1.216,27.792,22.008,327.0,0.0008000000000000007,-0.0008000000000000007,0.0
synthetic_telemetry,SYN_000109,10.9,LIFTOFF,6.2009,3199.55,240.009,96.0,750.045,35000.9,4.1564000000000005,3.4573,0.8360000000000001,0.736,0.936,1.218,27.791,22.009,327.25,0.0009000000000000004,-0.0009000000000000004,0.0
synthetic_telemetry,SYN_000110,11.0,LIFTOFF,6.2010000000000005,3199.5,240.01,96.0,750.05,35001.0,4.156000000000001,3.457,0.8400000000000001,0.74,0.9400000000000001,1.22,27.79,22.01,327.5,0.001,-0.001,0.0
synthetic_telemetry,SYN_000111,11.100000000000001,LIFTOFF,6.2011,3199.45,240.011,96.0,750.055,35001.1,4.1556,3.4567,0.8440000000000001,0.744,0.9440000000000001,1.222,27.789,22.011,327.75,0.0011000000000000014,-0.0011000000000000014,0.0
synthetic_telemetry,SYN_000112,11.200000000000001,LIFTOFF,6.2012,3199.4,240.012,96.0,750.06,35001.2,4.1552,3.4564,0.8480000000000001,0.748,0.9480000000000001,1.224,27.788,22.012,328.0,0.0012000000000000012,-0.0012000000000000012,0.0
synthetic_telemetry,SYN_000113,11.3,LIFTOFF,6.2013,3199.35,240.013,96.0,750.065,35001.3,4.1548,3.4561,0.8520000000000001,0.752,0.9520000000000001,1.226,27.787,22.013,328.25,0.0013000000000000008,-0.0013000000000000008,0.0
synthetic_telemetry,SYN_000114,11.4,LIFTOFF,6.2014000000000005,3199.3,240.014,96.0,750.07,35001.4,4.1544,3.4558,0.8560000000000001,0.756,0.9560000000000001,1.228,27.786,22.014,328.5,0.0014000000000000004,-0.0014000000000000004,0.0
synthetic_telemetry,SYN_000115,11.5,LIFTOFF,6.2015,3199.25,240.015,96.0,750.075,35001.5,4.154,3.4555,0.86,0.76,0.96,1.23,27.785,22.015,328.75,0.0015,-0.0015,0.0
synthetic_telemetry,SYN_000116,11.600000000000001,LIFTOFF,6.2016,3199.2,240.016,96.0,750.08,35001.6,4.1536,3.4552,0.8640000000000001,0.764,0.9640000000000001,1.232,27.784,22.016000000000002,329.0,0.0016000000000000014,-0.0016000000000000014,0.0
synthetic_telemetry,SYN_000117,11.700000000000001,LIFTOFF,6.2017,3199.15,240.017,96.0,750.085,35001.7,4.1532,3.4549,0.8680000000000001,0.768,0.9680000000000001,1.234,27.783,22.017,329.25,0.0017000000000000012,-0.0017000000000000012,0.0
synthetic_telemetry,SYN_000118,11.8,LIFTOFF,6.2018,3199.1,240.018,96.0,750.09,35001.8,4.1528,3.4546,0.8720000000000001,0.772,0.9720000000000001,1.236,27.782,22.018,329.5,0.0018000000000000008,-0.0018000000000000008,0.0
synthetic_telemetry,SYN_000119,11.9,LIFTOFF,6.2019,3199.05,240.019,96.0,750.095,35001.9,4.1524,3.4543,0.876,0.776,0.976,1.238,27.781,22.019000000000002,329.75,0.0019000000000000004,-0.0019000000000000004,0.0
synthetic_telemetry,SYN_000120,12.0,LIFTOFF,6.202,3199.0,240.02,96.0,750.1,35002.0,4.152,3.454,0.88,0.78,0.98,1.24,27.78,22.02,330.0,0.002,-0.002,0.0
synthetic_telemetry,SYN_000121,12.100000000000001,LIFTOFF,6.2021,3198.95,240.021,96.0,750.105,35002.1,4.1516,3.4537,0.8840000000000001,0.784,0.9840000000000001,1.242,27.779,22.021,330.25,0.0021000000000000016,-0.0021000000000000016,0.0
synthetic_telemetry,SYN_000122,12.200000000000001,LIFTOFF,6.2022,3198.9,240.022,96.0,750.11,35002.2,4.1512,3.4534,0.8880000000000001,0.788,0.9880000000000001,1.244,27.778,22.022000000000002,330.5,0.002200000000000001,-0.002200000000000001,0.0
synthetic_telemetry,SYN_000123,12.3,LIFTOFF,6.2023,3198.85,240.023,96.0,750.115,35002.3,4.1508,3.4531,0.892,0.792,0.992,1.246,27.777,22.023,330.75,0.002300000000000001,-0.002300000000000001,0.0
synthetic_telemetry,SYN_000124,12.4,LIFTOFF,6.2024,3198.8,240.024,96.0,750.12,35002.4,4.1504,3.4528,0.896,0.796,0.996,1.248,27.776,22.024,331.0,0.0024000000000000002,-0.0024000000000000002,0.0
synthetic_telemetry,SYN_000125,12.5,LIFTOFF,6.202500000000001,3198.75,240.025,96.0,750.125,35002.5,4.15,3.4525,0.9,0.8,1.0,1.25,27.775,22.025,331.25,0.0025,-0.0025,0.0
synthetic_telemetry,SYN_000126,12.600000000000001,LIFTOFF,6.2026,3198.7,240.026,96.0,750.13,35002.6,4.1496,3.4522,0.9040000000000001,0.804,1.004,1.252,27.774,22.026,331.5,0.0026000000000000016,-0.0026000000000000016,0.0
synthetic_telemetry,SYN_000127,12.700000000000001,LIFTOFF,6.2027,3198.65,240.027,96.0,750.135,35002.7,4.1492,3.4519,0.908,0.808,1.008,1.254,27.773,22.027,331.75,0.002700000000000001,-0.002700000000000001,0.0
synthetic_telemetry,SYN_000128,12.8,LIFTOFF,6.2028,3198.6,240.028,96.0,750.14,35002.8,4.1488000000000005,3.4516,0.912,0.812,1.012,1.256,27.772000000000002,22.028,332.0,0.002800000000000001,-0.002800000000000001,0.0
synthetic_telemetry,SYN_000129,12.9,LIFTOFF,6.2029000000000005,3198.55,240.029,96.0,750.145,35002.9,4.1484000000000005,3.4513,0.916,0.8160000000000001,1.016,1.258,27.771,22.029,332.25,0.0029000000000000002,-0.0029000000000000002,0.0
synthetic_telemetry,SYN_000130,13.0,LIFTOFF,6.203,3198.5,240.03,96.0,750.15,35003.0,4.148,3.451,0.92,0.8200000000000001,1.02,1.26,27.77,22.03,332.5,0.003,-0.003,0.0
synthetic_telemetry,SYN_000131,13.100000000000001,LIFTOFF,6.2031,3198.45,240.031,96.0,750.155,35003.1,4.1476,3.4507,0.924,0.8240000000000001,1.024,1.262,27.769000000000002,22.031,332.75,0.0031000000000000016,-0.0031000000000000016,0.0
synthetic_telemetry,SYN_000132,13.200000000000001,LIFTOFF,6.2032,3198.4,240.032,96.0,750.16,35003.2,4.1472,3.4504,0.928,0.8280000000000001,1.028,1.264,27.768,22.032,333.0,0.003200000000000001,-0.003200000000000001,0.0
synthetic_telemetry,SYN_000133,13.3,LIFTOFF,6.2033000000000005,3198.35,240.033,96.0,750.165,35003.3,4.1468,3.4501,0.932,0.8320000000000001,1.032,1.266,27.767,22.033,333.25,0.003300000000000001,-0.003300000000000001,0.0
synthetic_telemetry,SYN_000134,13.4,LIFTOFF,6.2034,3198.3,240.034,96.0,750.17,35003.4,4.1464,3.4498,0.936,0.8360000000000001,1.036,1.268,27.766000000000002,22.034,333.5,0.0034000000000000002,-0.0034000000000000002,0.0
synthetic_telemetry,SYN_000135,13.5,LIFTOFF,6.2035,3198.25,240.035,96.0,750.175,35003.5,4.146,3.4495,0.9400000000000001,0.84,1.04,1.27,27.765,22.035,333.75,0.0035,-0.0035,0.0
synthetic_telemetry,SYN_000136,13.600000000000001,LIFTOFF,6.2036,3198.2,240.036,96.0,750.18,35003.6,4.1456,3.4492,0.9440000000000001,0.8440000000000001,1.044,1.272,27.764,22.036,334.0,0.0036000000000000016,-0.0036000000000000016,0.0
synthetic_telemetry,SYN_000137,13.700000000000001,LIFTOFF,6.2037,3198.15,240.037,96.0,750.185,35003.7,4.1452,3.4489,0.9480000000000001,0.8480000000000001,1.048,1.274,27.763,22.037,334.25,0.003700000000000001,-0.003700000000000001,0.0
synthetic_telemetry,SYN_000138,13.8,LIFTOFF,6.2038,3198.1,240.038,96.0,750.19,35003.8,4.1448,3.4486,0.9520000000000001,0.8520000000000001,1.052,1.276,27.762,22.038,334.5,0.003800000000000001,-0.003800000000000001,0.0
synthetic_telemetry,SYN_000139,13.9,LIFTOFF,6.2039,3198.05,240.039,96.0,750.195,35003.9,4.1444,3.4483,0.9560000000000001,0.8560000000000001,1.056,1.278,27.761,22.039,334.75,0.0039000000000000003,-0.0039000000000000003,0.0
synthetic_telemetry,SYN_000140,14.0,LIFTOFF,6.204,3198.0,240.04,96.0,750.2,35004.0,4.144,3.448,0.96,0.86,1.06,1.28,27.76,22.04,335.0,0.004,-0.004,0.0
synthetic_telemetry,SYN_000141,14.100000000000001,LIFTOFF,6.2041,3197.95,240.041,96.0,750.205,35004.1,4.1436,3.4477,0.9640000000000001,0.8640000000000001,1.064,1.282,27.759,22.041,335.25,0.004100000000000001,-0.004100000000000001,0.0
synthetic_telemetry,SYN_000142,14.200000000000001,LIFTOFF,6.2042,3197.9,240.042,96.0,750.21,35004.2,4.1432,3.4474,0.9680000000000001,0.8680000000000001,1.068,1.284,27.758,22.042,335.5,0.0042000000000000015,-0.0042000000000000015,0.0
synthetic_telemetry,SYN_000143,14.3,LIFTOFF,6.2043,3197.85,240.043,96.0,750.215,35004.3,4.1428,3.4471,0.9720000000000001,0.8720000000000001,1.072,1.286,27.757,22.043,335.75,0.004300000000000001,-0.004300000000000001,0.0
synthetic_telemetry,SYN_000144,14.4,LIFTOFF,6.2044,3197.8,240.044,96.0,750.22,35004.4,4.1424,3.4468,0.976,0.876,1.076,1.288,27.756,22.044,336.0,0.0044,-0.0044,0.0
synthetic_telemetry,SYN_000145,14.5,LIFTOFF,6.2045,3197.75,240.045,96.0,750.225,35004.5,4.142,3.4465,0.98,0.88,1.08,1.29,27.755,22.045,336.25,0.0045000000000000005,-0.0045000000000000005,0.0
synthetic_telemetry,SYN_000146,14.600000000000001,LIFTOFF,6.2046,3197.7,240.046,96.0,750.23,35004.6,4.1416,3.4462,0.9840000000000001,0.8840000000000001,1.084,1.292,27.754,22.046,336.5,0.004600000000000002,-0.004600000000000002,0.0
synthetic_telemetry,SYN_000147,14.700000000000001,LIFTOFF,6.2047,3197.65,240.047,96.0,750.235,35004.7,4.1412,3.4459,0.988,0.8880000000000001,1.088,1.294,27.753,22.047,336.75,0.004700000000000001,-0.004700000000000001,0.0
synthetic_telemetry,SYN_000148,14.8,LIFTOFF,6.2048,3197.6,240.048,96.0,750.24,35004.8,4.1408000000000005,3.4456,0.992,0.892,1.092,1.296,27.752,22.048000000000002,337.0,0.0048000000000000004,-0.0048000000000000004,0.0
synthetic_telemetry,SYN_000149,14.9,LIFTOFF,6.2049,3197.55,240.049,96.0,750.245,35004.9,4.1404000000000005,3.4453,0.996,0.896,1.096,1.298,27.751,22.049,337.25,0.004900000000000001,-0.004900000000000001,0.0
synthetic_telemetry,SYN_000150,15.0,LIFTOFF,6.205,3197.5,240.05,96.0,750.25,35005.0,4.140000000000001,3.4450000000000003,1.0,0.9,1.1,1.2999999999999998,27.75,22.05,337.5,0.005,-0.005,0.0
synthetic_telemetry,SYN_000151,15.100000000000001,LIFTOFF,6.2051,3197.45,240.051,96.0,750.255,35005.1,4.1396,3.4447,1.004,0.9040000000000001,1.104,1.302,27.749,22.051000000000002,337.75,0.005100000000000001,-0.005100000000000001,0.0
synthetic_telemetry,SYN_000152,15.200000000000001,LIFTOFF,6.2052000000000005,3197.4,240.052,96.0,750.26,35005.2,4.1392,3.4444,1.008,0.9080000000000001,1.108,1.304,27.748,22.052,338.0,0.0052000000000000015,-0.0052000000000000015,0.0
synthetic_telemetry,SYN_000153,15.3,LIFTOFF,6.2053,3197.35,240.053,96.0,750.265,35005.3,4.1388,3.4441,1.012,0.912,1.112,1.306,27.747,22.053,338.25,0.005300000000000001,-0.005300000000000001,0.0
synthetic_telemetry,SYN_000154,15.4,LIFTOFF,6.2054,3197.3,240.054,96.0,750.27,35005.4,4.1384,3.4438,1.016,0.916,1.116,1.3079999999999998,27.746,22.054000000000002,338.5,0.0054,-0.0054,0.0
synthetic_telemetry,SYN_000155,15.5,LIFTOFF,6.2055,3197.25,240.055,96.0,750.275,35005.5,4.138,3.4435000000000002,1.02,0.92,1.12,1.31,27.745,22.055,338.75,0.0055,-0.0055,0.0
synthetic_telemetry,SYN_000156,15.600000000000001,LIFTOFF,6.2056000000000004,3197.2,240.05599999999998,96.0,750.28,35005.6,4.1376,3.4432,1.024,0.9240000000000002,1.124,1.312,27.744,22.056,339.0,0.005600000000000002,-0.005600000000000002,0.0
synthetic_telemetry,SYN_000157,15.700000000000001,LIFTOFF,6.2057,3197.15,240.057,96.0,750.285,35005.7,4.1372,3.4429,1.028,0.928,1.1280000000000001,1.314,27.743,22.057000000000002,339.25,0.005700000000000001,-0.005700000000000001,0.0
synthetic_telemetry,SYN_000158,15.8,LIFTOFF,6.2058,3197.1,240.058,96.0,750.29,35005.8,4.1368,3.4426,1.032,0.932,1.1320000000000001,1.3159999999999998,27.742,22.058,339.5,0.0058000000000000005,-0.0058000000000000005,0.0
synthetic_telemetry,SYN_000159,15.9,LIFTOFF,6.2059,3197.05,240.059,96.0,750.295,35005.9,4.1364,3.4423,1.036,0.936,1.1360000000000001,1.318,27.741,22.059,339.75,0.005900000000000001,-0.005900000000000001,0.0
synthetic_telemetry,SYN_000160,16.0,LIFTOFF,6.206,3197.0,240.06,96.0,750.3,35006.0,4.136,3.442,1.04,0.9400000000000001,1.1400000000000001,1.3199999999999998,27.74,22.060000000000002,340.0,0.006,-0.006,0.0
synthetic_telemetry,SYN_000161,16.1,LIFTOFF,6.2061,3196.95,240.061,96.0,750.305,35006.1,4.1356,3.4417,1.044,0.9440000000000001,1.1440000000000001,1.322,27.739,22.061,340.25,0.006100000000000001,-0.006100000000000001,0.0
synthetic_telemetry,SYN_000162,16.2,LIFTOFF,6.2062,3196.9,240.06199999999998,96.0,750.31,35006.2,4.1352,3.4414000000000002,1.048,0.948,1.148,1.3239999999999998,27.738,22.062,340.5,0.0062,-0.0062,0.0
synthetic_telemetry,SYN_000163,16.3,LIFTOFF,6.2063,3196.85,240.063,96.0,750.315,35006.3,4.1348,3.4411,1.052,0.9520000000000001,1.1520000000000001,1.326,27.737,22.063000000000002,340.75,0.006300000000000001,-0.006300000000000001,0.0
synthetic_telemetry,SYN_000164,16.400000000000002,LIFTOFF,6.2064,3196.8,240.064,96.0,750.32,35006.4,4.1344,3.4408000000000003,1.056,0.9560000000000002,1.1560000000000001,1.328,27.736,22.064,341.0,0.006400000000000002,-0.006400000000000002,0.0
synthetic_telemetry,SYN_000165,16.5,LIFTOFF,6.2065,3196.75,240.065,96.0,750.325,35006.5,4.134,3.4405,1.06,0.9600000000000001,1.1600000000000001,1.3299999999999998,27.735,22.065,341.25,0.006500000000000001,-0.006500000000000001,0.0
synthetic_telemetry,SYN_000166,16.6,LIFTOFF,6.2066,3196.7,240.066,96.0,750.33,35006.6,4.1336,3.4402,1.064,0.9640000000000002,1.1640000000000001,1.3319999999999999,27.733999999999998,22.066000000000003,341.5,0.006600000000000002,-0.006600000000000002,0.0
synthetic_telemetry,SYN_000167,16.7,LIFTOFF,6.2067,3196.65,240.067,96.0,750.335,35006.7,4.1332,3.4399,1.068,0.968,1.168,1.3339999999999999,27.733,22.067,341.75,0.006699999999999999,-0.006699999999999999,0.0
synthetic_telemetry,SYN_000168,16.8,LIFTOFF,6.2068,3196.6,240.06799999999998,96.0,750.34,35006.8,4.1328000000000005,3.4396,1.072,0.9720000000000001,1.1720000000000002,1.3359999999999999,27.732,22.068,342.0,0.0068000000000000005,-0.0068000000000000005,0.0
synthetic_telemetry,SYN_000169,16.900000000000002,LIFTOFF,6.2069,3196.55,240.069,96.0,750.345,35006.9,4.1324000000000005,3.4393000000000002,1.076,0.9760000000000002,1.1760000000000002,1.338,27.730999999999998,22.069000000000003,342.25,0.0069000000000000025,-0.0069000000000000025,0.0
synthetic_telemetry,SYN_000170,17.0,LIFTOFF,6.207,3196.5,240.07,96.0,750.35,35007.0,4.132,3.439,1.08,0.98,1.1800000000000002,1.3399999999999999,27.73,22.07,342.5,0.007,-0.007,0.0
synthetic_telemetry,SYN_000171,17.1,LIFTOFF,6.2071,3196.45,240.071,96.0,750.355,35007.1,4.1316,3.4387000000000003,1.084,0.9840000000000001,1.1840000000000002,1.342,27.729,22.071,342.75,0.007100000000000001,-0.007100000000000001,0.0
synthetic_telemetry,SYN_000172,17.2,LIFTOFF,6.2072,3196.4,240.072,96.0,750.36,35007.2,4.1312,3.4384,1.088,0.988,1.188,1.3439999999999999,27.727999999999998,22.072000000000003,343.0,0.0072,-0.0072,0.0
synthetic_telemetry,SYN_000173,17.3,LIFTOFF,6.2073,3196.35,240.073,96.0,750.365,35007.3,4.1308,3.4381,1.092,0.9920000000000001,1.1920000000000002,1.3459999999999999,27.727,22.073,343.25,0.007300000000000001,-0.007300000000000001,0.0
synthetic_telemetry,SYN_000174,17.400000000000002,LIFTOFF,6.2074,3196.3,240.07399999999998,96.0,750.37,35007.4,4.1304,3.4378,1.096,0.9960000000000002,1.1960000000000002,1.3479999999999999,27.726,22.074,343.5,0.007400000000000002,-0.007400000000000002,0.0
synthetic_telemetry,SYN_000175,17.5,LIFTOFF,6.2075000000000005,3196.25,240.075,96.0,750.375,35007.5,4.13,3.4375,1.1,1.0,1.2,1.3499999999999999,27.725,22.075000000000003,343.75,0.0075,-0.0075,0.0
synthetic_telemetry,SYN_000176,17.6,LIFTOFF,6.2076,3196.2,240.076,96.0,750.38,35007.6,4.1296,3.4372000000000003,1.104,1.004,1.2040000000000002,1.3519999999999999,27.724,22.076,344.0,0.007600000000000002,-0.007600000000000002,0.0
synthetic_telemetry,SYN_000177,17.7,LIFTOFF,6.2077,3196.15,240.077,96.0,750.385,35007.7,4.1292,3.4369,1.108,1.008,1.208,1.3539999999999999,27.723,22.077,344.25,0.007699999999999999,-0.007699999999999999,0.0
synthetic_telemetry,SYN_000178,17.8,LIFTOFF,6.2078,3196.1,240.078,96.0,750.39,35007.8,4.1288,3.4366000000000003,1.112,1.012,1.2120000000000002,1.3559999999999999,27.722,22.078,344.5,0.0078000000000000005,-0.0078000000000000005,0.0
synthetic_telemetry,SYN_000179,17.900000000000002,LIFTOFF,6.2079,3196.05,240.079,96.0,750.395,35007.9,4.1284,3.4363,1.116,1.0160000000000002,1.2160000000000002,1.358,27.721,22.079,344.75,0.007900000000000003,-0.007900000000000003,0.0
synthetic_telemetry,SYN_000180,18.0,LIFTOFF,6.208,3196.0,240.07999999999998,96.0,750.4,35008.0,4.128,3.436,1.12,1.02,1.22,1.3599999999999999,27.72,22.080000000000002,345.0,0.008,-0.008,0.0
synthetic_telemetry,SYN_000181,18.1,LIFTOFF,6.2081,3195.95,240.081,96.0,750.405,35008.1,4.1276,3.4357,1.124,1.024,1.2240000000000002,1.3619999999999999,27.719,22.081,345.25,0.008100000000000001,-0.008100000000000001,0.0
synthetic_telemetry,SYN_000182,18.2,LIFTOFF,6.2082,3195.9,240.082,96.0,750.41,35008.2,4.1272,3.4354,1.128,1.028,1.228,1.3639999999999999,27.718,22.082,345.5,0.008199999999999999,-0.008199999999999999,0.0
synthetic_telemetry,SYN_000183,18.3,LIFTOFF,6.2083,3195.85,240.083,96.0,750.415,35008.3,4.1268,3.4351000000000003,1.1320000000000001,1.032,1.232,1.3659999999999999,27.717,22.083000000000002,345.75,0.0083,-0.0083,0.0
synthetic_telemetry,SYN_000184,18.400000000000002,LIFTOFF,6.2084,3195.8,240.084,96.0,750.42,35008.4,4.1264,3.4348,1.1360000000000001,1.036,1.2360000000000002,1.3679999999999999,27.716,22.084,346.0,0.008400000000000003,-0.008400000000000003,0.0
synthetic_telemetry,SYN_000185,18.5,LIFTOFF,6.2085,3195.75,240.085,96.0,750.425,35008.5,4.126,3.4345000000000003,1.1400000000000001,1.04,1.24,1.3699999999999999,27.715,22.085,346.25,0.0085,-0.0085,0.0
synthetic_telemetry,SYN_000186,18.6,LIFTOFF,6.2086,3195.7,240.08599999999998,96.0,750.43,35008.6,4.1256,3.4342,1.1440000000000001,1.044,1.2440000000000002,1.3719999999999999,27.714,22.086000000000002,346.5,0.008600000000000002,-0.008600000000000002,0.0
synthetic_telemetry,SYN_000187,18.7,LIFTOFF,6.2087,3195.65,240.087,96.0,750.435,35008.7,4.1252,3.4339,1.148,1.048,1.248,1.3739999999999999,27.713,22.087,346.75,0.0087,-0.0087,0.0
synthetic_telemetry,SYN_000188,18.8,LIFTOFF,6.2088,3195.6,240.088,96.0,750.44,35008.8,4.1248000000000005,3.4336,1.1520000000000001,1.052,1.252,1.376,27.712,22.088,347.0,0.0088,-0.0088,0.0
synthetic_telemetry,SYN_000189,18.900000000000002,LIFTOFF,6.2089,3195.55,240.089,96.0,750.445,35008.9,4.1244000000000005,3.4333,1.1560000000000001,1.056,1.2560000000000002,1.378,27.711,22.089000000000002,347.25,0.008900000000000002,-0.008900000000000002,0.0
synthetic_telemetry,SYN_000190,19.0,LIFTOFF,6.209,3195.5,240.09,96.0,750.45,35009.0,4.1240000000000006,3.4330000000000003,1.16,1.06,1.26,1.38,27.71,22.09,347.5,0.009000000000000001,-0.009000000000000001,0.0
synthetic_telemetry,SYN_000191,19.1,LIFTOFF,6.2091,3195.45,240.091,96.0,750.455,35009.1,4.1236,3.4327,1.1640000000000001,1.064,1.264,1.382,27.709,22.091,347.75,0.009100000000000002,-0.009100000000000002,0.0
synthetic_telemetry,SYN_000192,19.200000000000003,LIFTOFF,6.2092,3195.4,240.09199999999998,96.0,750.46,35009.2,4.1232,3.4324000000000003,1.1680000000000001,1.0680000000000003,1.2680000000000002,1.384,27.708,22.092000000000002,348.0,0.009200000000000003,-0.009200000000000003,0.0
synthetic_telemetry,SYN_000193,19.3,LIFTOFF,6.2093,3195.35,240.093,96.0,750.465,35009.3,4.1228,3.4321,1.1720000000000002,1.072,1.272,1.386,27.707,22.093,348.25,0.009300000000000001,-0.009300000000000001,0.0
synthetic_telemetry,SYN_000194,19.400000000000002,LIFTOFF,6.2094,3195.3,240.094,96.0,750.47,35009.4,4.1224,3.4318,1.1760000000000002,1.076,1.2760000000000002,1.388,27.706,22.094,348.5,0.009400000000000002,-0.009400000000000002,0.0
synthetic_telemetry,SYN_000195,19.5,LIFTOFF,6.2095,3195.25,240.095,96.0,750.475,35009.5,4.122,3.4315,1.18,1.08,1.28,1.39,27.705,22.095000000000002,348.75,0.0095,-0.0095,0.0
synthetic_telemetry,SYN_000196,19.6,LIFTOFF,6.2096,3195.2,240.096,96.0,750.48,35009.6,4.1216,3.4312,1.1840000000000002,1.084,1.284,1.392,27.704,22.096,349.0,0.009600000000000001,-0.009600000000000001,0.0
synthetic_telemetry,SYN_000197,19.700000000000003,LIFTOFF,6.2097,3195.15,240.097,96.0,750.485,35009.7,4.1212,3.4309000000000003,1.1880000000000002,1.088,1.2880000000000003,1.394,27.703,22.097,349.25,0.009700000000000004,-0.009700000000000004,0.0
synthetic_telemetry,SYN_000198,19.8,LIFTOFF,6.2097999999999995,3195.1,240.09799999999998,96.0,750.49,35009.8,4.1208,3.4306,1.192,1.092,1.292,1.396,27.701999999999998,22.098000000000003,349.5,0.009800000000000001,-0.009800000000000001,0.0
synthetic_telemetry,SYN_000199,19.900000000000002,LIFTOFF,6.2099,3195.05,240.099,96.0,750.495,35009.9,4.1204,3.4303000000000003,1.1960000000000002,1.096,1.296,1.398,27.701,22.099,349.75,0.009900000000000003,-0.009900000000000003,0.0
synthetic_telemetry,SYN_000200,20.0,LIFTOFF,6.21,3195.0,240.1,96.0,750.5,35010.0,4.12,3.43,1.2,1.1,1.3,1.4,27.7,22.1,350.0,0.01,-0.01,0.0
synthetic_telemetry,SYN_000201,20.1,LIFTOFF,6.2097999999999995,3195.1,240.097,95.999,750.487,35009.7,4.1196,3.4297,1.203,1.1030000000000002,1.3030000000000002,1.402,27.698999999999998,22.099,350.3,0.010100000000000001,-0.009899999999999999,0.00010000000000000143
synthetic_telemetry,SYN_000202,20.200000000000003,LIFTOFF,6.2096,3195.2,240.094,95.998,750.474,35009.4,4.1192,3.4294000000000002,1.206,1.106,1.306,1.404,27.698,22.098000000000003,350.6,0.010200000000000002,-0.009799999999999998,0.00020000000000000286
synthetic_telemetry,SYN_000203,20.3,LIFTOFF,6.2094,3195.3,240.091,95.997,750.461,35009.1,4.1188,3.4291,1.209,1.1090000000000002,1.3090000000000002,1.406,27.697,22.097,350.9,0.0103,-0.0097,0.00030000000000000073
synthetic_telemetry,SYN_000204,20.400000000000002,LIFTOFF,6.2092,3195.4,240.088,95.996,750.448,35008.8,4.1184,3.4288000000000003,1.212,1.112,1.312,1.408,27.695999999999998,22.096,351.2,0.010400000000000003,-0.009599999999999997,0.00040000000000000213
synthetic_telemetry,SYN_000205,20.5,LIFTOFF,6.209,3195.5,240.085,95.995,750.435,35008.5,4.118,3.4285,1.2149999999999999,1.115,1.315,1.41,27.695,22.095000000000002,351.5,0.0105,-0.0095,0.0005
synthetic_telemetry,SYN_000206,20.6,LIFTOFF,6.2088,3195.6,240.082,95.994,750.422,35008.2,4.1176,3.4282000000000004,1.218,1.118,1.318,1.412,27.694,22.094,351.8,0.010600000000000002,-0.009399999999999999,0.0006000000000000015
synthetic_telemetry,SYN_000207,20.700000000000003,LIFTOFF,6.2086,3195.7,240.079,95.993,750.409,35007.9,4.1172,3.4279,1.221,1.1210000000000002,1.3210000000000002,1.414,27.692999999999998,22.093,352.1,0.010700000000000003,-0.009299999999999998,0.0007000000000000028
synthetic_telemetry,SYN_000208,20.8,LIFTOFF,6.2084,3195.8,240.076,95.992,750.396,35007.6,4.1168000000000005,3.4276,1.224,1.124,1.324,1.416,27.692,22.092000000000002,352.4,0.0108,-0.0092,0.0008000000000000007
synthetic_telemetry,SYN_000209,20.900000000000002,LIFTOFF,6.2082,3195.9,240.073,95.991,750.383,35007.3,4.1164000000000005,3.4273000000000002,1.227,1.1270000000000002,1.3270000000000002,1.418,27.691,22.091,352.7,0.010900000000000002,-0.009099999999999999,0.0009000000000000021
synthetic_telemetry,SYN_000210,21.0,LIFTOFF,6.208,3196.0,240.07,95.99,750.37,35007.0,4.116,3.427,1.23,1.1300000000000001,1.33,1.42,27.689999999999998,22.09,353.0,0.011,-0.009000000000000001,0.001
synthetic_telemetry,SYN_000211,21.1,LIFTOFF,6.2078,3196.1,240.067,95.989,750.357,35006.7,4.1156,3.4267000000000003,1.233,1.133,1.3330000000000002,1.422,27.689,22.089000000000002,353.3,0.011100000000000002,-0.008899999999999998,0.0011000000000000014
synthetic_telemetry,SYN_000212,21.200000000000003,LIFTOFF,6.2076,3196.2,240.064,95.988,750.344,35006.4,4.1152,3.4264,1.236,1.1360000000000001,1.336,1.424,27.688,22.088,353.6,0.011200000000000003,-0.008799999999999997,0.001200000000000003
synthetic_telemetry,SYN_000213,21.3,LIFTOFF,6.2074,3196.3,240.061,95.987,750.331,35006.1,4.1148,3.4261,1.2389999999999999,1.139,1.339,1.426,27.687,22.087,353.9,0.011300000000000001,-0.0087,0.0013000000000000008
synthetic_telemetry,SYN_000214,21.400000000000002,LIFTOFF,6.2072,3196.4,240.058,95.986,750.318,35005.8,4.1144,3.4258,1.242,1.1420000000000001,1.342,1.428,27.686,22.086000000000002,354.2,0.011400000000000002,-0.008599999999999998,0.0014000000000000022
synthetic_telemetry,SYN_000215,21.5,LIFTOFF,6.207,3196.5,240.055,95.985,750.3050000000001,35005.5,4.114,3.4255,1.2449999999999999,1.145,1.345,1.43,27.685,22.085,354.5,0.0115,-0.0085,0.0015
synthetic_telemetry,SYN_000216,21.6,LIFTOFF,6.2068,3196.6,240.052,95.984,750.292,35005.2,4.1136,3.4252000000000002,1.248,1.1480000000000001,1.348,1.432,27.684,22.084,354.8,0.011600000000000001,-0.0084,0.0016000000000000014
synthetic_telemetry,SYN_000217,21.700000000000003,LIFTOFF,6.2066,3196.7,240.049,95.983,750.279,35004.9,4.1132,3.4249,1.2510000000000001,1.1510000000000002,1.3510000000000002,1.434,27.683,22.083000000000002,355.1,0.011700000000000004,-0.008299999999999997,0.001700000000000003
synthetic_telemetry,SYN_000218,21.8,LIFTOFF,6.2064,3196.8,240.046,95.982,750.266,35004.6,4.1128,3.4246000000000003,1.254,1.1540000000000001,1.354,1.436,27.682,22.082,355.4,0.011800000000000001,-0.008199999999999999,0.0018000000000000008
synthetic_telemetry,SYN_000219,21.900000000000002,LIFTOFF,6.2062,3196.9,240.043,95.981,750.253,35004.3,4.1124,3.4243,1.2570000000000001,1.157,1.3570000000000002,1.438,27.681,22.081,355.7,0.011900000000000003,-0.008099999999999998,0.0019000000000000022
synthetic_telemetry,SYN_000220,22.0,LIFTOFF,6.206,3197.0,240.04,95.98,750.24,35004.0,4.112,3.424,1.26,1.1600000000000001,1.36,1.44,27.68,22.080000000000002,356.0,0.012,-0.008,0.002
synthetic_telemetry,SYN_000221,22.1,LIFTOFF,6.2058,3197.1,240.037,95.979,750.227,35003.7,4.1116,3.4237,1.263,1.163,1.363,1.442,27.679,22.079,356.3,0.012100000000000001,-0.007899999999999999,0.0021000000000000016
synthetic_telemetry,SYN_000222,22.200000000000003,LIFTOFF,6.2056000000000004,3197.2,240.034,95.978,750.214,35003.4,4.1112,3.4234,1.266,1.1660000000000001,1.366,1.444,27.678,22.078,356.6,0.012200000000000003,-0.007799999999999998,0.0022000000000000027
synthetic_telemetry,SYN_000223,22.3,LIFTOFF,6.2054,3197.3,240.031,95.977,750.201,35003.1,4.1108,3.4231000000000003,1.269,1.169,1.369,1.446,27.677,22.077,356.9,0.012300000000000002,-0.007699999999999999,0.002300000000000001
synthetic_telemetry,SYN_000224,22.400000000000002,LIFTOFF,6.2052000000000005,3197.4,240.028,95.976,750.188,35002.8,4.1104,3.4228,1.272,1.1720000000000002,1.372,1.448,27.676,22.076,357.2,0.012400000000000003,-0.007599999999999997,0.0024000000000000024
synthetic_telemetry,SYN_000225,22.5,LIFTOFF,6.205,3197.5,240.025,95.975,750.175,35002.5,4.11,3.4225000000000003,1.275,1.175,1.375,1.45,27.675,22.075000000000003,357.5,0.0125,-0.0075,0.0025
synthetic_telemetry,SYN_000226,22.6,LIFTOFF,6.2048,3197.6,240.022,95.974,750.162,35002.2,4.1096,3.4222,1.278,1.1780000000000002,1.3780000000000001,1.452,27.674,22.074,357.8,0.012600000000000002,-0.007399999999999999,0.0026000000000000016
synthetic_telemetry,SYN_000227,22.700000000000003,LIFTOFF,6.2046,3197.7,240.019,95.973,750.149,35001.9,4.1092,3.4219,1.2810000000000001,1.181,1.3810000000000002,1.454,27.673,22.073,358.1,0.012700000000000003,-0.0072999999999999975,0.0027000000000000027
synthetic_telemetry,SYN_000228,22.8,LIFTOFF,6.2044,3197.8,240.016,95.97200000000001,750.136,35001.6,4.1088000000000005,3.4216,1.284,1.1840000000000002,1.3840000000000001,1.456,27.672,22.072000000000003,358.4,0.0128,-0.0072,0.002800000000000001
synthetic_telemetry,SYN_000229,22.900000000000002,LIFTOFF,6.2042,3197.9,240.013,95.971,750.123,35001.3,4.1084000000000005,3.4213,1.287,1.187,1.387,1.458,27.671,22.071,358.7,0.012900000000000002,-0.007099999999999998,0.0029000000000000024
synthetic_telemetry,SYN_000230,23.0,LIFTOFF,6.204,3198.0,240.01,95.97,750.11,35001.0,4.1080000000000005,3.4210000000000003,1.29,1.19,1.3900000000000001,1.46,27.67,22.07,359.0,0.013000000000000001,-0.007,0.003
synthetic_telemetry,SYN_000231,23.1,LIFTOFF,6.2038,3198.1,240.007,95.96900000000001,750.097,35000.7,4.1076,3.4207,1.293,1.193,1.393,1.462,27.669,22.069000000000003,359.3,0.013100000000000002,-0.006899999999999998,0.0031000000000000016
synthetic_telemetry,SYN_000232,23.200000000000003,LIFTOFF,6.2036,3198.2,240.004,95.968,750.0840000000001,35000.4,4.1072,3.4204,1.296,1.1960000000000002,1.3960000000000001,1.464,27.668,22.068,359.6,0.013200000000000003,-0.006799999999999997,0.0032000000000000028
synthetic_telemetry,SYN_000233,23.3,LIFTOFF,6.2034,3198.3,240.001,95.967,750.071,35000.1,4.1068,3.4201,1.299,1.199,1.399,1.466,27.667,22.067,359.9,0.013300000000000001,-0.006699999999999999,0.003300000000000001
synthetic_telemetry,SYN_000234,23.400000000000002,LIFTOFF,6.2032,3198.4,239.998,95.96600000000001,750.058,34999.8,4.1064,3.4198,1.302,1.2020000000000002,1.4020000000000001,1.468,27.666,22.066000000000003,360.2,0.013400000000000002,-0.006599999999999998,0.0034000000000000024
synthetic_telemetry,SYN_000235,23.5,LIFTOFF,6.203,3198.5,239.995,95.965,750.0450000000001,34999.5,4.106,3.4195,1.305,1.205,1.405,1.47,27.665,22.065,360.5,0.0135,-0.006500000000000001,0.0035
synthetic_telemetry,SYN_000236,23.6,LIFTOFF,6.2028,3198.6,239.992,95.964,750.032,34999.2,4.1056,3.4192,1.308,1.208,1.4080000000000001,1.472,27.664,22.064,360.8,0.013600000000000001,-0.006399999999999999,0.0036000000000000016
synthetic_telemetry,SYN_000237,23.700000000000003,LIFTOFF,6.2026,3198.7,239.989,95.96300000000001,750.019,34998.9,4.1052,3.4189000000000003,1.3110000000000002,1.211,1.4110000000000003,1.474,27.663,22.063000000000002,361.1,0.013700000000000004,-0.0062999999999999974,0.0037000000000000028
synthetic_telemetry,SYN_000238,23.8,LIFTOFF,6.2024,3198.8,239.986,95.962,750.006,34998.6,4.1048,3.4186,1.314,1.214,1.4140000000000001,1.476,27.662,22.062,361.4,0.013800000000000002,-0.006199999999999999,0.003800000000000001
synthetic_telemetry,SYN_000239,23.900000000000002,LIFTOFF,6.2022,3198.9,239.983,95.961,749.993,34998.3,4.1044,3.4183,1.317,1.217,1.417,1.478,27.661,22.061,361.7,0.013900000000000003,-0.006099999999999998,0.0039000000000000024
synthetic_telemetry,SYN_000240,24.0,LIFTOFF,6.202,3199.0,239.98,95.96000000000001,749.98,34998.0,4.104,3.418,1.32,1.22,1.4200000000000002,1.48,27.66,22.060000000000002,362.0,0.014,-0.006,0.004
synthetic_telemetry,SYN_000241,24.1,LIFTOFF,6.2018,3199.1,239.977,95.959,749.967,34997.7,4.1036,3.4177,1.323,1.223,1.423,1.482,27.659,22.059,362.3,0.014100000000000001,-0.005899999999999999,0.004100000000000001
synthetic_telemetry,SYN_000242,24.200000000000003,LIFTOFF,6.2016,3199.2,239.974,95.958,749.9540000000001,34997.4,4.1032,3.4174,1.326,1.226,1.4260000000000002,1.484,27.658,22.058,362.6,0.014200000000000004,-0.005799999999999997,0.004200000000000003
synthetic_telemetry,SYN_000243,24.3,LIFTOFF,6.2014000000000005,3199.3,239.971,95.95700000000001,749.941,34997.1,4.1028,3.4171,1.329,1.229,1.429,1.486,27.657,22.057000000000002,362.9,0.0143,-0.005699999999999999,0.004300000000000001
synthetic_telemetry,SYN_000244,24.400000000000002,LIFTOFF,6.2012,3199.4,239.968,95.956,749.928,34996.8,4.1024,3.4168,1.332,1.232,1.4320000000000002,1.488,27.656,22.056,363.2,0.014400000000000003,-0.005599999999999998,0.004400000000000002
synthetic_telemetry,SYN_000245,24.5,LIFTOFF,6.2010000000000005,3199.5,239.965,95.955,749.915,34996.5,4.102,3.4165,1.335,1.235,1.435,1.49,27.655,22.055,363.5,0.0145,-0.0055,0.0045000000000000005
synthetic_telemetry,SYN_000246,24.6,LIFTOFF,6.2008,3199.6,239.962,95.95400000000001,749.902,34996.2,4.1016,3.4162,1.338,1.238,1.4380000000000002,1.492,27.654,22.054000000000002,363.8,0.014600000000000002,-0.0053999999999999986,0.004600000000000002
synthetic_telemetry,SYN_000247,24.700000000000003,LIFTOFF,6.2006000000000006,3199.7,239.959,95.953,749.889,34995.9,4.1012,3.4159,1.3410000000000002,1.241,1.4410000000000003,1.494,27.653,22.053,364.1,0.014700000000000003,-0.005299999999999997,0.004700000000000003
synthetic_telemetry,SYN_000248,24.8,LIFTOFF,6.2004,3199.8,239.956,95.952,749.876,34995.6,4.1008000000000004,3.4156,1.344,1.244,1.4440000000000002,1.496,27.652,22.052,364.4,0.0148,-0.0052,0.0048000000000000004
synthetic_telemetry,SYN_000249,24.900000000000002,LIFTOFF,6.200200000000001,3199.9,239.953,95.95100000000001,749.863,34995.3,4.1004000000000005,3.4153000000000002,1.347,1.247,1.447,1.498,27.651,22.051000000000002,364.7,0.014900000000000004,-0.005099999999999998,0.0049000000000000024
synthetic_telemetry,SYN_000250,25.0,LIFTOFF,6.2,3200.0,239.95,95.95,749.85,34995.0,4.1,3.415,1.35,1.25,1.4500000000000002,1.5,27.65,22.05,365.0,0.015,-0.005,0.005
synthetic_telemetry,SYN_000251,25.1,LIFTOFF,6.1998,3200.1,239.947,95.949,749.837,34994.7,4.0996,3.4147,1.353,1.2530000000000001,1.453,1.502,27.649,22.049,365.3,0.015100000000000002,-0.004899999999999999,0.005100000000000001
synthetic_telemetry,SYN_000252,25.200000000000003,LIFTOFF,6.1996,3200.2,239.94400000000002,95.94800000000001,749.8240000000001,34994.4,4.0992,3.4144,1.356,1.256,1.4560000000000002,1.504,27.648,22.048000000000002,365.6,0.015200000000000003,-0.004799999999999997,0.005200000000000003
synthetic_telemetry,SYN_000253,25.3,LIFTOFF,6.1994,3200.3,239.941,95.947,749.811,34994.1,4.0988,3.4141,1.359,1.259,1.459,1.506,27.647000000000002,22.047,365.9,0.015300000000000001,-0.004699999999999999,0.005300000000000001
synthetic_telemetry,SYN_000254,25.400000000000002,LIFTOFF,6.1992,3200.4,239.93800000000002,95.946,749.798,34993.8,4.0984,3.4138,1.362,1.262,1.4620000000000002,1.508,27.646,22.046,366.2,0.015400000000000002,-0.004599999999999998,0.005400000000000002
synthetic_telemetry,SYN_000255,25.5,LIFTOFF,6.199,3200.5,239.935,95.94500000000001,749.7850000000001,34993.5,4.098,3.4135,1.365,1.265,1.465,1.51,27.645,22.045,366.5,0.0155,-0.0045000000000000005,0.0055
synthetic_telemetry,SYN_000256,25.6,LIFTOFF,6.1988,3200.6,239.93200000000002,95.944,749.772,34993.2,4.0976,3.4132000000000002,1.368,1.268,1.4680000000000002,1.512,27.644000000000002,22.044,366.8,0.015600000000000003,-0.0043999999999999985,0.005600000000000002
synthetic_telemetry,SYN_000257,25.700000000000003,LIFTOFF,6.1986,3200.7,239.929,95.943,749.759,34992.9,4.0972,3.4129,1.371,1.2710000000000001,1.471,1.514,27.643,22.043,367.1,0.015700000000000002,-0.004299999999999997,0.005700000000000003
synthetic_telemetry,SYN_000258,25.8,LIFTOFF,6.1984,3200.8,239.92600000000002,95.94200000000001,749.746,34992.6,4.0968,3.4126,1.374,1.274,1.4740000000000002,1.516,27.642,22.042,367.4,0.0158,-0.0042,0.0058000000000000005
synthetic_telemetry,SYN_000259,25.900000000000002,LIFTOFF,6.1982,3200.9,239.923,95.941,749.7330000000001,34992.3,4.0964,3.4123,1.377,1.2770000000000001,1.477,1.518,27.641000000000002,22.041,367.7,0.015900000000000004,-0.004099999999999998,0.0059000000000000025
synthetic_telemetry,SYN_000260,26.0,LIFTOFF,6.198,3201.0,239.92000000000002,95.94,749.72,34992.0,4.096,3.412,1.38,1.28,1.48,1.52,27.64,22.04,368.0,0.016,-0.004,0.006
synthetic_telemetry,SYN_000261,26.1,LIFTOFF,6.1978,3201.1,239.917,95.93900000000001,749.707,34991.7,4.0956,3.4117,1.383,1.283,1.483,1.522,27.639,22.039,368.3,0.016100000000000003,-0.003899999999999999,0.006100000000000001
synthetic_telemetry,SYN_000262,26.200000000000003,LIFTOFF,6.1976,3201.2,239.91400000000002,95.938,749.6940000000001,34991.4,4.0952,3.4114,1.3860000000000001,1.286,1.4860000000000002,1.524,27.638,22.038,368.6,0.016200000000000003,-0.003799999999999997,0.006200000000000003
synthetic_telemetry,SYN_000263,26.3,LIFTOFF,6.1974,3201.3,239.911,95.937,749.681,34991.1,4.0948,3.4111,1.389,1.289,1.489,1.526,27.637,22.037,368.9,0.016300000000000002,-0.0036999999999999993,0.006300000000000001
synthetic_telemetry,SYN_000264,26.400000000000002,LIFTOFF,6.1972000000000005,3201.4,239.90800000000002,95.936,749.668,34990.8,4.0944,3.4108,1.3920000000000001,1.292,1.4920000000000002,1.528,27.636,22.036,369.2,0.0164,-0.003599999999999998,0.006400000000000002
synthetic_telemetry,SYN_000265,26.5,LIFTOFF,6.197,3201.5,239.905,95.935,749.655,34990.5,4.094,3.4105,1.395,1.295,1.495,1.53,27.635,22.035,369.5,0.0165,-0.0034999999999999996,0.006500000000000001
synthetic_telemetry,SYN_000266,26.6,LIFTOFF,6.1968000000000005,3201.6,239.90200000000002,95.934,749.642,34990.2,4.0936,3.4102,1.3980000000000001,1.298,1.4980000000000002,1.532,27.634,22.034,369.8,0.016600000000000004,-0.0033999999999999985,0.006600000000000002
synthetic_telemetry,SYN_000267,26.700000000000003,LIFTOFF,6.1966,3201.7,239.899,95.933,749.629,34989.9,4.0932,3.4099,1.401,1.3010000000000002,1.5010000000000001,1.534,27.633,22.033,370.1,0.016700000000000003,-0.0032999999999999974,0.006700000000000003
synthetic_telemetry,SYN_000268,26.8,LIFTOFF,6.196400000000001,3201.8,239.89600000000002,95.932,749.616,34989.6,4.0928,3.4096,1.404,1.304,1.504,1.536,27.632,22.032,370.4,0.016800000000000002,-0.0031999999999999997,0.0068000000000000005
synthetic_telemetry,SYN_000269,26.900000000000002,LIFTOFF,6.1962,3201.9,239.893,95.931,749.6030000000001,34989.3,4.0924000000000005,3.4093,1.407,1.307,1.5070000000000001,1.538,27.631,22.031,370.7,0.016900000000000002,-0.0030999999999999977,0.0069000000000000025
synthetic_telemetry,SYN_000270,27.0,LIFTOFF,6.196000000000001,3202.0,239.89000000000001,95.93,749.59,34989.0,4.0920000000000005,3.409,1.41,1.31,1.51,1.54,27.630000000000003,22.03,371.0,0.017,-0.003,0.007
synthetic_telemetry,SYN_000271,27.1,LIFTOFF,6.1958,3202.1,239.887,95.929,749.577,34988.7,4.0916,3.4087,1.413,1.313,1.5130000000000001,1.542,27.629,22.029,371.3,0.0171,-0.002899999999999999,0.007100000000000001
synthetic_telemetry,SYN_000272,27.200000000000003,LIFTOFF,6.195600000000001,3202.2,239.88400000000001,95.928,749.5640000000001,34988.4,4.0912,3.4084,1.4160000000000001,1.316,1.5160000000000002,1.544,27.628,22.028,371.6,0.017200000000000003,-0.002799999999999997,0.007200000000000003
synthetic_telemetry,SYN_000273,27.3,LIFTOFF,6.1954,3202.3,239.881,95.927,749.551,34988.1,4.0908,3.4081,1.419,1.319,1.5190000000000001,1.546,27.627000000000002,22.027,371.9,0.017300000000000003,-0.0026999999999999993,0.007300000000000001
synthetic_telemetry,SYN_000274,27.400000000000002,LIFTOFF,6.195200000000001,3202.4,239.87800000000001,95.926,749.538,34987.8,4.0904,3.4078,1.4220000000000002,1.322,1.5220000000000002,1.548,27.626,22.026,372.2,0.017400000000000002,-0.002599999999999998,0.007400000000000002
synthetic_telemetry,SYN_000275,27.5,LIFTOFF,6.195,3202.5,239.875,95.92500000000001,749.5250000000001,34987.5,4.09,3.4074999999999998,1.425,1.325,1.5250000000000001,1.55,27.625,22.025,372.5,0.0175,-0.0025000000000000005,0.0075
synthetic_telemetry,SYN_000276,27.6,LIFTOFF,6.1948,3202.6,239.872,95.924,749.5120000000001,34987.2,4.0896,3.4072,1.428,1.328,1.528,1.552,27.624000000000002,22.024,372.8,0.0176,-0.0023999999999999985,0.007600000000000002
synthetic_telemetry,SYN_000277,27.700000000000003,LIFTOFF,6.1946,3202.7,239.869,95.923,749.499,34986.9,4.0892,3.4069,1.431,1.331,1.5310000000000001,1.554,27.623,22.023,373.1,0.017700000000000004,-0.0022999999999999974,0.007700000000000003
synthetic_telemetry,SYN_000278,27.8,LIFTOFF,6.1944,3202.8,239.866,95.92200000000001,749.486,34986.6,4.0888,3.4066,1.434,1.334,1.534,1.556,27.622,22.022000000000002,373.4,0.0178,-0.0021999999999999997,0.0078000000000000005
synthetic_telemetry,SYN_000279,27.900000000000002,LIFTOFF,6.1942,3202.9,239.863,95.921,749.4730000000001,34986.3,4.0884,3.4063,1.437,1.337,1.5370000000000001,1.558,27.621000000000002,22.021,373.7,0.017900000000000003,-0.0020999999999999977,0.007900000000000003
synthetic_telemetry,SYN_000280,28.0,LIFTOFF,6.194,3203.0,239.86,95.92,749.46,34986.0,4.088,3.406,1.44,1.3399999999999999,1.54,1.56,27.62,22.02,374.0,0.018000000000000002,-0.002,0.008
synthetic_telemetry,SYN_000281,28.1,LIFTOFF,6.1938,3203.1,239.857,95.91900000000001,749.447,34985.7,4.0876,3.4057,1.443,1.343,1.5430000000000001,1.562,27.619,22.019000000000002,374.3,0.0181,-0.001899999999999999,0.008100000000000001
synthetic_telemetry,SYN_000282,28.200000000000003,LIFTOFF,6.1936,3203.2,239.854,95.918,749.4340000000001,34985.4,4.0872,3.4053999999999998,1.4460000000000002,1.346,1.5460000000000003,1.564,27.618000000000002,22.018,374.6,0.0182,-0.0017999999999999978,0.008200000000000002
synthetic_telemetry,SYN_000283,28.3,LIFTOFF,6.1934000000000005,3203.3,239.851,95.917,749.421,34985.1,4.0868,3.4051,1.449,1.349,1.5490000000000002,1.566,27.617,22.017,374.9,0.0183,-0.0017000000000000001,0.0083
synthetic_telemetry,SYN_000284,28.400000000000002,LIFTOFF,6.1932,3203.4,239.848,95.91600000000001,749.408,34984.8,4.0864,3.4048,1.452,1.3519999999999999,1.552,1.568,27.616,22.016000000000002,375.2,0.018400000000000003,-0.0015999999999999973,0.008400000000000003
synthetic_telemetry,SYN_000285,28.5,LIFTOFF,6.1930000000000005,3203.5,239.845,95.915,749.395,34984.5,4.086,3.4045,1.455,1.355,1.5550000000000002,1.57,27.615000000000002,22.015,375.5,0.018500000000000003,-0.0014999999999999996,0.0085
synthetic_telemetry,SYN_000286,28.6,LIFTOFF,6.1928,3203.6,239.842,95.914,749.3820000000001,34984.2,4.0856,3.4042,1.4580000000000002,1.358,1.5580000000000003,1.572,27.614,22.014,375.8,0.018600000000000002,-0.0013999999999999985,0.008600000000000002
synthetic_telemetry,SYN_000287,28.700000000000003,LIFTOFF,6.1926000000000005,3203.7,239.839,95.91300000000001,749.369,34983.9,4.0852,3.4039,1.461,1.361,1.5610000000000002,1.574,27.613,22.013,376.1,0.0187,-0.0012999999999999973,0.008700000000000003
synthetic_telemetry,SYN_000288,28.8,LIFTOFF,6.1924,3203.8,239.836,95.912,749.356,34983.6,4.0848,3.4036,1.464,1.3639999999999999,1.564,1.576,27.612000000000002,22.012,376.4,0.0188,-0.0011999999999999997,0.0088
synthetic_telemetry,SYN_000289,28.900000000000002,LIFTOFF,6.192200000000001,3203.9,239.833,95.911,749.3430000000001,34983.3,4.0844000000000005,3.4032999999999998,1.467,1.367,1.5670000000000002,1.578,27.611,22.011,376.7,0.0189,-0.0010999999999999985,0.008900000000000002
synthetic_telemetry,SYN_000290,29.0,LIFTOFF,6.192,3204.0,239.83,95.91000000000001,749.33,34983.0,4.084,3.403,1.47,1.3699999999999999,1.57,1.58,27.61,22.01,377.0,0.019000000000000003,-0.0009999999999999992,0.009000000000000001
synthetic_telemetry,SYN_000291,29.1,LIFTOFF,6.191800000000001,3204.1,239.827,95.909,749.317,34982.7,4.0836,3.4027,1.473,1.373,1.5730000000000002,1.582,27.609,22.009,377.3,0.019100000000000002,-0.000899999999999998,0.009100000000000002
synthetic_telemetry,SYN_000292,29.200000000000003,LIFTOFF,6.1916,3204.2,239.824,95.908,749.3040000000001,34982.4,4.0832,3.4024,1.476,1.376,1.576,1.584,27.608,22.008,377.6,0.019200000000000002,-0.0007999999999999969,0.009200000000000003
synthetic_telemetry,SYN_000293,29.3,LIFTOFF,6.191400000000001,3204.3,239.821,95.90700000000001,749.291,34982.1,4.0828,3.4021,1.479,1.379,1.5790000000000002,1.586,27.607000000000003,22.007,377.9,0.0193,-0.0006999999999999992,0.009300000000000001
synthetic_telemetry,SYN_000294,29.400000000000002,LIFTOFF,6.1912,3204.4,239.818,95.906,749.278,34981.8,4.0824,3.4017999999999997,1.4820000000000002,1.3820000000000001,1.5820000000000003,1.588,27.606,22.006,378.2,0.0194,-0.0005999999999999981,0.009400000000000002
synthetic_telemetry,SYN_000295,29.5,LIFTOFF,6.191000000000001,3204.5,239.815,95.905,749.2650000000001,34981.5,4.082,3.4015,1.4849999999999999,1.3849999999999998,1.585,1.59,27.605,22.005,378.5,0.0195,-0.0005000000000000004,0.0095
synthetic_telemetry,SYN_000296,29.6,LIFTOFF,6.1908,3204.6,239.812,95.90400000000001,749.2520000000001,34981.2,4.0816,3.4012,1.488,1.388,1.588,1.592,27.604000000000003,22.004,378.8,0.0196,-0.0003999999999999993,0.009600000000000001
synthetic_telemetry,SYN_000297,29.700000000000003,LIFTOFF,6.190600000000001,3204.7,239.809,95.903,749.239,34980.9,4.0812,3.4009,1.491,1.391,1.5910000000000002,1.594,27.603,22.003,379.1,0.019700000000000002,-0.00029999999999999645,0.009700000000000004
synthetic_telemetry,SYN_000298,29.8,LIFTOFF,6.1904,3204.8,239.806,95.902,749.226,34980.6,4.0808,3.4006,1.494,1.394,1.594,1.596,27.602,22.002,379.4,0.0198,-0.0001999999999999988,0.009800000000000001
synthetic_telemetry,SYN_000299,29.900000000000002,LIFTOFF,6.190200000000001,3204.9,239.803,95.90100000000001,749.2130000000001,34980.3,4.0804,3.4003,1.497,1.397,1.5970000000000002,1.598,27.601000000000003,22.001,379.7,0.0199,-9.999999999999766e-05,0.009900000000000003
synthetic_telemetry,SYN_000300,30.0,LIFTOFF,6.19,3205.0,239.8,95.9,749.2,34980.0,4.08,3.4,1.5,1.4,1.6,1.6,27.6,22.0,380.0,0.02,0.0,0.01
synthetic_telemetry,SYN_000301,30.1,LIFTOFF,6.190300000000001,3204.85,239.804,95.902,749.2180000000001,34980.4,4.0796,3.3996999999999997,1.506,1.406,1.6070000000000002,1.6030000000000002,27.599,22.002,380.3,0.019699999999999995,0.00010000000000000143,0.009899999999999999
synthetic_telemetry,SYN_000302,30.200000000000003,LIFTOFF,6.190600000000001,3204.7,239.80800000000002,95.90400000000001,749.236,34980.8,4.0792,3.3994,1.5120000000000002,1.4120000000000001,1.6140000000000003,1.606,27.598000000000003,22.004,380.6,0.019399999999999994,0.00020000000000000286,0.009799999999999998
synthetic_telemetry,SYN_000303,30.3,LIFTOFF,6.1909,3204.55,239.812,95.906,749.254,34981.2,4.0788,3.3991,1.518,1.418,1.6210000000000002,1.6090000000000002,27.597,22.006,380.9,0.0191,0.00030000000000000073,0.0097
synthetic_telemetry,SYN_000304,30.400000000000002,LIFTOFF,6.1912,3204.4,239.816,95.908,749.272,34981.6,4.0784,3.3988,1.524,1.424,1.6280000000000003,1.612,27.596,22.008,381.2,0.018799999999999994,0.00040000000000000213,0.009599999999999997
synthetic_telemetry,SYN_000305,30.5,LIFTOFF,6.1915000000000004,3204.25,239.82000000000002,95.91000000000001,749.2900000000001,34982.0,4.078,3.3985,1.53,1.43,1.635,1.615,27.595000000000002,22.01,381.5,0.0185,0.0005,0.0095
synthetic_telemetry,SYN_000306,30.6,LIFTOFF,6.191800000000001,3204.1,239.824,95.912,749.308,34982.4,4.0776,3.3982,1.536,1.436,1.6420000000000001,1.618,27.594,22.012,381.8,0.018199999999999997,0.0006000000000000015,0.009399999999999999
synthetic_telemetry,SYN_000307,30.700000000000003,LIFTOFF,6.1921,3203.95,239.828,95.914,749.326,34982.8,4.0772,3.3979,1.5420000000000003,1.4420000000000002,1.6490000000000002,1.6210000000000002,27.593,22.014,382.1,0.017899999999999992,0.0007000000000000028,0.009299999999999998
synthetic_telemetry,SYN_000308,30.8,LIFTOFF,6.1924,3203.8,239.83200000000002,95.91600000000001,749.344,34983.2,4.0768,3.3975999999999997,1.548,1.448,1.6560000000000001,1.624,27.592000000000002,22.016,382.4,0.017599999999999998,0.0008000000000000007,0.0092
synthetic_telemetry,SYN_000309,30.900000000000002,LIFTOFF,6.1927,3203.65,239.836,95.918,749.3620000000001,34983.6,4.0764000000000005,3.3973,1.554,1.454,1.6630000000000003,1.6270000000000002,27.591,22.018,382.7,0.017299999999999992,0.0009000000000000021,0.009099999999999999
synthetic_telemetry,SYN_000310,31.0,LIFTOFF,6.1930000000000005,3203.5,239.84,95.92,749.38,34984.0,4.0760000000000005,3.397,1.56,1.46,1.6700000000000002,1.6300000000000001,27.59,22.02,383.0,0.017,0.001,0.009000000000000001
synthetic_telemetry,SYN_000311,31.1,LIFTOFF,6.193300000000001,3203.35,239.84400000000002,95.92200000000001,749.398,34984.4,4.0756,3.3967,1.566,1.466,1.6770000000000003,1.633,27.589000000000002,22.022,383.3,0.016699999999999996,0.0011000000000000014,0.008899999999999998
synthetic_telemetry,SYN_000312,31.200000000000003,LIFTOFF,6.1936,3203.2,239.848,95.924,749.416,34984.8,4.0752,3.3964,1.5720000000000003,1.4720000000000002,1.6840000000000002,1.6360000000000001,27.588,22.024,383.6,0.01639999999999999,0.001200000000000003,0.008799999999999997
synthetic_telemetry,SYN_000313,31.3,LIFTOFF,6.1939,3203.05,239.852,95.926,749.4340000000001,34985.2,4.0748,3.3961,1.578,1.478,1.691,1.639,27.587,22.026,383.9,0.016099999999999996,0.0013000000000000008,0.0087
synthetic_telemetry,SYN_000314,31.400000000000002,LIFTOFF,6.1942,3202.9,239.856,95.928,749.452,34985.6,4.0744,3.3958,1.584,1.484,1.6980000000000002,1.6420000000000001,27.586000000000002,22.028,384.2,0.015799999999999995,0.0014000000000000022,0.008599999999999998
synthetic_telemetry,SYN_000315,31.5,LIFTOFF,6.194500000000001,3202.75,239.86,95.93,749.47,34986.0,4.074,3.3954999999999997,1.59,1.49,1.705,1.645,27.585,22.03,384.5,0.0155,0.0015,0.0085
synthetic_telemetry,SYN_000316,31.6,LIFTOFF,6.1948,3202.6,239.864,95.932,749.488,34986.4,4.0736,3.3952,1.596,1.496,1.7120000000000002,1.6480000000000001,27.584,22.032,384.8,0.015199999999999995,0.0016000000000000014,0.0084
synthetic_telemetry,SYN_000317,31.700000000000003,LIFTOFF,6.1951,3202.45,239.868,95.934,749.5060000000001,34986.8,4.0732,3.3949,1.602,1.502,1.7190000000000003,1.6510000000000002,27.583000000000002,22.034,385.1,0.014899999999999991,0.001700000000000003,0.008299999999999997
synthetic_telemetry,SYN_000318,31.8,LIFTOFF,6.1954,3202.3,239.872,95.936,749.524,34987.2,4.0728,3.3946,1.608,1.508,1.726,1.6540000000000001,27.582,22.036,385.4,0.014599999999999998,0.0018000000000000008,0.008199999999999999
synthetic_telemetry,SYN_000319,31.900000000000002,LIFTOFF,6.1957,3202.15,239.876,95.938,749.542,34987.6,4.0724,3.3943,1.614,1.514,1.733,1.657,27.581,22.038,385.7,0.014299999999999993,0.0019000000000000022,0.008099999999999998
synthetic_telemetry,SYN_000320,32.0,LIFTOFF,6.196000000000001,3202.0,239.88,95.94,749.5600000000001,34988.0,4.072,3.394,1.62,1.52,1.74,1.6600000000000001,27.580000000000002,22.04,386.0,0.014,0.002,0.008
synthetic_telemetry,SYN_000321,32.1,LIFTOFF,6.1963,3201.85,239.88400000000001,95.94200000000001,749.5780000000001,34988.4,4.0716,3.3937,1.6260000000000001,1.526,1.747,1.663,27.579,22.042,386.3,0.013699999999999997,0.0021000000000000016,0.007899999999999999
synthetic_telemetry,SYN_000322,32.2,LIFTOFF,6.1966,3201.7,239.888,95.944,749.596,34988.8,4.0712,3.3933999999999997,1.6320000000000001,1.532,1.7540000000000002,1.6660000000000001,27.578,22.044,386.6,0.013399999999999992,0.0022000000000000027,0.007799999999999998
synthetic_telemetry,SYN_000323,32.300000000000004,LIFTOFF,6.1969,3201.55,239.892,95.946,749.614,34989.2,4.0708,3.3931,1.6380000000000003,1.5380000000000003,1.7610000000000003,1.6690000000000003,27.577,22.046,386.90000000000003,0.013099999999999987,0.0023000000000000043,0.007699999999999996
synthetic_telemetry,SYN_000324,32.4,LIFTOFF,6.1972000000000005,3201.4,239.89600000000002,95.94800000000001,749.6320000000001,34989.6,4.0704,3.3928,1.644,1.5439999999999998,1.768,1.672,27.576,22.048,387.2,0.012800000000000006,0.0023999999999999985,0.007600000000000002
synthetic_telemetry,SYN_000325,32.5,LIFTOFF,6.1975,3201.25,239.9,95.95,749.6500000000001,34990.0,4.07,3.3925,1.65,1.5499999999999998,1.775,1.675,27.575000000000003,22.05,387.5,0.0125,0.0025,0.0075
synthetic_telemetry,SYN_000326,32.6,LIFTOFF,6.1978,3201.1,239.904,95.952,749.668,34990.4,4.0696,3.3922,1.6560000000000001,1.556,1.782,1.6780000000000002,27.574,22.052,387.8,0.012199999999999996,0.0026000000000000016,0.007399999999999999
synthetic_telemetry,SYN_000327,32.7,LIFTOFF,6.1981,3200.95,239.90800000000002,95.95400000000001,749.686,34990.8,4.0692,3.3919,1.6620000000000001,1.562,1.7890000000000001,1.681,27.573,22.054,388.1,0.011899999999999992,0.0027000000000000027,0.0072999999999999975
synthetic_telemetry,SYN_000328,32.800000000000004,LIFTOFF,6.1984,3200.8,239.912,95.956,749.7040000000001,34991.2,4.0688,3.3916,1.6680000000000004,1.5680000000000003,1.7960000000000003,1.6840000000000002,27.572000000000003,22.056,388.40000000000003,0.011599999999999987,0.0028000000000000043,0.007199999999999996
synthetic_telemetry,SYN_000329,32.9,LIFTOFF,6.1987000000000005,3200.65,239.916,95.958,749.722,34991.6,4.0684000000000005,3.3912999999999998,1.674,1.5739999999999998,1.803,1.687,27.571,22.058,388.7,0.011300000000000004,0.0028999999999999985,0.007100000000000002
synthetic_telemetry,SYN_000330,33.0,LIFTOFF,6.199,3200.5,239.92000000000002,95.96000000000001,749.74,34992.0,4.068,3.391,1.6800000000000002,1.58,1.81,1.69,27.57,22.06,389.0,0.011,0.003,0.007
synthetic_telemetry,SYN_000331,33.1,LIFTOFF,6.1993,3200.35,239.924,95.962,749.758,34992.4,4.0676,3.3907,1.6860000000000002,1.586,1.8170000000000002,1.693,27.569000000000003,22.062,389.3,0.010699999999999996,0.0031000000000000016,0.006899999999999998
synthetic_telemetry,SYN_000332,33.2,LIFTOFF,6.1996,3200.2,239.928,95.964,749.7760000000001,34992.8,4.0672,3.3904,1.6920000000000002,1.592,1.8240000000000003,1.6960000000000002,27.568,22.064,389.6,0.01039999999999999,0.0032000000000000028,0.006799999999999997
synthetic_telemetry,SYN_000333,33.300000000000004,LIFTOFF,6.1999,3200.05,239.93200000000002,95.96600000000001,749.794,34993.2,4.0668,3.3901,1.6980000000000004,1.5980000000000003,1.8310000000000004,1.699,27.567,22.066,389.90000000000003,0.010099999999999987,0.0033000000000000043,0.006699999999999996
synthetic_telemetry,SYN_000334,33.4,LIFTOFF,6.200200000000001,3199.9,239.936,95.968,749.812,34993.6,4.0664,3.3898,1.704,1.6039999999999999,1.8379999999999999,1.702,27.566000000000003,22.068,390.2,0.009800000000000005,0.0033999999999999985,0.006600000000000002
synthetic_telemetry,SYN_000335,33.5,LIFTOFF,6.2005,3199.75,239.94,95.97,749.83,34994.0,4.066,3.3895,1.71,1.6099999999999999,1.845,1.705,27.565,22.07,390.5,0.0095,0.0035,0.006500000000000001
synthetic_telemetry,SYN_000336,33.6,LIFTOFF,6.2008,3199.6,239.94400000000002,95.97200000000001,749.8480000000001,34994.4,4.0656,3.3891999999999998,1.7160000000000002,1.616,1.852,1.708,27.564,22.072,390.8,0.009199999999999996,0.0036000000000000016,0.006399999999999999
synthetic_telemetry,SYN_000337,33.7,LIFTOFF,6.2011,3199.45,239.948,95.974,749.866,34994.8,4.0652,3.3889,1.7220000000000002,1.622,1.8590000000000002,1.711,27.563000000000002,22.073999999999998,391.1,0.008899999999999991,0.0037000000000000028,0.0062999999999999974
synthetic_telemetry,SYN_000338,33.800000000000004,LIFTOFF,6.2014000000000005,3199.3,239.952,95.976,749.884,34995.2,4.0648,3.3886,1.7280000000000002,1.6280000000000001,1.8660000000000003,1.7140000000000002,27.562,22.076,391.40000000000003,0.008599999999999988,0.0038000000000000043,0.0061999999999999954
synthetic_telemetry,SYN_000339,33.9,LIFTOFF,6.2017,3199.15,239.956,95.978,749.902,34995.6,4.0644,3.3883,1.734,1.634,1.8729999999999998,1.717,27.561,22.078,391.7,0.008300000000000005,0.0038999999999999985,0.006100000000000001
synthetic_telemetry,SYN_000340,34.0,LIFTOFF,6.202,3199.0,239.96,95.98,749.9200000000001,34996.0,4.064,3.388,1.74,1.64,1.88,1.72,27.560000000000002,22.08,392.0,0.008,0.004,0.006
synthetic_telemetry,SYN_000341,34.1,LIFTOFF,6.2023,3198.85,239.964,95.982,749.938,34996.4,4.0636,3.3877,1.7460000000000002,1.6460000000000001,1.887,1.723,27.559,22.082,392.3,0.007699999999999995,0.004100000000000001,0.005899999999999999
synthetic_telemetry,SYN_000342,34.2,LIFTOFF,6.2026,3198.7,239.968,95.984,749.956,34996.8,4.0632,3.3874,1.7520000000000002,1.6520000000000001,1.8940000000000001,1.726,27.558,22.084,392.6,0.007399999999999992,0.004200000000000003,0.005799999999999997
synthetic_telemetry,SYN_000343,34.300000000000004,LIFTOFF,6.2029000000000005,3198.55,239.972,95.986,749.974,34997.2,4.0628,3.3870999999999998,1.7580000000000002,1.6580000000000001,1.9010000000000002,1.729,27.557000000000002,22.086,392.90000000000003,0.0070999999999999865,0.004300000000000004,0.005699999999999996
synthetic_telemetry,SYN_000344,34.4,LIFTOFF,6.2032,3198.4,239.976,95.988,749.9920000000001,34997.6,4.0624,3.3868,1.764,1.664,1.908,1.732,27.556,22.088,393.2,0.006800000000000004,0.0043999999999999985,0.005600000000000002
synthetic_telemetry,SYN_000345,34.5,LIFTOFF,6.2035,3198.25,239.98,95.99,750.01,34998.0,4.062,3.3865,1.77,1.67,1.915,1.735,27.555,22.09,393.5,0.006500000000000001,0.0045000000000000005,0.0055
synthetic_telemetry,SYN_000346,34.6,LIFTOFF,6.2038,3198.1,239.984,95.992,750.028,34998.4,4.0616,3.3862,1.7760000000000002,1.6760000000000002,1.9220000000000002,1.738,27.554000000000002,22.092,393.8,0.0061999999999999954,0.004600000000000002,0.0053999999999999986
synthetic_telemetry,SYN_000347,34.7,LIFTOFF,6.2041,3197.95,239.988,95.994,750.046,34998.8,4.0612,3.3859,1.7820000000000003,1.6820000000000002,1.9290000000000003,1.741,27.553,22.094,394.1,0.005899999999999992,0.004700000000000003,0.005299999999999997
synthetic_telemetry,SYN_000348,34.800000000000004,LIFTOFF,6.2044,3197.8,239.992,95.996,750.0640000000001,34999.2,4.0608,3.3856,1.7880000000000003,1.6880000000000002,1.9360000000000004,1.7440000000000002,27.552,22.096,394.40000000000003,0.005599999999999987,0.004800000000000005,0.005199999999999995
synthetic_telemetry,SYN_000349,34.9,LIFTOFF,6.2047,3197.65,239.996,95.998,750.082,34999.6,4.0604000000000005,3.3853,1.794,1.694,1.9429999999999998,1.7469999999999999,27.551000000000002,22.098,394.7,0.005300000000000004,0.004899999999999999,0.005100000000000001
synthetic_telemetry,SYN_000350,35.0,LIFTOFF,6.205,3197.5,240.0,96.0,750.1,35000.0,4.0600000000000005,3.385,1.8,1.7,1.95,1.75,27.55,22.1,395.0,0.005000000000000001,0.005,0.005
synthetic_telemetry,SYN_000351,35.1,LIFTOFF,6.2053,3197.35,240.004,96.002,750.118,35000.4,4.0596,3.3847,1.806,1.706,1.957,1.7530000000000001,27.549,22.102,395.3,0.004699999999999996,0.005100000000000001,0.004899999999999999
synthetic_telemetry,SYN_000352,35.2,LIFTOFF,6.2056000000000004,3197.2,240.008,96.004,750.136,35000.8,4.0592,3.3844,1.8120000000000003,1.7120000000000002,1.9640000000000002,1.756,27.548000000000002,22.104,395.6,0.004399999999999991,0.005200000000000003,0.004799999999999997
synthetic_telemetry,SYN_000353,35.300000000000004,LIFTOFF,6.2059,3197.05,240.012,96.006,750.154,35001.2,4.0588,3.3841,1.8180000000000003,1.7180000000000002,1.9710000000000003,1.7590000000000001,27.547,22.105999999999998,395.90000000000003,0.004099999999999986,0.005300000000000004,0.004699999999999996
synthetic_telemetry,SYN_000354,35.4,LIFTOFF,6.2062,3196.9,240.016,96.008,750.172,35001.6,4.0584,3.3838,1.8239999999999998,1.7239999999999998,1.9779999999999998,1.762,27.546,22.108,396.2,0.0038000000000000048,0.0053999999999999986,0.004600000000000002
synthetic_telemetry,SYN_000355,35.5,LIFTOFF,6.2065,3196.75,240.02,96.01,750.19,35002.0,4.058,3.3835,1.83,1.73,1.9849999999999999,1.765,27.545,22.11,396.5,0.0034999999999999996,0.0055,0.0045000000000000005
synthetic_telemetry,SYN_000356,35.6,LIFTOFF,6.2068,3196.6,240.024,96.012,750.208,35002.4,4.0576,3.3832,1.836,1.736,1.992,1.768,27.544,22.112,396.8,0.0031999999999999945,0.005600000000000002,0.0043999999999999985
synthetic_telemetry,SYN_000357,35.7,LIFTOFF,6.2071,3196.45,240.028,96.014,750.226,35002.8,4.0572,3.3829,1.8420000000000003,1.7420000000000002,1.999,1.7710000000000001,27.543,22.114,397.1,0.002899999999999993,0.005700000000000003,0.004299999999999997
synthetic_telemetry,SYN_000358,35.800000000000004,LIFTOFF,6.2074,3196.3,240.032,96.016,750.244,35003.2,4.0568,3.3826,1.8480000000000003,1.7480000000000002,2.0060000000000002,1.774,27.542,22.116,397.40000000000003,0.0025999999999999877,0.005800000000000005,0.004199999999999995
synthetic_telemetry,SYN_000359,35.9,LIFTOFF,6.2077,3196.15,240.036,96.018,750.2620000000001,35003.6,4.0564,3.3823,1.854,1.754,2.013,1.777,27.541,22.118,397.7,0.0023000000000000034,0.005899999999999999,0.004100000000000001
synthetic_telemetry,SYN_000360,36.0,LIFTOFF,6.208,3196.0,240.04,96.02,750.28,35004.0,4.056,3.382,1.86,1.76,2.02,1.78,27.54,22.12,398.0,0.0019999999999999983,0.006,0.004
synthetic_telemetry,SYN_000361,36.1,LIFTOFF,6.2083,3195.85,240.044,96.022,750.298,35004.4,4.0556,3.3817,1.866,1.766,2.027,1.783,27.539,22.122,398.3,0.0016999999999999967,0.006100000000000001,0.003899999999999999
synthetic_telemetry,SYN_000362,36.2,LIFTOFF,6.2086,3195.7,240.048,96.024,750.316,35004.8,4.0552,3.3814,1.8720000000000003,1.7720000000000002,2.0340000000000003,1.786,27.538,22.124,398.6,0.0013999999999999915,0.006200000000000003,0.003799999999999997
synthetic_telemetry,SYN_000363,36.300000000000004,LIFTOFF,6.2089,3195.55,240.052,96.026,750.3340000000001,35005.2,4.0548,3.3811,1.8780000000000003,1.7780000000000002,2.0410000000000004,1.7890000000000001,27.537,22.126,398.90000000000003,0.0010999999999999864,0.006300000000000004,0.003699999999999996
synthetic_telemetry,SYN_000364,36.4,LIFTOFF,6.2092,3195.4,240.05599999999998,96.02799999999999,750.352,35005.6,4.0544,3.3808000000000002,1.884,1.7839999999999998,2.048,1.7919999999999998,27.536,22.128,399.2,0.0008000000000000056,0.006399999999999999,0.0036000000000000016
synthetic_telemetry,SYN_000365,36.5,LIFTOFF,6.2095,3195.25,240.06,96.03,750.37,35006.0,4.054,3.3805,1.8900000000000001,1.79,2.0549999999999997,1.795,27.535,22.13,399.5,0.0005000000000000004,0.006500000000000001,0.0034999999999999996
synthetic_telemetry,SYN_000366,36.6,LIFTOFF,6.2097999999999995,3195.1,240.064,96.032,750.388,35006.4,4.0536,3.3802,1.8960000000000001,1.796,2.0620000000000003,1.798,27.534,22.131999999999998,399.8,0.00019999999999999532,0.006600000000000002,0.0033999999999999985
synthetic_telemetry,SYN_000367,36.7,LIFTOFF,6.2101,3194.95,240.06799999999998,96.03399999999999,750.4060000000001,35006.8,4.0532,3.3799,1.9020000000000001,1.802,2.069,1.8010000000000002,27.533,22.134,400.1,-0.0001000000000000098,0.006700000000000003,0.0032999999999999974
synthetic_telemetry,SYN_000368,36.800000000000004,LIFTOFF,6.2104,3194.8,240.072,96.036,750.424,35007.2,4.0528,3.3796,1.9080000000000004,1.8080000000000003,2.076,1.804,27.532,22.136,400.40000000000003,-0.00040000000000001146,0.006800000000000005,0.0031999999999999954
synthetic_telemetry,SYN_000369,36.9,LIFTOFF,6.2107,3194.65,240.076,96.038,750.442,35007.6,4.0524000000000004,3.3793,1.914,1.8139999999999998,2.0829999999999997,1.807,27.531,22.137999999999998,400.7,-0.0006999999999999958,0.006899999999999999,0.003100000000000001
synthetic_telemetry,SYN_000370,37.0,LIFTOFF,6.211,3194.5,240.07999999999998,96.03999999999999,750.46,35008.0,4.052,3.379,1.9200000000000002,1.82,2.09,1.81,27.53,22.14,401.0,-0.0010000000000000009,0.007,0.003
synthetic_telemetry,SYN_000371,37.1,LIFTOFF,6.2113,3194.35,240.084,96.042,750.4780000000001,35008.4,4.0516,3.3787000000000003,1.9260000000000002,1.826,2.097,1.813,27.529,22.142,401.3,-0.001300000000000006,0.007100000000000001,0.002899999999999999
synthetic_telemetry,SYN_000372,37.2,LIFTOFF,6.2116,3194.2,240.088,96.044,750.496,35008.8,4.0512,3.3784,1.9320000000000004,1.8320000000000003,2.104,1.816,27.528,22.144,401.6,-0.0016000000000000077,0.007200000000000003,0.002799999999999997
synthetic_telemetry,SYN_000373,37.300000000000004,LIFTOFF,6.2119,3194.05,240.09199999999998,96.04599999999999,750.514,35009.2,4.0508,3.3781,1.9380000000000004,1.8380000000000003,2.111,1.8190000000000002,27.527,22.146,401.90000000000003,-0.0019000000000000128,0.007300000000000004,0.002699999999999996
synthetic_telemetry,SYN_000374,37.4,LIFTOFF,6.2122,3193.9,240.096,96.048,750.532,35009.6,4.0504,3.3778,1.944,1.8439999999999999,2.118,1.8219999999999998,27.526,22.148,402.2,-0.002199999999999997,0.007399999999999999,0.0026000000000000016
synthetic_telemetry,SYN_000375,37.5,LIFTOFF,6.2125,3193.75,240.1,96.05,750.55,35010.0,4.05,3.3775,1.9500000000000002,1.85,2.125,1.825,27.525,22.15,402.5,-0.0024999999999999988,0.0075,0.0025000000000000005
synthetic_telemetry,SYN_000376,37.6,LIFTOFF,6.2128,3193.6,240.10399999999998,96.05199999999999,750.568,35010.4,4.0496,3.3772,1.9560000000000002,1.856,2.132,1.828,27.524,22.152,402.8,-0.002800000000000004,0.007600000000000002,0.0023999999999999985
synthetic_telemetry,SYN_000377,37.7,LIFTOFF,6.2131,3193.45,240.108,96.054,750.586,35010.8,4.0492,3.3769,1.9620000000000002,1.862,2.1390000000000002,1.831,27.523,22.154,403.1,-0.003100000000000009,0.007700000000000003,0.0022999999999999974
synthetic_telemetry,SYN_000378,37.800000000000004,LIFTOFF,6.2134,3193.3,240.112,96.056,750.604,35011.2,4.0488,3.3766000000000003,1.9680000000000004,1.8680000000000003,2.1460000000000004,1.834,27.522000000000002,22.156,403.40000000000003,-0.003400000000000014,0.007800000000000005,0.0021999999999999954
synthetic_telemetry,SYN_000379,37.9,LIFTOFF,6.2137,3193.15,240.11599999999999,96.05799999999999,750.622,35011.6,4.0484,3.3763,1.974,1.8739999999999999,2.1529999999999996,1.837,27.521,22.157999999999998,403.7,-0.003699999999999995,0.007899999999999999,0.002100000000000001
synthetic_telemetry,SYN_000380,38.0,LIFTOFF,6.2139999999999995,3193.0,240.12,96.06,750.64,35012.0,4.048,3.376,1.98,1.88,2.16,1.8399999999999999,27.52,22.16,404.0,-0.004,0.008,0.002
synthetic_telemetry,SYN_000381,38.1,LIFTOFF,6.2143,3192.85,240.124,96.062,750.658,35012.4,4.0476,3.3757,1.9860000000000002,1.8860000000000001,2.167,1.843,27.519000000000002,22.162,404.3,-0.004300000000000005,0.008100000000000001,0.001899999999999999
synthetic_telemetry,SYN_000382,38.2,LIFTOFF,6.2146,3192.7,240.128,96.064,750.676,35012.8,4.0472,3.3754,1.9920000000000002,1.8920000000000001,2.1740000000000004,1.846,27.518,22.163999999999998,404.6,-0.00460000000000001,0.008200000000000002,0.0017999999999999978
synthetic_telemetry,SYN_000383,38.300000000000004,LIFTOFF,6.2149,3192.55,240.132,96.066,750.694,35013.2,4.0468,3.3751,1.9980000000000002,1.8980000000000001,2.181,1.849,27.517,22.166,404.90000000000003,-0.004900000000000012,0.008300000000000005,0.001699999999999995
synthetic_telemetry,SYN_000384,38.400000000000006,LIFTOFF,6.2152,3192.4,240.136,96.068,750.712,35013.6,4.0464,3.3748,2.0040000000000004,1.9040000000000004,2.188,1.852,27.516000000000002,22.168,405.20000000000005,-0.005200000000000017,0.008400000000000006,0.0015999999999999938
synthetic_telemetry,SYN_000385,38.5,LIFTOFF,6.2155,3192.25,240.14,96.07,750.73,35014.0,4.046,3.3745000000000003,2.0100000000000002,1.9100000000000001,2.195,1.855,27.515,22.169999999999998,405.5,-0.005500000000000001,0.0085,0.0014999999999999996
synthetic_telemetry,SYN_000386,38.6,LIFTOFF,6.2158,3192.1,240.144,96.072,750.748,35014.4,4.0456,3.3742,2.016,1.9160000000000001,2.202,1.858,27.514,22.172,405.8,-0.005800000000000003,0.008600000000000002,0.0013999999999999985
synthetic_telemetry,SYN_000387,38.7,LIFTOFF,6.2161,3191.95,240.148,96.074,750.766,35014.8,4.0452,3.3739,2.0220000000000002,1.9220000000000002,2.209,1.861,27.513,22.174,406.1,-0.006100000000000008,0.008700000000000003,0.0012999999999999973
synthetic_telemetry,SYN_000388,38.800000000000004,LIFTOFF,6.2164,3191.8,240.152,96.076,750.784,35015.2,4.0448,3.3736,2.0280000000000005,1.9280000000000004,2.216,1.864,27.512,22.176,406.40000000000003,-0.006400000000000013,0.008800000000000004,0.0011999999999999962
synthetic_telemetry,SYN_000389,38.900000000000006,LIFTOFF,6.2166999999999994,3191.65,240.15599999999998,96.07799999999999,750.802,35015.6,4.0444,3.3733,2.0340000000000007,1.9340000000000004,2.2230000000000003,1.867,27.511,22.178,406.70000000000005,-0.0067000000000000184,0.008900000000000005,0.001099999999999995
synthetic_telemetry,SYN_000390,39.0,LIFTOFF,6.217,3191.5,240.16,96.08,750.82,35016.0,4.0440000000000005,3.373,2.04,1.94,2.23,1.8699999999999999,27.51,22.18,407.0,-0.006999999999999999,0.009000000000000001,0.0009999999999999992
synthetic_telemetry,SYN_000391,39.1,LIFTOFF,6.2173,3191.35,240.164,96.082,750.838,35016.4,4.0436,3.3727,2.0460000000000003,1.9460000000000002,2.237,1.873,27.509,22.182,407.3,-0.007300000000000004,0.009100000000000002,0.000899999999999998
synthetic_telemetry,SYN_000392,39.2,LIFTOFF,6.2176,3191.2,240.16799999999998,96.08399999999999,750.856,35016.8,4.0432,3.3724000000000003,2.0520000000000005,1.9520000000000002,2.244,1.876,27.508,22.184,407.6,-0.0076000000000000095,0.009200000000000003,0.0007999999999999969
synthetic_telemetry,SYN_000393,39.300000000000004,LIFTOFF,6.2179,3191.05,240.172,96.086,750.874,35017.2,4.0428,3.3721,2.0580000000000003,1.9580000000000002,2.2510000000000003,1.879,27.507,22.186,407.90000000000003,-0.007900000000000015,0.009300000000000004,0.0006999999999999958
synthetic_telemetry,SYN_000394,39.400000000000006,LIFTOFF,6.2181999999999995,3190.9,240.176,96.088,750.892,35017.6,4.0424,3.3718,2.0640000000000005,1.9640000000000004,2.2580000000000005,1.8820000000000001,27.506,22.188,408.20000000000005,-0.008200000000000016,0.009400000000000006,0.0005999999999999946
synthetic_telemetry,SYN_000395,39.5,LIFTOFF,6.2185,3190.75,240.17999999999998,96.08999999999999,750.91,35018.0,4.042,3.3715,2.0700000000000003,1.97,2.2649999999999997,1.8849999999999998,27.505,22.189999999999998,408.5,-0.0085,0.0095,0.0005000000000000004
synthetic_telemetry,SYN_000396,39.6,LIFTOFF,6.2188,3190.6,240.184,96.092,750.928,35018.4,4.0416,3.3712,2.076,1.976,2.2720000000000002,1.888,27.504,22.192,408.8,-0.008800000000000006,0.009600000000000001,0.0003999999999999993
synthetic_telemetry,SYN_000397,39.7,LIFTOFF,6.2191,3190.45,240.188,96.094,750.946,35018.8,4.0412,3.3709000000000002,2.0820000000000003,1.9820000000000002,2.279,1.891,27.503,22.194,409.1,-0.009100000000000007,0.009700000000000004,0.00029999999999999645
synthetic_telemetry,SYN_000398,39.800000000000004,LIFTOFF,6.219399999999999,3190.3,240.19199999999998,96.09599999999999,750.964,35019.2,4.0408,3.3706,2.0880000000000005,1.9880000000000004,2.286,1.8940000000000001,27.502,22.195999999999998,409.40000000000003,-0.009400000000000013,0.009800000000000005,0.00019999999999999532
synthetic_telemetry,SYN_000399,39.900000000000006,LIFTOFF,6.2197,3190.15,240.196,96.098,750.982,35019.6,4.0404,3.3703000000000003,2.0940000000000003,1.9940000000000002,2.293,1.897,27.501,22.198,409.70000000000005,-0.009700000000000018,0.009900000000000006,9.999999999999419e-05
synthetic_telemetry,SYN_000400,40.0,LIFTOFF,6.22,3190.0,240.2,96.1,751.0,35020.0,4.04,3.37,2.1,2.0,2.3,1.9,27.5,22.2,410.0,-0.01,0.01,0.0
synthetic_telemetry,SYN_000401,40.1,LIFTOFF,6.2196,3190.2,240.19299999999998,96.097,750.978,35019.3,4.0396,3.3697,2.1140000000000003,2.012,2.315,1.903,27.248999999999995,22.198,410.3,-0.009899999999999999,0.009899999999999999,-0.00010000000000000143
synthetic_telemetry,SYN_000402,40.2,LIFTOFF,6.2192,3190.4,240.18599999999998,96.094,750.956,35018.6,4.0392,3.3694,2.1280000000000006,2.0240000000000005,2.33,1.906,26.997999999999994,22.195999999999998,410.6,-0.009799999999999998,0.009799999999999998,-0.00020000000000000286
synthetic_telemetry,SYN_000403,40.300000000000004,LIFTOFF,6.2188,3190.6,240.179,96.091,750.934,35017.9,4.0388,3.3691,2.142000000000001,2.0360000000000005,2.3450000000000006,1.909,26.74699999999999,22.194,410.90000000000003,-0.009699999999999997,0.009699999999999997,-0.00030000000000000426
synthetic_telemetry,SYN_000404,40.400000000000006,LIFTOFF,6.2184,3190.8,240.172,96.088,750.912,35017.2,4.0384,3.3688000000000002,2.156000000000001,2.0480000000000005,2.3600000000000008,1.9120000000000001,26.495999999999984,22.192,411.20000000000005,-0.009599999999999994,0.009599999999999994,-0.0004000000000000057
synthetic_telemetry,SYN_000405,40.5,LIFTOFF,6.218,3191.0,240.165,96.085,750.89,35016.5,4.038,3.3685,2.17,2.06,2.375,1.915,26.245,22.189999999999998,411.5,-0.0095,0.0095,-0.0005
synthetic_telemetry,SYN_000406,40.6,LIFTOFF,6.2176,3191.2,240.158,96.082,750.868,35015.8,4.0376,3.3682000000000003,2.184,2.072,2.39,1.918,25.993999999999996,22.188,411.8,-0.009399999999999999,0.009399999999999999,-0.0006000000000000015
synthetic_telemetry,SYN_000407,40.7,LIFTOFF,6.2172,3191.4,240.15099999999998,96.079,750.846,35015.1,4.0372,3.3679,2.1980000000000004,2.0840000000000005,2.4050000000000002,1.921,25.74299999999999,22.186,412.1,-0.009299999999999998,0.009299999999999998,-0.0007000000000000028
synthetic_telemetry,SYN_000408,40.800000000000004,LIFTOFF,6.2168,3191.6,240.14399999999998,96.076,750.824,35014.4,4.0368,3.3676,2.2120000000000006,2.0960000000000005,2.4200000000000004,1.9240000000000002,25.49199999999999,22.183999999999997,412.40000000000003,-0.009199999999999996,0.009199999999999996,-0.0008000000000000043
synthetic_telemetry,SYN_000409,40.900000000000006,LIFTOFF,6.2164,3191.8,240.137,96.073,750.802,35013.7,4.0364,3.3673,2.226000000000001,2.1080000000000005,2.4350000000000005,1.927,25.240999999999985,22.182,412.70000000000005,-0.009099999999999995,0.009099999999999995,-0.0009000000000000057
synthetic_telemetry,SYN_000410,41.0,LIFTOFF,6.215999999999999,3192.0,240.13,96.07,750.78,35013.0,4.036,3.367,2.24,2.12,2.4499999999999997,1.93,24.99,22.18,413.0,-0.009000000000000001,0.009000000000000001,-0.001
synthetic_telemetry,SYN_000411,41.1,LIFTOFF,6.215599999999999,3192.2,240.123,96.067,750.758,35012.3,4.0356,3.3667000000000002,2.2540000000000004,2.132,2.465,1.933,24.738999999999997,22.178,413.3,-0.008899999999999998,0.008899999999999998,-0.0011000000000000014
synthetic_telemetry,SYN_000412,41.2,LIFTOFF,6.215199999999999,3192.4,240.11599999999999,96.064,750.736,35011.6,4.0352,3.3664,2.2680000000000007,2.1440000000000006,2.4800000000000004,1.936,24.487999999999992,22.176,413.6,-0.008799999999999997,0.008799999999999997,-0.001200000000000003
synthetic_telemetry,SYN_000413,41.300000000000004,LIFTOFF,6.214799999999999,3192.6,240.10899999999998,96.06099999999999,750.7139999999999,35010.9,4.0348,3.3661,2.2820000000000005,2.1560000000000006,2.4950000000000006,1.939,24.236999999999988,22.174,413.90000000000003,-0.008699999999999996,0.008699999999999996,-0.0013000000000000043
synthetic_telemetry,SYN_000414,41.400000000000006,LIFTOFF,6.2143999999999995,3192.8,240.102,96.05799999999999,750.692,35010.2,4.0344,3.3658,2.2960000000000007,2.1680000000000006,2.5100000000000007,1.9420000000000002,23.985999999999986,22.172,414.20000000000005,-0.008599999999999995,0.008599999999999995,-0.0014000000000000056
synthetic_telemetry,SYN_000415,41.5,LIFTOFF,6.2139999999999995,3193.0,240.095,96.05499999999999,750.67,35009.5,4.034,3.3655,2.31,2.18,2.525,1.9449999999999998,23.735,22.169999999999998,414.5,-0.0085,0.0085,-0.0015
synthetic_telemetry,SYN_000416,41.6,LIFTOFF,6.2136,3193.2,240.088,96.05199999999999,750.648,35008.8,4.0336,3.3652,2.3240000000000003,2.192,2.54,1.948,23.483999999999995,22.168,414.8,-0.0084,0.0084,-0.0016000000000000014
synthetic_telemetry,SYN_000417,41.7,LIFTOFF,6.2132,3193.4,240.081,96.04899999999999,750.626,35008.1,4.0332,3.3649,2.3380000000000005,2.204,2.555,1.951,23.232999999999993,22.166,415.1,-0.008299999999999997,0.008299999999999997,-0.001700000000000003
synthetic_telemetry,SYN_000418,41.800000000000004,LIFTOFF,6.2128,3193.6,240.07399999999998,96.04599999999999,750.604,35007.4,4.0328,3.3646000000000003,2.3520000000000008,2.2160000000000006,2.5700000000000003,1.9540000000000002,22.98199999999999,22.163999999999998,415.40000000000003,-0.008199999999999995,0.008199999999999995,-0.0018000000000000043
synthetic_telemetry,SYN_000419,41.900000000000006,LIFTOFF,6.2124,3193.8,240.06699999999998,96.04299999999999,750.582,35006.7,4.0324,3.3643,2.366000000000001,2.2280000000000006,2.585000000000001,1.957,22.730999999999987,22.162,415.70000000000005,-0.008099999999999994,0.008099999999999994,-0.0019000000000000056
synthetic_telemetry,SYN_000420,42.0,LIFTOFF,6.212,3194.0,240.06,96.03999999999999,750.56,35006.0,4.032,3.364,2.38,2.24,2.5999999999999996,1.96,22.48,22.16,416.0,-0.008,0.008,-0.002
synthetic_telemetry,SYN_000421,42.1,LIFTOFF,6.2116,3194.2,240.053,96.03699999999999,750.538,35005.3,4.0316,3.3637,2.394,2.2520000000000002,2.615,1.963,22.228999999999996,22.157999999999998,416.3,-0.007899999999999999,0.007899999999999999,-0.0021000000000000016
synthetic_telemetry,SYN_000422,42.2,LIFTOFF,6.2112,3194.4,240.046,96.03399999999999,750.516,35004.6,4.0312,3.3634,2.4080000000000004,2.2640000000000002,2.6300000000000003,1.966,21.977999999999994,22.156,416.6,-0.007799999999999998,0.007799999999999998,-0.0022000000000000027
synthetic_telemetry,SYN_000423,42.300000000000004,LIFTOFF,6.2108,3194.6,240.039,96.03099999999999,750.494,35003.9,4.0308,3.3631,2.4220000000000006,2.2760000000000007,2.6450000000000005,1.969,21.72699999999999,22.154,416.90000000000003,-0.007699999999999996,0.007699999999999996,-0.0023000000000000043
synthetic_telemetry,SYN_000424,42.400000000000006,LIFTOFF,6.2104,3194.8,240.03199999999998,96.02799999999999,750.472,35003.2,4.0304,3.3628,2.436000000000001,2.2880000000000007,2.6600000000000006,1.9720000000000002,21.475999999999985,22.152,417.20000000000005,-0.007599999999999994,0.007599999999999994,-0.002400000000000006
synthetic_telemetry,SYN_000425,42.5,LIFTOFF,6.21,3195.0,240.02499999999998,96.02499999999999,750.45,35002.5,4.03,3.3625,2.45,2.3,2.675,1.975,21.225,22.15,417.5,-0.0075,0.0075,-0.0025
synthetic_telemetry,SYN_000426,42.6,LIFTOFF,6.2096,3195.2,240.018,96.02199999999999,750.428,35001.8,4.0296,3.3622,2.4640000000000004,2.3120000000000003,2.69,1.978,20.973999999999997,22.148,417.8,-0.007399999999999999,0.007399999999999999,-0.0026000000000000016
synthetic_telemetry,SYN_000427,42.7,LIFTOFF,6.2092,3195.4,240.011,96.01899999999999,750.406,35001.1,4.0292,3.3619,2.4780000000000006,2.3240000000000003,2.705,1.981,20.722999999999992,22.146,418.1,-0.0072999999999999975,0.0072999999999999975,-0.0027000000000000027
synthetic_telemetry,SYN_000428,42.800000000000004,LIFTOFF,6.2088,3195.6,240.004,96.01599999999999,750.384,35000.4,4.0288,3.3616,2.492000000000001,2.3360000000000007,2.7200000000000006,1.9840000000000002,20.471999999999987,22.144,418.40000000000003,-0.007199999999999996,0.007199999999999996,-0.0028000000000000043
synthetic_telemetry,SYN_000429,42.900000000000006,LIFTOFF,6.2084,3195.8,239.99699999999999,96.01299999999999,750.362,34999.7,4.0284,3.3613,2.5060000000000007,2.3480000000000008,2.7350000000000008,1.987,20.220999999999986,22.142,418.70000000000005,-0.007099999999999994,0.007099999999999994,-0.002900000000000006
synthetic_telemetry,SYN_000430,43.0,LIFTOFF,6.208,3196.0,239.98999999999998,96.00999999999999,750.34,34999.0,4.0280000000000005,3.361,2.52,2.3600000000000003,2.75,1.99,19.97,22.14,419.0,-0.007,0.007,-0.003
synthetic_telemetry,SYN_000431,43.1,LIFTOFF,6.207599999999999,3196.2,239.983,96.00699999999999,750.318,34998.3,4.0276,3.3607,2.5340000000000003,2.3720000000000003,2.765,1.993,19.718999999999994,22.137999999999998,419.3,-0.006899999999999998,0.006899999999999998,-0.0031000000000000016
synthetic_telemetry,SYN_000432,43.2,LIFTOFF,6.207199999999999,3196.4,239.976,96.00399999999999,750.2959999999999,34997.6,4.0272,3.3604,2.5480000000000005,2.3840000000000003,2.7800000000000002,1.996,19.467999999999993,22.136,419.6,-0.006799999999999997,0.006799999999999997,-0.0032000000000000028
synthetic_telemetry,SYN_000433,43.300000000000004,LIFTOFF,6.206799999999999,3196.6,239.969,96.00099999999999,750.274,34996.9,4.0268,3.3601,2.5620000000000007,2.396000000000001,2.7950000000000004,1.999,19.216999999999988,22.134,419.90000000000003,-0.006699999999999996,0.006699999999999996,-0.0033000000000000043
synthetic_telemetry,SYN_000434,43.400000000000006,LIFTOFF,6.2063999999999995,3196.8,239.962,95.99799999999999,750.252,34996.2,4.0264,3.3598,2.576000000000001,2.408000000000001,2.8100000000000005,2.0020000000000002,18.965999999999987,22.131999999999998,420.20000000000005,-0.006599999999999995,0.006599999999999995,-0.003400000000000006
synthetic_telemetry,SYN_000435,43.5,LIFTOFF,6.2059999999999995,3197.0,239.95499999999998,95.99499999999999,750.23,34995.5,4.026,3.3595,2.59,2.42,2.8249999999999997,2.005,18.715,22.13,420.5,-0.006500000000000001,0.006500000000000001,-0.0035
synthetic_telemetry,SYN_000436,43.6,LIFTOFF,6.2056,3197.2,239.94799999999998,95.99199999999999,750.208,34994.8,4.0256,3.3592,2.604,2.4320000000000004,2.84,2.008,18.463999999999995,22.128,420.8,-0.006399999999999999,0.006399999999999999,-0.0036000000000000016
synthetic_telemetry,SYN_000437,43.7,LIFTOFF,6.2052,3197.4,239.941,95.98899999999999,750.186,34994.1,4.0252,3.3589,2.6180000000000003,2.4440000000000004,2.8550000000000004,2.011,18.212999999999994,22.126,421.1,-0.0062999999999999974,0.0062999999999999974,-0.0037000000000000028
synthetic_telemetry,SYN_000438,43.800000000000004,LIFTOFF,6.2048,3197.6,239.934,95.98599999999999,750.164,34993.4,4.0248,3.3586,2.6320000000000006,2.4560000000000004,2.8700000000000006,2.0140000000000002,17.96199999999999,22.124,421.40000000000003,-0.0061999999999999954,0.0061999999999999954,-0.0038000000000000043
synthetic_telemetry,SYN_000439,43.900000000000006,LIFTOFF,6.2044,3197.8,239.927,95.98299999999999,750.1419999999999,34992.7,4.0244,3.3583,2.646000000000001,2.468000000000001,2.8850000000000007,2.0170000000000003,17.710999999999984,22.122,421.70000000000005,-0.006099999999999994,0.006099999999999994,-0.003900000000000006
synthetic_telemetry,SYN_000440,44.0,LIFTOFF,6.204,3198.0,239.92,95.97999999999999,750.12,34992.0,4.024,3.358,2.66,2.48,2.9,2.02,17.46,22.12,422.0,-0.006,0.006,-0.004
synthetic_telemetry,SYN_000441,44.1,LIFTOFF,6.2036,3198.2,239.91299999999998,95.97699999999999,750.098,34991.3,4.0236,3.3577,2.6740000000000004,2.4920000000000004,2.915,2.023,17.208999999999996,22.118,422.3,-0.005899999999999999,0.005899999999999999,-0.004100000000000001
synthetic_telemetry,SYN_000442,44.2,LIFTOFF,6.2032,3198.4,239.906,95.97399999999999,750.076,34990.6,4.0232,3.3574,2.6880000000000006,2.5040000000000004,2.93,2.0260000000000002,16.95799999999999,22.116,422.6,-0.005799999999999997,0.005799999999999997,-0.004200000000000003
synthetic_telemetry,SYN_000443,44.300000000000004,LIFTOFF,6.2028,3198.6,239.899,95.97099999999999,750.054,34989.9,4.0228,3.3571,2.702000000000001,2.5160000000000005,2.9450000000000003,2.0290000000000004,16.706999999999987,22.114,422.90000000000003,-0.005699999999999996,0.005699999999999996,-0.004300000000000004
synthetic_telemetry,SYN_000444,44.400000000000006,LIFTOFF,6.2024,3198.8,239.892,95.96799999999999,750.0319999999999,34989.2,4.0224,3.3568,2.716000000000001,2.528000000000001,2.960000000000001,2.032,16.455999999999985,22.112,423.20000000000005,-0.005599999999999995,0.005599999999999995,-0.0044000000000000055
synthetic_telemetry,SYN_000445,44.5,LIFTOFF,6.202,3199.0,239.885,95.96499999999999,750.01,34988.5,4.022,3.3565,2.73,2.54,2.9749999999999996,2.035,16.205,22.11,423.5,-0.0055,0.0055,-0.0045000000000000005
synthetic_telemetry,SYN_000446,44.6,LIFTOFF,6.2016,3199.2,239.878,95.96199999999999,749.9879999999999,34987.8,4.0216,3.3562,2.744,2.5520000000000005,2.99,2.0380000000000003,15.953999999999995,22.108,423.8,-0.0053999999999999986,0.0053999999999999986,-0.004600000000000002
synthetic_telemetry,SYN_000447,44.7,LIFTOFF,6.2012,3199.4,239.87099999999998,95.95899999999999,749.966,34987.1,4.0212,3.3559,2.7580000000000005,2.5640000000000005,3.0050000000000003,2.041,15.702999999999992,22.105999999999998,424.1,-0.005299999999999997,0.005299999999999997,-0.004700000000000003
synthetic_telemetry,SYN_000448,44.800000000000004,LIFTOFF,6.2008,3199.6,239.864,95.95599999999999,749.944,34986.4,4.0208,3.3556,2.7720000000000007,2.5760000000000005,3.0200000000000005,2.044,15.451999999999988,22.104,424.40000000000003,-0.005199999999999995,0.005199999999999995,-0.004800000000000005
synthetic_telemetry,SYN_000449,44.900000000000006,LIFTOFF,6.2004,3199.8,239.857,95.95299999999999,749.922,34985.7,4.0204,3.3553,2.786000000000001,2.588000000000001,3.0350000000000006,2.047,15.200999999999985,22.102,424.70000000000005,-0.005099999999999994,0.005099999999999994,-0.004900000000000006
synthetic_telemetry,SYN_000450,45.0,LIFTOFF,6.199999999999999,3200.0,239.85,95.94999999999999,749.9,34985.0,4.02,3.355,2.8,2.6,3.05,2.05,14.95,22.1,425.0,-0.005,0.005,-0.005
synthetic_telemetry,SYN_000451,45.1,LIFTOFF,6.199599999999999,3200.2,239.843,95.947,749.8779999999999,34984.3,4.0196,3.3547,2.814,2.612,3.065,2.053,14.698999999999995,22.098,425.3,-0.004899999999999999,0.004899999999999999,-0.005100000000000001
synthetic_telemetry,SYN_000452,45.2,LIFTOFF,6.199199999999999,3200.4,239.83599999999998,95.944,749.856,34983.6,4.0192,3.3544,2.8280000000000003,2.6240000000000006,3.08,2.056,14.447999999999992,22.096,425.6,-0.004799999999999997,0.004799999999999997,-0.005200000000000003
synthetic_telemetry,SYN_000453,45.300000000000004,LIFTOFF,6.198799999999999,3200.6,239.829,95.941,749.834,34982.9,4.0188,3.3541,2.8420000000000005,2.6360000000000006,3.0950000000000006,2.059,14.196999999999989,22.094,425.90000000000003,-0.004699999999999996,0.004699999999999996,-0.005300000000000004
synthetic_telemetry,SYN_000454,45.400000000000006,LIFTOFF,6.1983999999999995,3200.8,239.822,95.938,749.812,34982.2,4.0184,3.3538,2.8560000000000008,2.6480000000000006,3.1100000000000008,2.0620000000000003,13.945999999999984,22.092,426.20000000000005,-0.004599999999999995,0.004599999999999995,-0.0054000000000000055
synthetic_telemetry,SYN_000455,45.5,LIFTOFF,6.1979999999999995,3201.0,239.815,95.935,749.79,34981.5,4.018,3.3535,2.87,2.66,3.125,2.065,13.694999999999999,22.09,426.5,-0.0045000000000000005,0.0045000000000000005,-0.0055
synthetic_telemetry,SYN_000456,45.6,LIFTOFF,6.1975999999999996,3201.2,239.808,95.932,749.768,34980.8,4.0176,3.3532,2.8840000000000003,2.672,3.14,2.068,13.443999999999996,22.088,426.8,-0.0043999999999999985,0.0043999999999999985,-0.005600000000000002
synthetic_telemetry,SYN_000457,45.7,LIFTOFF,6.1972,3201.4,239.801,95.929,749.746,34980.1,4.0172,3.3529,2.8980000000000006,2.6840000000000006,3.1550000000000002,2.071,13.19299999999999,22.086,427.1,-0.004299999999999997,0.004299999999999997,-0.005700000000000003
synthetic_telemetry,SYN_000458,45.800000000000004,LIFTOFF,6.1968,3201.6,239.79399999999998,95.926,749.7239999999999,34979.4,4.0168,3.3526,2.912000000000001,2.6960000000000006,3.1700000000000004,2.0740000000000003,12.941999999999988,22.084,427.40000000000003,-0.004199999999999995,0.004199999999999995,-0.005800000000000005
synthetic_telemetry,SYN_000459,45.900000000000006,LIFTOFF,6.1964,3201.8,239.787,95.923,749.702,34978.7,4.0164,3.3523,2.926000000000001,2.708000000000001,3.1850000000000005,2.0770000000000004,12.690999999999985,22.082,427.70000000000005,-0.004099999999999994,0.004099999999999994,-0.005900000000000006
synthetic_telemetry,SYN_000460,46.0,LIFTOFF,6.196,3202.0,239.78,95.92,749.68,34978.0,4.016,3.352,2.94,2.72,3.1999999999999997,2.08,12.439999999999998,22.08,428.0,-0.004,0.004,-0.006
synthetic_telemetry,SYN_000461,46.1,LIFTOFF,6.1956,3202.2,239.773,95.917,749.658,34977.3,4.0156,3.3517,2.954,2.732,3.215,2.083,12.188999999999995,22.078,428.3,-0.003899999999999999,0.003899999999999999,-0.006100000000000001
synthetic_telemetry,SYN_000462,46.2,LIFTOFF,6.1952,3202.4,239.766,95.914,749.636,34976.6,4.0152,3.3514,2.9680000000000004,2.7440000000000007,3.2300000000000004,2.0860000000000003,11.937999999999992,22.076,428.6,-0.003799999999999997,0.003799999999999997,-0.006200000000000003
synthetic_telemetry,SYN_000463,46.300000000000004,LIFTOFF,6.1948,3202.6,239.759,95.911,749.6139999999999,34975.9,4.0148,3.3510999999999997,2.9820000000000007,2.7560000000000007,3.2450000000000006,2.0890000000000004,11.686999999999989,22.073999999999998,428.90000000000003,-0.003699999999999996,0.003699999999999996,-0.006300000000000004
synthetic_telemetry,SYN_000464,46.400000000000006,LIFTOFF,6.1944,3202.8,239.752,95.908,749.592,34975.2,4.0144,3.3508,2.996000000000001,2.7680000000000007,3.2600000000000007,2.092,11.435999999999986,22.072,429.20000000000005,-0.0035999999999999947,0.0035999999999999947,-0.0064000000000000055
synthetic_telemetry,SYN_000465,46.5,LIFTOFF,6.194,3203.0,239.745,95.905,749.5699999999999,34974.5,4.014,3.3505,3.01,2.7800000000000002,3.275,2.095,11.184999999999999,22.07,429.5,-0.0034999999999999996,0.0034999999999999996,-0.006500000000000001
synthetic_telemetry,SYN_000466,46.6,LIFTOFF,6.1936,3203.2,239.738,95.902,749.548,34973.8,4.0136,3.3502,3.024,2.7920000000000003,3.29,2.0980000000000003,10.933999999999994,22.068,429.8,-0.0033999999999999985,0.0033999999999999985,-0.006600000000000002
synthetic_telemetry,SYN_000467,46.7,LIFTOFF,6.1932,3203.4,239.731,95.899,749.526,34973.1,4.0132,3.3499,3.0380000000000003,2.8040000000000003,3.305,2.101,10.682999999999993,22.066,430.1,-0.0032999999999999974,0.0032999999999999974,-0.006700000000000003
synthetic_telemetry,SYN_000468,46.800000000000004,LIFTOFF,6.1928,3203.6,239.724,95.896,749.504,34972.4,4.0128,3.3496,3.0520000000000005,2.8160000000000007,3.3200000000000003,2.104,10.431999999999988,22.064,430.40000000000003,-0.0031999999999999954,0.0031999999999999954,-0.006800000000000005
synthetic_telemetry,SYN_000469,46.900000000000006,LIFTOFF,6.1924,3203.8,239.71699999999998,95.893,749.482,34971.7,4.0124,3.3493,3.0660000000000007,2.8280000000000007,3.335000000000001,2.107,10.180999999999983,22.062,430.70000000000005,-0.0030999999999999943,0.0030999999999999943,-0.006900000000000006
synthetic_telemetry,SYN_000470,47.0,LIFTOFF,6.192,3204.0,239.71,95.89,749.4599999999999,34971.0,4.0120000000000005,3.3489999999999998,3.08,2.8400000000000003,3.3499999999999996,2.1100000000000003,9.93,22.06,431.0,-0.003,0.003,-0.007
synthetic_telemetry,SYN_000471,47.1,LIFTOFF,6.191599999999999,3204.2,239.703,95.887,749.438,34970.3,4.0116,3.3487,3.0940000000000003,2.8520000000000003,3.365,2.113,9.678999999999995,22.058,431.3,-0.002899999999999999,0.002899999999999999,-0.007100000000000001
synthetic_telemetry,SYN_000472,47.2,LIFTOFF,6.191199999999999,3204.4,239.696,95.884,749.4159999999999,34969.6,4.0112,3.3484,3.1080000000000005,2.8640000000000008,3.38,2.116,9.42799999999999,22.056,431.6,-0.002799999999999997,0.002799999999999997,-0.007200000000000003
synthetic_telemetry,SYN_000473,47.300000000000004,LIFTOFF,6.190799999999999,3204.6,239.689,95.881,749.394,34968.9,4.0108,3.3481,3.1220000000000008,2.876000000000001,3.3950000000000005,2.119,9.176999999999989,22.054,431.90000000000003,-0.002699999999999996,0.002699999999999996,-0.007300000000000004
synthetic_telemetry,SYN_000474,47.400000000000006,LIFTOFF,6.1903999999999995,3204.8,239.682,95.878,749.372,34968.2,4.0104,3.3478,3.136000000000001,2.888000000000001,3.4100000000000006,2.1220000000000003,8.925999999999984,22.052,432.20000000000005,-0.0025999999999999947,0.0025999999999999947,-0.0074000000000000055
synthetic_telemetry,SYN_000475,47.5,LIFTOFF,6.1899999999999995,3205.0,239.675,95.875,749.3499999999999,34967.5,4.01,3.3475,3.15,2.9000000000000004,3.425,2.125,8.674999999999997,22.05,432.5,-0.0025000000000000005,0.0025000000000000005,-0.0075
synthetic_telemetry,SYN_000476,47.6,LIFTOFF,6.1895999999999995,3205.2,239.668,95.872,749.328,34966.8,4.0096,3.3472,3.164,2.9120000000000004,3.44,2.128,8.423999999999996,22.048,432.8,-0.0023999999999999985,0.0023999999999999985,-0.007600000000000002
synthetic_telemetry,SYN_000477,47.7,LIFTOFF,6.1892,3205.4,239.661,95.869,749.3059999999999,34966.1,4.0092,3.3468999999999998,3.1780000000000004,2.9240000000000004,3.455,2.1310000000000002,8.172999999999991,22.046,433.1,-0.0022999999999999974,0.0022999999999999974,-0.007700000000000003
synthetic_telemetry,SYN_000478,47.800000000000004,LIFTOFF,6.1888,3205.6,239.654,95.866,749.284,34965.4,4.0088,3.3466,3.1920000000000006,2.936000000000001,3.4700000000000006,2.1340000000000003,7.921999999999986,22.044,433.40000000000003,-0.0021999999999999954,0.0021999999999999954,-0.007800000000000005
synthetic_telemetry,SYN_000479,47.900000000000006,LIFTOFF,6.1884,3205.8,239.647,95.863,749.262,34964.7,4.0084,3.3463,3.206000000000001,2.948000000000001,3.4850000000000003,2.1370000000000005,7.670999999999985,22.041999999999998,433.70000000000005,-0.0020999999999999942,0.0020999999999999942,-0.007900000000000006
synthetic_telemetry,SYN_000480,48.0,LIFTOFF,6.188,3206.0,239.64,95.86,749.24,34964.0,4.008,3.346,3.2199999999999998,2.96,3.5,2.14,7.419999999999998,22.04,434.0,-0.002,0.002,-0.008
synthetic_telemetry,SYN_000481,48.1,LIFTOFF,6.1876,3206.2,239.633,95.857,749.218,34963.3,4.0076,3.3457,3.234,2.9720000000000004,3.5149999999999997,2.1430000000000002,7.168999999999993,22.038,434.3,-0.001899999999999999,0.001899999999999999,-0.008100000000000001
synthetic_telemetry,SYN_000482,48.2,LIFTOFF,6.1872,3206.4,239.626,95.854,749.1959999999999,34962.6,4.0072,3.3453999999999997,3.248,2.9840000000000004,3.5300000000000002,2.1460000000000004,6.917999999999992,22.036,434.6,-0.0017999999999999978,0.0017999999999999978,-0.008200000000000002
synthetic_telemetry,SYN_000483,48.300000000000004,LIFTOFF,6.1868,3206.6,239.619,95.851,749.174,34961.9,4.0068,3.3451,3.2620000000000005,2.9960000000000004,3.5450000000000004,2.1490000000000005,6.666999999999987,22.034,434.90000000000003,-0.001699999999999995,0.001699999999999995,-0.008300000000000005
synthetic_telemetry,SYN_000484,48.400000000000006,LIFTOFF,6.1864,3206.8,239.612,95.848,749.1519999999999,34961.2,4.0064,3.3447999999999998,3.2760000000000007,3.008000000000001,3.5600000000000005,2.152,6.415999999999983,22.032,435.20000000000005,-0.0015999999999999938,0.0015999999999999938,-0.008400000000000006
synthetic_telemetry,SYN_000485,48.5,LIFTOFF,6.186,3207.0,239.605,95.845,749.13,34960.5,4.006,3.3445,3.29,3.0200000000000005,3.5749999999999997,2.1550000000000002,6.164999999999999,22.03,435.5,-0.0014999999999999996,0.0014999999999999996,-0.0085
synthetic_telemetry,SYN_000486,48.6,LIFTOFF,6.1856,3207.2,239.59799999999998,95.842,749.108,34959.8,4.0056,3.3442,3.3040000000000003,3.0320000000000005,3.59,2.1580000000000004,5.913999999999994,22.028,435.8,-0.0013999999999999985,0.0013999999999999985,-0.008600000000000002
synthetic_telemetry,SYN_000487,48.7,LIFTOFF,6.1852,3207.4,239.591,95.839,749.086,34959.1,4.0052,3.3439,3.3180000000000005,3.0440000000000005,3.6050000000000004,2.1610000000000005,5.66299999999999,22.026,436.1,-0.0012999999999999973,0.0012999999999999973,-0.008700000000000003
synthetic_telemetry,SYN_000488,48.800000000000004,LIFTOFF,6.1848,3207.6,239.584,95.836,749.064,34958.4,4.0048,3.3436,3.3320000000000007,3.056000000000001,3.62,2.164,5.411999999999988,22.024,436.40000000000003,-0.0011999999999999962,0.0011999999999999962,-0.008800000000000004
synthetic_telemetry,SYN_000489,48.900000000000006,LIFTOFF,6.1844,3207.8,239.577,95.833,749.0419999999999,34957.7,4.0044,3.3432999999999997,3.346000000000001,3.068000000000001,3.6350000000000007,2.1670000000000003,5.160999999999984,22.022,436.70000000000005,-0.001099999999999995,0.001099999999999995,-0.008900000000000005
synthetic_telemetry,SYN_000490,49.0,LIFTOFF,6.183999999999999,3208.0,239.57,95.83,749.02,34957.0,4.004,3.343,3.36,3.08,3.6499999999999995,2.17,4.909999999999997,22.02,437.0,-0.0009999999999999992,0.0009999999999999992,-0.009000000000000001
synthetic_telemetry,SYN_000491,49.1,LIFTOFF,6.183599999999999,3208.2,239.563,95.827,748.9979999999999,34956.3,4.0036,3.3427,3.374,3.0920000000000005,3.665,2.173,4.658999999999995,22.018,437.3,-0.000899999999999998,0.000899999999999998,-0.009100000000000002
synthetic_telemetry,SYN_000492,49.2,LIFTOFF,6.183199999999999,3208.4,239.556,95.824,748.976,34955.6,4.0032,3.3424,3.3880000000000003,3.1040000000000005,3.68,2.176,4.407999999999991,22.016,437.6,-0.0007999999999999969,0.0007999999999999969,-0.009200000000000003
synthetic_telemetry,SYN_000493,49.300000000000004,LIFTOFF,6.182799999999999,3208.6,239.549,95.821,748.954,34954.9,4.0028,3.3421,3.4020000000000006,3.1160000000000005,3.6950000000000003,2.1790000000000003,4.156999999999986,22.014,437.90000000000003,-0.0006999999999999958,0.0006999999999999958,-0.009300000000000004
synthetic_telemetry,SYN_000494,49.400000000000006,LIFTOFF,6.1823999999999995,3208.8,239.542,95.818,748.9319999999999,34954.2,4.0024,3.3417999999999997,3.416000000000001,3.128000000000001,3.710000000000001,2.1820000000000004,3.9059999999999846,22.012,438.20000000000005,-0.0005999999999999946,0.0005999999999999946,-0.009400000000000006
synthetic_telemetry,SYN_000495,49.5,LIFTOFF,6.1819999999999995,3209.0,239.535,95.815,748.91,34953.5,4.002,3.3415,3.4299999999999997,3.14,3.7249999999999996,2.185,3.6549999999999976,22.01,438.5,-0.0005000000000000004,0.0005000000000000004,-0.0095
synthetic_telemetry,SYN_000496,49.6,LIFTOFF,6.1815999999999995,3209.2,239.528,95.812,748.8879999999999,34952.8,4.0016,3.3411999999999997,3.444,3.152,3.74,2.188,3.403999999999993,22.008,438.8,-0.0003999999999999993,0.0003999999999999993,-0.009600000000000001
synthetic_telemetry,SYN_000497,49.7,LIFTOFF,6.1812,3209.4,239.521,95.809,748.866,34952.1,4.0012,3.3409,3.458,3.1640000000000006,3.755,2.1910000000000003,3.1529999999999916,22.006,439.1,-0.00029999999999999645,0.00029999999999999645,-0.009700000000000004
synthetic_telemetry,SYN_000498,49.800000000000004,LIFTOFF,6.1808,3209.6,239.514,95.806,748.8439999999999,34951.4,4.0008,3.3406,3.4720000000000004,3.176000000000001,3.7700000000000005,2.1940000000000004,2.901999999999987,22.004,439.40000000000003,-0.00019999999999999532,0.00019999999999999532,-0.009800000000000005
synthetic_telemetry,SYN_000499,49.900000000000006,LIFTOFF,6.1804,3209.8,239.507,95.803,748.822,34950.7,4.0004,3.3403,3.4860000000000007,3.1880000000000006,3.7850000000000006,2.1970000000000005,2.650999999999982,22.002,439.70000000000005,-9.999999999999419e-05,9.999999999999419e-05,-0.009900000000000006
synthetic_telemetry,SYN_000500,50.0,LIFTOFF,6.18,3210.0,239.5,95.8,748.8,34950.0,4.0,3.34,3.5,3.2,3.8,2.2,2.4,22.0,440.0,0.0,0.0,-0.01
synthetic_telemetry,SYN_000501,50.1,LIFTOFF,6.1802,3209.9,239.505,95.80199999999999,748.812,34950.5,3.9996,3.3396999999999997,3.5170000000000003,3.2180000000000004,3.8200000000000003,2.204,2.6490000000000036,22.001,440.4,0.00030000000000000426,0.00020000000000000286,-0.009799999999999998
synthetic_telemetry,SYN_000502,50.2,LIFTOFF,6.1804,3209.8,239.51,95.804,748.824,34951.0,3.9992,3.3394,3.5340000000000007,3.2360000000000007,3.8400000000000003,2.208,2.898000000000007,22.002,440.8,0.0006000000000000085,0.0004000000000000057,-0.009599999999999994
synthetic_telemetry,SYN_000503,50.300000000000004,LIFTOFF,6.1806,3209.7,239.515,95.806,748.836,34951.5,3.9988,3.3390999999999997,3.5510000000000006,3.254000000000001,3.8600000000000008,2.212,3.1470000000000105,22.003,441.20000000000005,0.0009000000000000128,0.0006000000000000085,-0.009399999999999992
synthetic_telemetry,SYN_000504,50.400000000000006,LIFTOFF,6.1808,3209.6,239.52,95.80799999999999,748.848,34952.0,3.9984,3.3388,3.568000000000001,3.272000000000001,3.880000000000001,2.216,3.396000000000014,22.004,441.6,0.001200000000000017,0.0008000000000000114,-0.00919999999999999
synthetic_telemetry,SYN_000505,50.5,LIFTOFF,6.181,3209.5,239.525,95.81,748.8599999999999,34952.5,3.998,3.3385,3.585,3.29,3.9,2.22,3.645,22.005,442.0,0.0015,0.001,-0.009000000000000001
synthetic_telemetry,SYN_000506,50.6,LIFTOFF,6.1812,3209.4,239.53,95.812,748.872,34953.0,3.9976,3.3382,3.6020000000000003,3.3080000000000003,3.92,2.224,3.8940000000000037,22.006,442.4,0.0018000000000000043,0.001200000000000003,-0.008799999999999997
synthetic_telemetry,SYN_000507,50.7,LIFTOFF,6.1814,3209.3,239.535,95.814,748.884,34953.5,3.9972,3.3379,3.6190000000000007,3.3260000000000005,3.9400000000000004,2.228,4.143000000000007,22.007,442.8,0.0021000000000000085,0.0014000000000000056,-0.008599999999999995
synthetic_telemetry,SYN_000508,50.800000000000004,LIFTOFF,6.1815999999999995,3209.2,239.54,95.816,748.896,34954.0,3.9968,3.3375999999999997,3.6360000000000006,3.3440000000000007,3.960000000000001,2.232,4.392000000000011,22.008,443.20000000000005,0.002400000000000013,0.0016000000000000085,-0.00839999999999999
synthetic_telemetry,SYN_000509,50.900000000000006,LIFTOFF,6.1818,3209.1,239.545,95.818,748.908,34954.5,3.9964,3.3373,3.653000000000001,3.362000000000001,3.980000000000001,2.236,4.641000000000014,22.009,443.6,0.002700000000000017,0.0018000000000000114,-0.008199999999999989
synthetic_telemetry,SYN_000510,51.0,LIFTOFF,6.1819999999999995,3209.0,239.55,95.82,748.92,34955.0,3.996,3.3369999999999997,3.67,3.3800000000000003,4.0,2.24,4.890000000000001,22.01,444.0,0.003,0.002,-0.008
synthetic_telemetry,SYN_000511,51.1,LIFTOFF,6.1822,3208.9,239.555,95.822,748.932,34955.5,3.9956,3.3367,3.6870000000000003,3.3980000000000006,4.0200000000000005,2.244,5.139000000000004,22.011,444.4,0.0033000000000000043,0.0022000000000000027,-0.007799999999999998
synthetic_telemetry,SYN_000512,51.2,LIFTOFF,6.1823999999999995,3208.8,239.56,95.824,748.944,34956.0,3.9952,3.3364,3.7040000000000006,3.416000000000001,4.04,2.248,5.388000000000007,22.012,444.8,0.0036000000000000086,0.002400000000000006,-0.007599999999999994
synthetic_telemetry,SYN_000513,51.300000000000004,LIFTOFF,6.1826,3208.7,239.565,95.826,748.956,34956.5,3.9948,3.3361,3.721000000000001,3.434000000000001,4.0600000000000005,2.2520000000000002,5.637000000000011,22.013,445.20000000000005,0.003900000000000013,0.0026000000000000086,-0.007399999999999992
synthetic_telemetry,SYN_000514,51.400000000000006,LIFTOFF,6.182799999999999,3208.6,239.57,95.828,748.968,34957.0,3.9944,3.3358,3.738000000000001,3.4520000000000013,4.080000000000001,2.2560000000000002,5.886000000000014,22.014,445.6,0.004200000000000017,0.0028000000000000112,-0.007199999999999989
synthetic_telemetry,SYN_000515,51.5,LIFTOFF,6.183,3208.5,239.575,95.83,748.98,34957.5,3.9939999999999998,3.3354999999999997,3.755,3.47,4.1,2.2600000000000002,6.135,22.015,446.0,0.0045000000000000005,0.003,-0.007
synthetic_telemetry,SYN_000516,51.6,LIFTOFF,6.183199999999999,3208.4,239.58,95.832,748.992,34958.0,3.9936,3.3352,3.7720000000000002,3.4880000000000004,4.12,2.2640000000000002,6.384000000000004,22.016000000000002,446.4,0.004800000000000005,0.0032000000000000028,-0.006799999999999997
synthetic_telemetry,SYN_000517,51.7,LIFTOFF,6.1834,3208.3,239.585,95.834,749.004,34958.5,3.9932,3.3348999999999998,3.7890000000000006,3.5060000000000007,4.140000000000001,2.2680000000000002,6.633000000000008,22.017,446.8,0.005100000000000009,0.003400000000000006,-0.006599999999999995
synthetic_telemetry,SYN_000518,51.800000000000004,LIFTOFF,6.1836,3208.2,239.59,95.836,749.016,34959.0,3.9928,3.3346,3.806000000000001,3.524000000000001,4.160000000000001,2.2720000000000002,6.88200000000001,22.018,447.20000000000005,0.005400000000000013,0.0036000000000000086,-0.006399999999999992
synthetic_telemetry,SYN_000519,51.900000000000006,LIFTOFF,6.1838,3208.1,239.595,95.838,749.028,34959.5,3.9924,3.3343,3.823000000000001,3.542000000000001,4.180000000000001,2.2760000000000002,7.131000000000014,22.019000000000002,447.6,0.0057000000000000176,0.0038000000000000113,-0.0061999999999999885
synthetic_telemetry,SYN_000520,52.0,LIFTOFF,6.184,3208.0,239.6,95.84,749.04,34960.0,3.992,3.334,3.84,3.56,4.2,2.2800000000000002,7.380000000000001,22.02,448.0,0.006,0.004,-0.006
synthetic_telemetry,SYN_000521,52.1,LIFTOFF,6.1842,3207.9,239.605,95.842,749.052,34960.5,3.9916,3.3337,3.857,3.5780000000000003,4.22,2.2840000000000003,7.629000000000003,22.021,448.4,0.006300000000000004,0.004200000000000003,-0.005799999999999997
synthetic_telemetry,SYN_000522,52.2,LIFTOFF,6.1844,3207.8,239.61,95.844,749.064,34961.0,3.9912,3.3333999999999997,3.8740000000000006,3.5960000000000005,4.24,2.2880000000000003,7.878000000000007,22.022000000000002,448.8,0.006600000000000009,0.0044000000000000055,-0.005599999999999995
synthetic_telemetry,SYN_000523,52.300000000000004,LIFTOFF,6.1846,3207.7,239.615,95.846,749.076,34961.5,3.9908,3.3331,3.891000000000001,3.6140000000000008,4.260000000000001,2.2920000000000003,8.127000000000011,22.023,449.20000000000005,0.006900000000000013,0.004600000000000009,-0.005399999999999992
synthetic_telemetry,SYN_000524,52.400000000000006,LIFTOFF,6.1848,3207.6,239.62,95.848,749.088,34962.0,3.9904,3.3327999999999998,3.908000000000001,3.632000000000001,4.280000000000001,2.2960000000000003,8.376000000000015,22.024,449.6,0.007200000000000017,0.004800000000000012,-0.0051999999999999885
synthetic_telemetry,SYN_000525,52.5,LIFTOFF,6.185,3207.5,239.625,95.85,749.0999999999999,34962.5,3.99,3.3325,3.925,3.6500000000000004,4.3,2.3000000000000003,8.625,22.025,450.0,0.0075,0.005,-0.005
synthetic_telemetry,SYN_000526,52.6,LIFTOFF,6.1852,3207.4,239.63,95.852,749.112,34963.0,3.9896,3.3322,3.942,3.6680000000000006,4.32,2.3040000000000003,8.874000000000004,22.026,450.4,0.007800000000000005,0.005200000000000003,-0.004799999999999997
synthetic_telemetry,SYN_000527,52.7,LIFTOFF,6.1854,3207.3,239.635,95.854,749.124,34963.5,3.9892,3.3319,3.9590000000000005,3.686000000000001,4.340000000000001,2.3080000000000003,9.123000000000008,22.027,450.8,0.008100000000000008,0.0054000000000000055,-0.004599999999999995
synthetic_telemetry,SYN_000528,52.800000000000004,LIFTOFF,6.1856,3207.2,239.64,95.856,749.136,34964.0,3.9888,3.3316,3.976000000000001,3.704000000000001,4.36,2.3120000000000003,9.37200000000001,22.028,451.20000000000005,0.008400000000000013,0.005600000000000009,-0.004399999999999992
synthetic_telemetry,SYN_000529,52.900000000000006,LIFTOFF,6.1857999999999995,3207.1,239.645,95.858,749.148,34964.5,3.9884,3.3312999999999997,3.993000000000001,3.7220000000000013,4.380000000000001,2.3160000000000003,9.621000000000015,22.029,451.6,0.008700000000000017,0.005800000000000012,-0.0041999999999999885
synthetic_telemetry,SYN_000530,53.0,LIFTOFF,6.186,3207.0,239.65,95.86,749.16,34965.0,3.988,3.331,4.01,3.74,4.4,2.3200000000000003,9.870000000000001,22.03,452.0,0.009000000000000001,0.006,-0.004
synthetic_telemetry,SYN_000531,53.1,LIFTOFF,6.1861999999999995,3206.9,239.655,95.862,749.172,34965.5,3.9876,3.3306999999999998,4.027,3.7580000000000005,4.42,2.3240000000000003,10.119000000000003,22.031,452.4,0.009300000000000004,0.006200000000000003,-0.003799999999999997
synthetic_telemetry,SYN_000532,53.2,LIFTOFF,6.1864,3206.8,239.66,95.864,749.184,34966.0,3.9872,3.3304,4.0440000000000005,3.7760000000000007,4.44,2.3280000000000003,10.368000000000007,22.032,452.8,0.00960000000000001,0.0064000000000000055,-0.0035999999999999947
synthetic_telemetry,SYN_000533,53.300000000000004,LIFTOFF,6.186599999999999,3206.7,239.665,95.866,749.196,34966.5,3.9868,3.3301,4.061000000000001,3.794000000000001,4.460000000000001,2.3320000000000003,10.617000000000012,22.033,453.20000000000005,0.009900000000000013,0.006600000000000009,-0.0033999999999999916
synthetic_telemetry,SYN_000534,53.400000000000006,LIFTOFF,6.1868,3206.6,239.67,95.868,749.208,34967.0,3.9864,3.3298,4.078000000000001,3.812000000000001,4.480000000000001,2.3360000000000003,10.866000000000016,22.034,453.6,0.010200000000000018,0.006800000000000012,-0.0031999999999999884
synthetic_telemetry,SYN_000535,53.5,LIFTOFF,6.187,3206.5,239.675,95.87,749.22,34967.5,3.9859999999999998,3.3295,4.095,3.83,4.5,2.3400000000000003,11.115,22.035,454.0,0.0105,0.007,-0.003
synthetic_telemetry,SYN_000536,53.6,LIFTOFF,6.1872,3206.4,239.68,95.872,749.232,34968.0,3.9856,3.3291999999999997,4.112,3.8480000000000003,4.5200000000000005,2.3440000000000003,11.364000000000004,22.036,454.4,0.010800000000000004,0.007200000000000003,-0.002799999999999997
synthetic_telemetry,SYN_000537,53.7,LIFTOFF,6.1874,3206.3,239.685,95.874,749.244,34968.5,3.9852,3.3289,4.1290000000000004,3.8660000000000005,4.540000000000001,2.3480000000000003,11.613000000000008,22.037,454.8,0.01110000000000001,0.0074000000000000055,-0.0025999999999999947
synthetic_telemetry,SYN_000538,53.800000000000004,LIFTOFF,6.1876,3206.2,239.69,95.876,749.256,34969.0,3.9848,3.3286,4.146000000000001,3.884000000000001,4.5600000000000005,2.3520000000000003,11.862000000000013,22.038,455.20000000000005,0.011400000000000013,0.007600000000000009,-0.0023999999999999915
synthetic_telemetry,SYN_000539,53.900000000000006,LIFTOFF,6.1878,3206.1,239.695,95.878,749.268,34969.5,3.9844,3.3283,4.163000000000001,3.902000000000001,4.580000000000001,2.3560000000000003,12.111000000000015,22.039,455.6,0.011700000000000018,0.007800000000000012,-0.0021999999999999884
synthetic_telemetry,SYN_000540,54.0,LIFTOFF,6.188,3206.0,239.7,95.88,749.28,34970.0,3.984,3.328,4.18,3.92,4.6,2.3600000000000003,12.360000000000001,22.04,456.0,0.012,0.008,-0.002
synthetic_telemetry,SYN_000541,54.1,LIFTOFF,6.1882,3205.9,239.705,95.882,749.292,34970.5,3.9836,3.3277,4.197,3.9380000000000006,4.62,2.3640000000000003,12.609000000000005,22.041,456.4,0.012300000000000005,0.008200000000000002,-0.0017999999999999978
synthetic_telemetry,SYN_000542,54.2,LIFTOFF,6.1884,3205.8,239.71,95.884,749.304,34971.0,3.9832,3.3274,4.214,3.9560000000000004,4.640000000000001,2.3680000000000003,12.858000000000008,22.042,456.8,0.012600000000000009,0.008400000000000006,-0.0015999999999999938
synthetic_telemetry,SYN_000543,54.300000000000004,LIFTOFF,6.1886,3205.7,239.715,95.886,749.316,34971.5,3.9828,3.3270999999999997,4.231000000000001,3.974000000000001,4.660000000000001,2.3720000000000003,13.107000000000012,22.043,457.20000000000005,0.012900000000000014,0.008600000000000009,-0.0013999999999999915
synthetic_telemetry,SYN_000544,54.400000000000006,LIFTOFF,6.1888,3205.6,239.72,95.888,749.328,34972.0,3.9824,3.3268,4.248000000000001,3.9920000000000013,4.6800000000000015,2.3760000000000003,13.356000000000016,22.044,457.6,0.013200000000000017,0.008800000000000011,-0.0011999999999999893
synthetic_telemetry,SYN_000545,54.5,LIFTOFF,6.189,3205.5,239.725,95.89,749.3399999999999,34972.5,3.982,3.3265,4.265,4.01,4.7,2.3800000000000003,13.605000000000002,22.045,458.0,0.0135,0.009000000000000001,-0.0009999999999999992
synthetic_telemetry,SYN_000546,54.6,LIFTOFF,6.1892,3205.4,239.73,95.892,749.352,34973.0,3.9816,3.3262,4.282,4.0280000000000005,4.720000000000001,2.3840000000000003,13.854000000000005,22.046,458.4,0.013800000000000005,0.009200000000000003,-0.0007999999999999969
synthetic_telemetry,SYN_000547,54.7,LIFTOFF,6.1894,3205.3,239.735,95.894,749.364,34973.5,3.9812,3.3259,4.299,4.046000000000001,4.74,2.3880000000000003,14.103000000000009,22.047,458.8,0.014100000000000008,0.009400000000000006,-0.0005999999999999946
synthetic_telemetry,SYN_000548,54.800000000000004,LIFTOFF,6.1895999999999995,3205.2,239.74,95.896,749.376,34974.0,3.9808,3.3256,4.316000000000001,4.064000000000001,4.760000000000001,2.3920000000000003,14.352000000000013,22.048000000000002,459.20000000000005,0.014400000000000013,0.00960000000000001,-0.00039999999999999064
synthetic_telemetry,SYN_000549,54.900000000000006,LIFTOFF,6.1898,3205.1,239.745,95.898,749.388,34974.5,3.9804,3.3253,4.333000000000001,4.082000000000001,4.780000000000001,2.3960000000000004,14.601000000000015,22.049,459.6,0.014700000000000017,0.009800000000000012,-0.00019999999999998838
synthetic_telemetry,SYN_000550,55.0,LIFTOFF,6.1899999999999995,3205.0,239.75,95.9,749.4,34975.0,3.98,3.325,4.35,4.1,4.8,2.4000000000000004,14.850000000000001,22.05,460.0,0.015,0.01,0.0
synthetic_telemetry,SYN_000551,55.1,LIFTOFF,6.1902,3204.9,239.755,95.902,749.412,34975.5,3.9796,3.3247,4.367,4.118,4.82,2.4040000000000004,15.099000000000006,22.051000000000002,460.4,0.015300000000000005,0.010200000000000002,0.00020000000000000226
synthetic_telemetry,SYN_000552,55.2,LIFTOFF,6.1904,3204.8,239.76,95.904,749.424,34976.0,3.9792,3.3244,4.384,4.136000000000001,4.840000000000001,2.4080000000000004,15.348000000000008,22.052,460.8,0.01560000000000001,0.010400000000000006,0.00040000000000000625
synthetic_telemetry,SYN_000553,55.300000000000004,LIFTOFF,6.1906,3204.7,239.765,95.90599999999999,749.436,34976.5,3.9788,3.3241,4.401000000000001,4.154000000000001,4.860000000000001,2.4120000000000004,15.597000000000012,22.053,461.20000000000005,0.015900000000000015,0.010600000000000009,0.0006000000000000085
synthetic_telemetry,SYN_000554,55.400000000000006,LIFTOFF,6.1908,3204.6,239.77,95.908,749.448,34977.0,3.9784,3.3238,4.418000000000001,4.1720000000000015,4.880000000000001,2.4160000000000004,15.846000000000016,22.054000000000002,461.6,0.016200000000000016,0.010800000000000011,0.0008000000000000108
synthetic_telemetry,SYN_000555,55.5,LIFTOFF,6.191,3204.5,239.775,95.91,749.46,34977.5,3.9779999999999998,3.3235,4.4350000000000005,4.19,4.9,2.42,16.095,22.055,462.0,0.0165,0.011,0.0009999999999999992
synthetic_telemetry,SYN_000556,55.6,LIFTOFF,6.1912,3204.4,239.78,95.91199999999999,749.472,34978.0,3.9776,3.3232,4.452,4.208,4.92,2.4240000000000004,16.344000000000005,22.056,462.4,0.016800000000000006,0.011200000000000003,0.0012000000000000031
synthetic_telemetry,SYN_000557,55.7,LIFTOFF,6.1914,3204.3,239.785,95.914,749.484,34978.5,3.9772,3.3228999999999997,4.469,4.226000000000001,4.94,2.4280000000000004,16.593000000000007,22.057000000000002,462.8,0.017100000000000008,0.011400000000000006,0.0014000000000000054
synthetic_telemetry,SYN_000558,55.800000000000004,LIFTOFF,6.1916,3204.2,239.79,95.916,749.496,34979.0,3.9768,3.3226,4.486000000000001,4.244000000000001,4.960000000000001,2.4320000000000004,16.842000000000013,22.058,463.20000000000005,0.017400000000000013,0.01160000000000001,0.0016000000000000094
synthetic_telemetry,SYN_000559,55.900000000000006,LIFTOFF,6.1918,3204.1,239.795,95.91799999999999,749.508,34979.5,3.9764,3.3223,4.503000000000001,4.262000000000001,4.980000000000001,2.4360000000000004,17.091000000000015,22.059,463.6,0.017700000000000018,0.011800000000000012,0.0018000000000000117
synthetic_telemetry,SYN_000560,56.0,LIFTOFF,6.192,3204.0,239.8,95.92,749.52,34980.0,3.976,3.322,4.52,4.28,5.0,2.44,17.34,22.060000000000002,464.0,0.018000000000000002,0.012,0.002
synthetic_telemetry,SYN_000561,56.1,LIFTOFF,6.1922,3203.9,239.805,95.922,749.532,34980.5,3.9756,3.3217,4.537000000000001,4.298,5.0200000000000005,2.4440000000000004,17.589000000000006,22.061,464.4,0.018300000000000004,0.012200000000000003,0.0022000000000000023
synthetic_telemetry,SYN_000562,56.2,LIFTOFF,6.1924,3203.8,239.81,95.92399999999999,749.544,34981.0,3.9752,3.3214,4.554,4.316000000000001,5.040000000000001,2.4480000000000004,17.838000000000008,22.062,464.8,0.01860000000000001,0.012400000000000007,0.0024000000000000063
synthetic_telemetry,SYN_000563,56.300000000000004,LIFTOFF,6.1926,3203.7,239.815,95.926,749.556,34981.5,3.9748,3.3211,4.571000000000001,4.334000000000001,5.0600000000000005,2.4520000000000004,18.08700000000001,22.063000000000002,465.20000000000005,0.018900000000000014,0.012600000000000009,0.0026000000000000086
synthetic_telemetry,SYN_000564,56.400000000000006,LIFTOFF,6.1928,3203.6,239.82,95.928,749.568,34982.0,3.9744,3.3207999999999998,4.588000000000001,4.352000000000001,5.080000000000001,2.4560000000000004,18.336000000000016,22.064,465.6,0.01920000000000002,0.012800000000000011,0.002800000000000011
synthetic_telemetry,SYN_000565,56.5,LIFTOFF,6.193,3203.5,239.825,95.92999999999999,749.5799999999999,34982.5,3.974,3.3205,4.605,4.37,5.1,2.46,18.585,22.065,466.0,0.0195,0.013000000000000001,0.003000000000000001
synthetic_telemetry,SYN_000566,56.6,LIFTOFF,6.1932,3203.4,239.83,95.932,749.592,34983.0,3.9736,3.3202,4.622,4.388,5.12,2.4640000000000004,18.834000000000003,22.066000000000003,466.4,0.019800000000000005,0.013200000000000003,0.003200000000000003
synthetic_telemetry,SYN_000567,56.7,LIFTOFF,6.1934000000000005,3203.3,239.835,95.934,749.604,34983.5,3.9732,3.3199,4.639,4.406000000000001,5.140000000000001,2.4680000000000004,19.083000000000006,22.067,466.8,0.02010000000000001,0.013400000000000006,0.0034000000000000054
synthetic_telemetry,SYN_000568,56.800000000000004,LIFTOFF,6.1936,3203.2,239.84,95.93599999999999,749.616,34984.0,3.9728,3.3196,4.656000000000001,4.424000000000001,5.160000000000001,2.4720000000000004,19.33200000000001,22.068,467.20000000000005,0.020400000000000012,0.01360000000000001,0.0036000000000000094
synthetic_telemetry,SYN_000569,56.900000000000006,LIFTOFF,6.1938,3203.1,239.845,95.938,749.628,34984.5,3.9724,3.3193,4.673000000000001,4.442000000000001,5.1800000000000015,2.4760000000000004,19.581000000000014,22.069000000000003,467.6,0.020700000000000017,0.013800000000000012,0.0038000000000000117
synthetic_telemetry,SYN_000570,57.0,LIFTOFF,6.194,3203.0,239.85,95.94,749.64,34985.0,3.972,3.319,4.69,4.46,5.2,2.48,19.83,22.07,468.0,0.021,0.014,0.004
synthetic_telemetry,SYN_000571,57.1,LIFTOFF,6.1942,3202.9,239.855,95.942,749.652,34985.5,3.9716,3.3187,4.707000000000001,4.478000000000001,5.220000000000001,2.484,20.079000000000004,22.071,468.4,0.021300000000000006,0.014200000000000003,0.004200000000000002
synthetic_telemetry,SYN_000572,57.2,LIFTOFF,6.1944,3202.8,239.86,95.944,749.664,34986.0,3.9712,3.3184,4.724,4.496,5.24,2.4880000000000004,20.328000000000007,22.072000000000003,468.8,0.021600000000000008,0.014400000000000007,0.004400000000000006
synthetic_telemetry,SYN_000573,57.300000000000004,LIFTOFF,6.1946,3202.7,239.865,95.946,749.676,34986.5,3.9708,3.3181,4.7410000000000005,4.514000000000001,5.260000000000001,2.4920000000000004,20.577000000000012,22.073,469.20000000000005,0.021900000000000013,0.014600000000000009,0.004600000000000009
synthetic_telemetry,SYN_000574,57.400000000000006,LIFTOFF,6.1948,3202.6,239.87,95.948,749.688,34987.0,3.9704,3.3178,4.758000000000001,4.532000000000001,5.280000000000001,2.4960000000000004,20.826000000000015,22.074,469.6,0.02220000000000002,0.014800000000000011,0.004800000000000011
synthetic_telemetry,SYN_000575,57.5,LIFTOFF,6.195,3202.5,239.875,95.95,749.7,34987.5,3.9699999999999998,3.3175,4.775,4.55,5.3,2.5,21.075,22.075000000000003,470.0,0.0225,0.015,0.004999999999999999
synthetic_telemetry,SYN_000576,57.6,LIFTOFF,6.1952,3202.4,239.88,95.952,749.712,34988.0,3.9696,3.3172,4.792,4.5680000000000005,5.32,2.504,21.324000000000005,22.076,470.4,0.022800000000000004,0.015200000000000003,0.005200000000000003
synthetic_telemetry,SYN_000577,57.7,LIFTOFF,6.1954,3202.3,239.885,95.954,749.724,34988.5,3.9692,3.3169,4.809000000000001,4.586,5.340000000000001,2.508,21.573000000000008,22.077,470.8,0.02310000000000001,0.015400000000000006,0.0054000000000000055
synthetic_telemetry,SYN_000578,57.800000000000004,LIFTOFF,6.1956,3202.2,239.89,95.956,749.736,34989.0,3.9688,3.3166,4.8260000000000005,4.604000000000001,5.360000000000001,2.5120000000000005,21.82200000000001,22.078,471.20000000000005,0.023400000000000015,0.01560000000000001,0.0056000000000000095
synthetic_telemetry,SYN_000579,57.900000000000006,LIFTOFF,6.1958,3202.1,239.895,95.958,749.748,34989.5,3.9684,3.3163,4.843000000000001,4.622000000000002,5.380000000000001,2.5160000000000005,22.071000000000016,22.079,471.6,0.023700000000000016,0.015800000000000012,0.005800000000000012
synthetic_telemetry,SYN_000580,58.0,LIFTOFF,6.196,3202.0,239.9,95.96,749.76,34990.0,3.968,3.316,4.86,4.640000000000001,5.4,2.52,22.32,22.080000000000002,472.0,0.024,0.016,0.006
synthetic_telemetry,SYN_000581,58.1,LIFTOFF,6.1962,3201.9,239.905,95.962,749.772,34990.5,3.9676,3.3157,4.877000000000001,4.658,5.42,2.524,22.569000000000003,22.081,472.4,0.024300000000000006,0.016200000000000003,0.006200000000000002
synthetic_telemetry,SYN_000582,58.2,LIFTOFF,6.1964,3201.8,239.91,95.964,749.784,34991.0,3.9672,3.3154,4.894,4.676,5.44,2.5280000000000005,22.81800000000001,22.082,472.8,0.02460000000000001,0.016400000000000005,0.006400000000000005
synthetic_telemetry,SYN_000583,58.300000000000004,LIFTOFF,6.1966,3201.7,239.915,95.966,749.796,34991.5,3.9668,3.3151,4.911000000000001,4.694000000000001,5.460000000000001,2.5320000000000005,23.06700000000001,22.083000000000002,473.20000000000005,0.024900000000000012,0.01660000000000001,0.00660000000000001
synthetic_telemetry,SYN_000584,58.400000000000006,LIFTOFF,6.1968000000000005,3201.6,239.92,95.968,749.808,34992.0,3.9664,3.3148,4.928000000000001,4.7120000000000015,5.480000000000001,2.5360000000000005,23.316000000000013,22.084,473.6,0.025200000000000018,0.016800000000000013,0.006800000000000013
synthetic_telemetry,SYN_000585,58.5,LIFTOFF,6.197,3201.5,239.925,95.97,749.8199999999999,34992.5,3.966,3.3145000000000002,4.945,4.73,5.5,2.54,23.565,22.085,474.0,0.025500000000000002,0.017,0.007000000000000001
synthetic_telemetry,SYN_000586,58.6,LIFTOFF,6.1972000000000005,3201.4,239.93,95.972,749.832,34993.0,3.9656,3.3142,4.962000000000001,4.748,5.5200000000000005,2.544,23.814000000000004,22.086000000000002,474.4,0.025800000000000003,0.017200000000000003,0.007200000000000003
synthetic_telemetry,SYN_000587,58.7,LIFTOFF,6.1974,3201.3,239.935,95.974,749.844,34993.5,3.9652,3.3139,4.979000000000001,4.766000000000001,5.540000000000001,2.548,24.063000000000006,22.087,474.8,0.02610000000000001,0.017400000000000006,0.0074000000000000055
synthetic_telemetry,SYN_000588,58.800000000000004,LIFTOFF,6.1976,3201.2,239.94,95.976,749.856,34994.0,3.9648,3.3136,4.996,4.784000000000001,5.5600000000000005,2.5520000000000005,24.312000000000012,22.088,475.20000000000005,0.026400000000000014,0.017600000000000008,0.007600000000000008
synthetic_telemetry,SYN_000589,58.900000000000006,LIFTOFF,6.1978,3201.1,239.945,95.978,749.868,34994.5,3.9644,3.3133,5.013000000000001,4.802000000000001,5.580000000000001,2.5560000000000005,24.561000000000014,22.089000000000002,475.6,0.02670000000000002,0.01780000000000001,0.00780000000000001
synthetic_telemetry,SYN_000590,59.0,LIFTOFF,6.198,3201.0,239.95,95.98,749.88,34995.0,3.964,3.313,5.03,4.82,5.6,2.56,24.810000000000002,22.09,476.0,0.027,0.018000000000000002,0.008000000000000002
synthetic_telemetry,SYN_000591,59.1,LIFTOFF,6.1982,3200.9,239.955,95.982,749.892,34995.5,3.9636,3.3127,5.047000000000001,4.838,5.62,2.564,25.059000000000005,22.091,476.4,0.027300000000000005,0.018200000000000004,0.008200000000000004
synthetic_telemetry,SYN_000592,59.2,LIFTOFF,6.1984,3200.8,239.96,95.984,749.904,34996.0,3.9632,3.3124000000000002,5.064,4.856000000000001,5.640000000000001,2.568,25.308000000000007,22.092000000000002,476.8,0.02760000000000001,0.018400000000000007,0.008400000000000006
synthetic_telemetry,SYN_000593,59.300000000000004,LIFTOFF,6.1986,3200.7,239.965,95.986,749.916,34996.5,3.9628,3.3121,5.081000000000001,4.8740000000000006,5.660000000000001,2.572,25.557000000000013,22.093,477.20000000000005,0.027900000000000015,0.01860000000000001,0.008600000000000009
synthetic_telemetry,SYN_000594,59.400000000000006,LIFTOFF,6.1988,3200.6,239.97,95.988,749.928,34997.0,3.9624,3.3118,5.098000000000001,4.892000000000001,5.6800000000000015,2.5760000000000005,25.806000000000015,22.094,477.6,0.028200000000000017,0.01880000000000001,0.008800000000000011
synthetic_telemetry,SYN_000595,59.5,LIFTOFF,6.199,3200.5,239.975,95.99,749.94,34997.5,3.9619999999999997,3.3115,5.115,4.91,5.7,2.58,26.055,22.095000000000002,478.0,0.0285,0.019,0.009
synthetic_telemetry,SYN_000596,59.6,LIFTOFF,6.1992,3200.4,239.98,95.992,749.952,34998.0,3.9616,3.3112,5.132000000000001,4.928000000000001,5.720000000000001,2.584,26.304000000000006,22.096,478.4,0.028800000000000006,0.019200000000000002,0.009200000000000002
synthetic_telemetry,SYN_000597,59.7,LIFTOFF,6.1994,3200.3,239.985,95.994,749.964,34998.5,3.9612,3.3109,5.149000000000001,4.946000000000001,5.74,2.588,26.553000000000008,22.097,478.8,0.029100000000000008,0.019400000000000008,0.009400000000000007
synthetic_telemetry,SYN_000598,59.800000000000004,LIFTOFF,6.1996,3200.2,239.99,95.996,749.976,34999.0,3.9608,3.3106,5.166,4.964,5.760000000000001,2.5920000000000005,26.80200000000001,22.098000000000003,479.20000000000005,0.029400000000000013,0.01960000000000001,0.00960000000000001
synthetic_telemetry,SYN_000599,59.900000000000006,LIFTOFF,6.1998,3200.1,239.995,95.998,749.988,34999.5,3.9604,3.3103000000000002,5.183000000000002,4.982000000000001,5.780000000000001,2.5960000000000005,27.051000000000016,22.099,479.6,0.029700000000000018,0.019800000000000012,0.009800000000000012
synthetic_telemetry,SYN_000600,60.0,LIFTOFF,6.2,3200.0,240.0,96.0,750.0,35000.0,3.96,3.31,5.2,5.0,5.8,2.6,27.3,22.1,480.0,0.03,0.02,0.01
synthetic_telemetry,SYN_000601,60.1,MAX_Q,6.1999,3199.98,239.999,96.0,749.998,34999.9,3.9596,3.3097,5.226000000000001,5.025,5.824,2.605,27.299,22.099,480.4,0.02949999999999999,0.019699999999999995,0.009899999999999999
synthetic_telemetry,SYN_000602,60.2,MAX_Q,6.1998,3199.96,239.998,96.0,749.996,34999.8,3.9592,3.3094,5.252000000000001,5.050000000000001,5.848000000000001,2.6100000000000003,27.298000000000002,22.098000000000003,480.8,0.028999999999999984,0.019399999999999994,0.009799999999999998
synthetic_telemetry,SYN_000603,60.300000000000004,MAX_Q,6.1997,3199.94,239.997,96.0,749.994,34999.7,3.9588,3.3091,5.278000000000001,5.075000000000001,5.872000000000001,2.615,27.297,22.097,481.20000000000005,0.028499999999999977,0.01909999999999999,0.009699999999999997
synthetic_telemetry,SYN_000604,60.400000000000006,MAX_Q,6.1996,3199.92,239.996,96.0,749.992,34999.6,3.9584,3.3088,5.304000000000002,5.100000000000001,5.896000000000001,2.6200000000000006,27.296,22.096,481.6,0.02799999999999997,0.018799999999999983,0.009599999999999994
synthetic_telemetry,SYN_000605,60.5,MAX_Q,6.1995000000000005,3199.9,239.995,96.0,749.99,34999.5,3.958,3.3085,5.33,5.125,5.92,2.625,27.295,22.095000000000002,482.0,0.0275,0.0185,0.0095
synthetic_telemetry,SYN_000606,60.6,MAX_Q,6.1994,3199.88,239.994,96.0,749.9879999999999,34999.4,3.9576,3.3082000000000003,5.356000000000001,5.15,5.944,2.6300000000000003,27.294,22.094,482.4,0.026999999999999993,0.018199999999999997,0.009399999999999999
synthetic_telemetry,SYN_000607,60.7,MAX_Q,6.1993,3199.86,239.993,96.0,749.986,34999.3,3.9572,3.3079,5.382000000000001,5.175000000000001,5.968000000000001,2.6350000000000002,27.293,22.093,482.8,0.026499999999999985,0.017899999999999992,0.009299999999999998
synthetic_telemetry,SYN_000608,60.800000000000004,MAX_Q,6.1992,3199.84,239.992,96.0,749.984,34999.2,3.9568,3.3076,5.408000000000001,5.200000000000001,5.992000000000001,2.64,27.292,22.092000000000002,483.20000000000005,0.025999999999999978,0.017599999999999987,0.009199999999999996
synthetic_telemetry,SYN_000609,60.900000000000006,MAX_Q,6.1991000000000005,3199.82,239.991,96.0,749.982,34999.1,3.9564,3.3073,5.434000000000002,5.225000000000001,6.016000000000001,2.6450000000000005,27.291,22.091,483.6,0.02549999999999997,0.017299999999999982,0.009099999999999995
synthetic_telemetry,SYN_000610,61.0,MAX_Q,6.199,3199.8,239.99,96.0,749.98,34999.0,3.956,3.307,5.46,5.25,6.04,2.65,27.29,22.09,484.0,0.024999999999999998,0.017,0.009000000000000001
synthetic_telemetry,SYN_000611,61.1,MAX_Q,6.1989,3199.78,239.989,96.0,749.978,34998.9,3.9556,3.3067,5.486000000000001,5.275,6.064,2.6550000000000002,27.289,22.089000000000002,484.4,0.02449999999999999,0.016699999999999996,0.008899999999999998
synthetic_telemetry,SYN_000612,61.2,MAX_Q,6.1988,3199.76,239.988,96.0,749.976,34998.8,3.9552,3.3064,5.5120000000000005,5.300000000000001,6.088,2.66,27.288,22.088,484.8,0.023999999999999987,0.01639999999999999,0.008799999999999997
synthetic_telemetry,SYN_000613,61.300000000000004,MAX_Q,6.1987000000000005,3199.74,239.987,96.0,749.974,34998.7,3.9548,3.3061,5.538000000000001,5.325000000000001,6.112000000000001,2.6650000000000005,27.287,22.087,485.20000000000005,0.02349999999999998,0.01609999999999999,0.008699999999999996
synthetic_telemetry,SYN_000614,61.400000000000006,MAX_Q,6.1986,3199.72,239.986,96.0,749.972,34998.6,3.9544,3.3058,5.564000000000002,5.350000000000001,6.136000000000001,2.6700000000000004,27.286,22.086000000000002,485.6,0.022999999999999972,0.015799999999999984,0.008599999999999995
synthetic_telemetry,SYN_000615,61.5,MAX_Q,6.1985,3199.7,239.985,96.0,749.97,34998.5,3.9539999999999997,3.3055,5.59,5.375,6.16,2.6750000000000003,27.285,22.085,486.0,0.0225,0.0155,0.0085
synthetic_telemetry,SYN_000616,61.6,MAX_Q,6.1984,3199.68,239.984,96.0,749.968,34998.4,3.9536,3.3052,5.6160000000000005,5.4,6.184,2.68,27.284,22.084,486.4,0.021999999999999992,0.015199999999999995,0.0084
synthetic_telemetry,SYN_000617,61.7,MAX_Q,6.198300000000001,3199.66,239.983,96.0,749.966,34998.3,3.9532,3.3049,5.642000000000001,5.425000000000001,6.208,2.685,27.283,22.083000000000002,486.8,0.021499999999999984,0.014899999999999991,0.008299999999999997
synthetic_telemetry,SYN_000618,61.800000000000004,MAX_Q,6.1982,3199.64,239.982,96.0,749.9639999999999,34998.2,3.9528,3.3046,5.668000000000001,5.450000000000001,6.232000000000001,2.6900000000000004,27.282,22.082,487.20000000000005,0.020999999999999977,0.014599999999999988,0.008199999999999995
synthetic_telemetry,SYN_000619,61.900000000000006,MAX_Q,6.1981,3199.62,239.981,96.0,749.962,34998.1,3.9524,3.3043,5.694000000000002,5.475000000000001,6.256000000000001,2.6950000000000003,27.281,22.081,487.6,0.02049999999999997,0.014299999999999983,0.008099999999999994
synthetic_telemetry,SYN_000620,62.0,MAX_Q,6.198,3199.6,239.98,96.0,749.96,34998.0,3.952,3.304,5.72,5.5,6.279999999999999,2.7,27.28,22.080000000000002,488.0,0.019999999999999997,0.014,0.008
synthetic_telemetry,SYN_000621,62.1,MAX_Q,6.197900000000001,3199.58,239.979,96.0,749.958,34997.9,3.9516,3.3037,5.746,5.525,6.304,2.705,27.279,22.079,488.4,0.01949999999999999,0.013699999999999997,0.007899999999999999
synthetic_telemetry,SYN_000622,62.2,MAX_Q,6.1978,3199.56,239.978,96.0,749.956,34997.8,3.9512,3.3034,5.772000000000001,5.550000000000001,6.328,2.7100000000000004,27.278,22.078,488.8,0.018999999999999982,0.013399999999999992,0.007799999999999998
synthetic_telemetry,SYN_000623,62.300000000000004,MAX_Q,6.1977,3199.54,239.977,96.0,749.954,34997.7,3.9508,3.3031,5.798000000000001,5.575000000000001,6.352,2.7150000000000003,27.277,22.077,489.20000000000005,0.018499999999999975,0.013099999999999987,0.007699999999999996
synthetic_telemetry,SYN_000624,62.400000000000006,MAX_Q,6.1976,3199.52,239.976,96.0,749.952,34997.6,3.9504,3.3028,5.824000000000002,5.600000000000001,6.376000000000001,2.72,27.276,22.076,489.6,0.01799999999999997,0.012799999999999983,0.007599999999999994
synthetic_telemetry,SYN_000625,62.5,MAX_Q,6.1975,3199.5,239.975,96.0,749.95,34997.5,3.95,3.3025,5.85,5.625,6.3999999999999995,2.725,27.275,22.075000000000003,490.0,0.017499999999999998,0.0125,0.0075
synthetic_telemetry,SYN_000626,62.6,MAX_Q,6.1974,3199.48,239.974,96.0,749.948,34997.4,3.9495999999999998,3.3022,5.876,5.65,6.424,2.73,27.274,22.074,490.4,0.01699999999999999,0.012199999999999996,0.007399999999999999
synthetic_telemetry,SYN_000627,62.7,MAX_Q,6.1973,3199.46,239.973,96.0,749.946,34997.3,3.9492,3.3019,5.902000000000001,5.675000000000001,6.448,2.7350000000000003,27.273,22.073,490.8,0.016499999999999987,0.011899999999999992,0.0072999999999999975
synthetic_telemetry,SYN_000628,62.800000000000004,MAX_Q,6.1972000000000005,3199.44,239.972,96.0,749.944,34997.2,3.9488,3.3016,5.928000000000001,5.700000000000001,6.472,2.74,27.272000000000002,22.072000000000003,491.20000000000005,0.01599999999999998,0.011599999999999987,0.007199999999999996
synthetic_telemetry,SYN_000629,62.900000000000006,MAX_Q,6.1971,3199.42,239.971,96.0,749.942,34997.1,3.9484,3.3013,5.9540000000000015,5.725000000000001,6.496000000000001,2.7450000000000006,27.271,22.071,491.6,0.01549999999999997,0.011299999999999984,0.007099999999999994
synthetic_telemetry,SYN_000630,63.0,MAX_Q,6.197,3199.4,239.97,96.0,749.9399999999999,34997.0,3.948,3.301,5.98,5.75,6.52,2.75,27.27,22.07,492.0,0.015,0.011,0.007
synthetic_telemetry,SYN_000631,63.1,MAX_Q,6.1969,3199.38,239.969,96.0,749.938,34996.9,3.9476,3.3007,6.006,5.775,6.544,2.7550000000000003,27.269000000000002,22.069000000000003,492.4,0.014499999999999992,0.010699999999999996,0.006899999999999998
synthetic_telemetry,SYN_000632,63.2,MAX_Q,6.1968000000000005,3199.36,239.968,96.0,749.936,34996.8,3.9472,3.3004,6.032000000000001,5.800000000000001,6.5680000000000005,2.7600000000000002,27.268,22.068,492.8,0.013999999999999985,0.01039999999999999,0.006799999999999997
synthetic_telemetry,SYN_000633,63.300000000000004,MAX_Q,6.1967,3199.34,239.967,96.0,749.934,34996.7,3.9468,3.3001,6.058000000000002,5.825000000000001,6.5920000000000005,2.765,27.267,22.067,493.20000000000005,0.013499999999999977,0.010099999999999987,0.006699999999999996
synthetic_telemetry,SYN_000634,63.400000000000006,MAX_Q,6.1966,3199.32,239.966,96.0,749.932,34996.6,3.9464,3.2998,6.084000000000001,5.850000000000001,6.616000000000001,2.7700000000000005,27.266000000000002,22.066000000000003,493.6,0.01299999999999997,0.009799999999999982,0.006599999999999995
synthetic_telemetry,SYN_000635,63.5,MAX_Q,6.1965,3199.3,239.965,96.0,749.93,34996.5,3.9459999999999997,3.2995,6.11,5.875,6.64,2.775,27.265,22.065,494.0,0.012499999999999997,0.0095,0.006500000000000001
synthetic_telemetry,SYN_000636,63.6,MAX_Q,6.196400000000001,3199.28,239.964,96.0,749.928,34996.4,3.9455999999999998,3.2992,6.136,5.9,6.664,2.7800000000000002,27.264,22.064,494.4,0.01199999999999999,0.009199999999999996,0.006399999999999999
synthetic_telemetry,SYN_000637,63.7,MAX_Q,6.1963,3199.26,239.963,96.0,749.9259999999999,34996.3,3.9452,3.2989,6.162000000000001,5.925000000000001,6.688000000000001,2.785,27.263,22.063000000000002,494.8,0.011499999999999986,0.008899999999999991,0.0062999999999999974
synthetic_telemetry,SYN_000638,63.800000000000004,MAX_Q,6.1962,3199.24,239.962,96.0,749.924,34996.2,3.9448,3.2986,6.188000000000001,5.950000000000001,6.712000000000001,2.7900000000000005,27.262,22.062,495.20000000000005,0.010999999999999979,0.008599999999999988,0.0061999999999999954
synthetic_telemetry,SYN_000639,63.900000000000006,MAX_Q,6.1961,3199.22,239.961,96.0,749.922,34996.1,3.9444,3.2983,6.214000000000001,5.975000000000001,6.736000000000001,2.7950000000000004,27.261,22.061,495.6,0.010499999999999971,0.008299999999999983,0.006099999999999994
synthetic_telemetry,SYN_000640,64.0,MAX_Q,6.196000000000001,3199.2,239.96,96.0,749.92,34996.0,3.944,3.298,6.24,6.0,6.76,2.8000000000000003,27.26,22.060000000000002,496.0,0.009999999999999998,0.008,0.006
synthetic_telemetry,SYN_000641,64.10000000000001,MAX_Q,6.1959,3199.18,239.959,96.0,749.918,34995.9,3.9436,3.2977,6.266000000000002,6.025000000000002,6.784000000000002,2.8050000000000006,27.259,22.059,496.40000000000003,0.009499999999999956,0.007699999999999974,0.005899999999999991
synthetic_telemetry,SYN_000642,64.2,MAX_Q,6.1958,3199.16,239.958,96.0,749.9159999999999,34995.8,3.9432,3.2974,6.292000000000001,6.050000000000001,6.808,2.81,27.258,22.058,496.8,0.008999999999999984,0.007399999999999992,0.005799999999999997
synthetic_telemetry,SYN_000643,64.3,MAX_Q,6.1957,3199.14,239.957,96.0,749.914,34995.7,3.9428,3.2971,6.318,6.074999999999999,6.831999999999999,2.815,27.257,22.057000000000002,497.2,0.008500000000000011,0.007100000000000009,0.005700000000000003
synthetic_telemetry,SYN_000644,64.4,MAX_Q,6.195600000000001,3199.12,239.956,96.0,749.912,34995.6,3.9424,3.2967999999999997,6.344000000000001,6.100000000000001,6.856000000000001,2.8200000000000003,27.256,22.056,497.6,0.007999999999999969,0.006799999999999983,0.005599999999999995
synthetic_telemetry,SYN_000645,64.5,MAX_Q,6.1955,3199.1,239.955,96.0,749.91,34995.5,3.942,3.2965,6.37,6.125,6.879999999999999,2.825,27.255,22.055,498.0,0.0075,0.006500000000000001,0.0055
synthetic_telemetry,SYN_000646,64.60000000000001,MAX_Q,6.1954,3199.08,239.954,96.0,749.908,34995.4,3.9415999999999998,3.2962,6.396000000000003,6.150000000000002,6.904000000000002,2.8300000000000005,27.254,22.054000000000002,498.40000000000003,0.006999999999999954,0.006199999999999975,0.005399999999999992
synthetic_telemetry,SYN_000647,64.7,MAX_Q,6.1953000000000005,3199.06,239.953,96.0,749.906,34995.3,3.9412,3.2959,6.422000000000001,6.175000000000001,6.928,2.8350000000000004,27.253,22.053,498.8,0.006499999999999985,0.005899999999999992,0.005299999999999997
synthetic_telemetry,SYN_000648,64.8,MAX_Q,6.195200000000001,3199.04,239.952,96.0,749.904,34995.2,3.9408,3.2956,6.4479999999999995,6.199999999999999,6.951999999999999,2.84,27.252,22.052,499.2,0.006000000000000012,0.0056000000000000095,0.005200000000000003
synthetic_telemetry,SYN_000649,64.9,MAX_Q,6.1951,3199.02,239.951,96.0,749.9019999999999,34995.1,3.9404,3.2953,6.474000000000002,6.225000000000001,6.976000000000001,2.845,27.251,22.051000000000002,499.6,0.00549999999999997,0.0052999999999999835,0.005099999999999994
synthetic_telemetry,SYN_000650,65.0,MAX_Q,6.195,3199.0,239.95,96.0,749.9,34995.0,3.94,3.295,6.5,6.25,7.0,2.85,27.25,22.05,500.0,0.0049999999999999975,0.005000000000000001,0.005
synthetic_telemetry,SYN_000651,65.10000000000001,MAX_Q,6.1949000000000005,3198.98,239.949,96.0,749.898,34994.9,3.9396,3.2946999999999997,6.5260000000000025,6.275000000000002,7.024000000000002,2.8550000000000004,27.249,22.049,500.40000000000003,0.004499999999999955,0.004699999999999975,0.004899999999999991
synthetic_telemetry,SYN_000652,65.2,MAX_Q,6.1948,3198.96,239.948,96.0,749.896,34994.8,3.9392,3.2944,6.5520000000000005,6.300000000000001,7.048,2.8600000000000003,27.248,22.048000000000002,500.8,0.003999999999999983,0.004399999999999991,0.004799999999999997
synthetic_telemetry,SYN_000653,65.3,MAX_Q,6.1947,3198.94,239.947,96.0,749.894,34994.7,3.9388,3.2941,6.577999999999999,6.324999999999999,7.071999999999999,2.8649999999999998,27.247,22.047,501.2,0.0035000000000000135,0.00410000000000001,0.004700000000000003
synthetic_telemetry,SYN_000654,65.4,MAX_Q,6.1946,3198.92,239.946,96.0,749.8919999999999,34994.6,3.9384,3.2938,6.604000000000001,6.350000000000001,7.096000000000001,2.8700000000000006,27.246,22.046,501.6,0.0029999999999999714,0.003799999999999984,0.004599999999999995
synthetic_telemetry,SYN_000655,65.5,MAX_Q,6.194500000000001,3198.9,239.945,96.0,749.89,34994.5,3.9379999999999997,3.2935,6.63,6.375,7.119999999999999,2.875,27.245,22.045,502.0,0.0024999999999999988,0.0034999999999999996,0.0045000000000000005
synthetic_telemetry,SYN_000656,65.60000000000001,MAX_Q,6.1944,3198.88,239.94400000000002,96.0,749.8879999999999,34994.4,3.9375999999999998,3.2931999999999997,6.656000000000002,6.400000000000002,7.144000000000002,2.8800000000000003,27.244,22.044,502.40000000000003,0.0019999999999999567,0.0031999999999999737,0.004399999999999992
synthetic_telemetry,SYN_000657,65.7,MAX_Q,6.1943,3198.86,239.943,96.0,749.886,34994.3,3.9372,3.2929,6.682,6.425000000000001,7.168,2.8850000000000002,27.243,22.043,502.8,0.001499999999999984,0.002899999999999993,0.004299999999999997
synthetic_telemetry,SYN_000658,65.8,MAX_Q,6.1942,3198.84,239.942,96.0,749.884,34994.2,3.9368,3.2925999999999997,6.707999999999999,6.449999999999999,7.191999999999998,2.89,27.242,22.042,503.2,0.0010000000000000113,0.0026000000000000086,0.004200000000000003
synthetic_telemetry,SYN_000659,65.9,MAX_Q,6.194100000000001,3198.82,239.941,96.0,749.882,34994.1,3.9364,3.2923,6.734000000000002,6.475000000000001,7.216000000000001,2.8950000000000005,27.241,22.041,503.6,0.0004999999999999692,0.0022999999999999826,0.004099999999999994
synthetic_telemetry,SYN_000660,66.0,MAX_Q,6.194,3198.8,239.94,96.0,749.88,34994.0,3.936,3.292,6.76,6.5,7.239999999999999,2.9000000000000004,27.24,22.04,504.0,0.0,0.0019999999999999983,0.004
synthetic_telemetry,SYN_000661,66.10000000000001,MAX_Q,6.1939,3198.78,239.939,96.0,749.8779999999999,34993.9,3.9356,3.2917,6.786000000000002,6.525000000000002,7.264000000000001,2.9050000000000007,27.239,22.039,504.40000000000003,-0.0005000000000000455,0.0016999999999999758,0.003899999999999991
synthetic_telemetry,SYN_000662,66.2,MAX_Q,6.1938,3198.76,239.93800000000002,96.0,749.876,34993.8,3.9352,3.2914,6.812000000000001,6.550000000000001,7.288,2.91,27.238,22.038,504.8,-0.0010000000000000148,0.0013999999999999915,0.003799999999999997
synthetic_telemetry,SYN_000663,66.3,MAX_Q,6.193700000000001,3198.74,239.937,96.0,749.874,34993.7,3.9348,3.2910999999999997,6.837999999999999,6.574999999999999,7.3119999999999985,2.915,27.237,22.037,505.2,-0.0014999999999999875,0.0011000000000000072,0.0037000000000000028
synthetic_telemetry,SYN_000664,66.4,MAX_Q,6.1936,3198.72,239.936,96.0,749.872,34993.6,3.9344,3.2908,6.864000000000002,6.600000000000001,7.336,2.9200000000000004,27.236,22.036,505.6,-0.0020000000000000295,0.0007999999999999813,0.0035999999999999947
synthetic_telemetry,SYN_000665,66.5,MAX_Q,6.1935,3198.7,239.935,96.0,749.87,34993.5,3.934,3.2904999999999998,6.89,6.625,7.359999999999999,2.9250000000000003,27.235,22.035,506.0,-0.0025000000000000022,0.0005000000000000004,0.0034999999999999996
synthetic_telemetry,SYN_000666,66.60000000000001,MAX_Q,6.1934000000000005,3198.68,239.934,96.0,749.8679999999999,34993.4,3.9335999999999998,3.2902,6.916000000000002,6.650000000000002,7.384000000000001,2.9300000000000006,27.233999999999998,22.034,506.40000000000003,-0.0030000000000000443,0.0001999999999999745,0.0033999999999999916
synthetic_telemetry,SYN_000667,66.7,MAX_Q,6.193300000000001,3198.66,239.933,96.0,749.866,34993.3,3.9332,3.2899,6.942,6.675000000000001,7.408,2.9350000000000005,27.233,22.033,506.8,-0.003500000000000017,-0.0001000000000000098,0.0032999999999999974
synthetic_telemetry,SYN_000668,66.8,MAX_Q,6.1932,3198.64,239.93200000000002,96.0,749.8639999999999,34993.2,3.9328,3.2896,6.967999999999999,6.699999999999999,7.431999999999999,2.94,27.232,22.032,507.2,-0.00399999999999999,-0.00039999999999999064,0.003200000000000003
synthetic_telemetry,SYN_000669,66.9,MAX_Q,6.1931,3198.62,239.931,96.0,749.862,34993.1,3.9324,3.2893,6.9940000000000015,6.725000000000001,7.456000000000001,2.9450000000000003,27.230999999999998,22.031,507.6,-0.004500000000000032,-0.0007000000000000166,0.0030999999999999943
synthetic_telemetry,SYN_000670,67.0,MAX_Q,6.1930000000000005,3198.6,239.93,96.0,749.86,34993.0,3.932,3.2889999999999997,7.02,6.75,7.4799999999999995,2.95,27.23,22.03,508.0,-0.0050000000000000044,-0.0010000000000000009,0.003
synthetic_telemetry,SYN_000671,67.10000000000001,MAX_Q,6.192900000000001,3198.58,239.929,96.0,749.858,34992.9,3.9316,3.2887,7.046000000000002,6.775000000000002,7.504000000000001,2.9550000000000005,27.229,22.029,508.40000000000003,-0.0055000000000000465,-0.0013000000000000268,0.002899999999999991
synthetic_telemetry,SYN_000672,67.2,MAX_Q,6.1928,3198.56,239.928,96.0,749.856,34992.8,3.9312,3.2883999999999998,7.072000000000001,6.800000000000001,7.5280000000000005,2.9600000000000004,27.227999999999998,22.028,508.8,-0.006000000000000019,-0.0016000000000000077,0.002799999999999997
synthetic_telemetry,SYN_000673,67.3,MAX_Q,6.1927,3198.54,239.927,96.0,749.8539999999999,34992.7,3.9308,3.2881,7.097999999999999,6.824999999999999,7.551999999999999,2.965,27.227,22.027,509.2,-0.006499999999999985,-0.001899999999999992,0.0027000000000000027
synthetic_telemetry,SYN_000674,67.4,MAX_Q,6.1926000000000005,3198.52,239.92600000000002,96.0,749.852,34992.6,3.9304,3.2878,7.124000000000001,6.850000000000001,7.5760000000000005,2.9700000000000006,27.226,22.026,509.6,-0.007000000000000027,-0.002200000000000018,0.0025999999999999947
synthetic_telemetry,SYN_000675,67.5,MAX_Q,6.1925,3198.5,239.925,96.0,749.8499999999999,34992.5,3.9299999999999997,3.2874999999999996,7.15,6.875,7.6,2.975,27.225,22.025,510.0,-0.0075,-0.0024999999999999988,0.0025000000000000005
synthetic_telemetry,SYN_000676,67.60000000000001,MAX_Q,6.1924,3198.48,239.924,96.0,749.848,34992.4,3.9295999999999998,3.2872,7.176000000000002,6.900000000000002,7.624000000000001,2.9800000000000004,27.224,22.024,510.40000000000003,-0.008000000000000042,-0.0028000000000000247,0.0023999999999999915
synthetic_telemetry,SYN_000677,67.7,MAX_Q,6.1923,3198.46,239.923,96.0,749.846,34992.3,3.9292,3.2868999999999997,7.202,6.925000000000001,7.648,2.9850000000000003,27.223,22.023,510.8,-0.008500000000000014,-0.003100000000000009,0.0022999999999999974
synthetic_telemetry,SYN_000678,67.8,MAX_Q,6.192200000000001,3198.44,239.922,96.0,749.8439999999999,34992.2,3.9288,3.2866,7.227999999999999,6.949999999999999,7.671999999999999,2.99,27.222,22.022000000000002,511.2,-0.008999999999999987,-0.00339999999999999,0.002200000000000003
synthetic_telemetry,SYN_000679,67.9,MAX_Q,6.1921,3198.42,239.921,96.0,749.842,34992.1,3.9284,3.2862999999999998,7.254000000000001,6.975000000000001,7.696000000000001,2.9950000000000006,27.221,22.021,511.6,-0.00950000000000003,-0.0037000000000000158,0.0020999999999999942
synthetic_telemetry,SYN_000680,68.0,MAX_Q,6.192,3198.4,239.92000000000002,96.0,749.8399999999999,34992.0,3.928,3.286,7.279999999999999,7.0,7.719999999999999,3.0,27.22,22.02,512.0,-0.010000000000000002,-0.004,0.002
synthetic_telemetry,SYN_000681,68.10000000000001,MAX_Q,6.1919,3198.38,239.919,96.0,749.838,34991.9,3.9276,3.2857,7.306000000000002,7.025000000000002,7.7440000000000015,3.005000000000001,27.219,22.019000000000002,512.4000000000001,-0.010500000000000044,-0.004300000000000026,0.001899999999999992
synthetic_telemetry,SYN_000682,68.2,MAX_Q,6.191800000000001,3198.36,239.918,96.0,749.836,34991.8,3.9272,3.2853999999999997,7.332000000000001,7.050000000000001,7.768,3.0100000000000002,27.218,22.018,512.8,-0.011000000000000017,-0.00460000000000001,0.0017999999999999978
synthetic_telemetry,SYN_000683,68.3,MAX_Q,6.1917,3198.34,239.917,96.0,749.834,34991.7,3.9268,3.2851,7.357999999999999,7.074999999999999,7.791999999999999,3.015,27.217,22.017,513.2,-0.01149999999999999,-0.004899999999999991,0.0017000000000000036
synthetic_telemetry,SYN_000684,68.4,MAX_Q,6.1916,3198.32,239.916,96.0,749.832,34991.6,3.9264,3.2847999999999997,7.384000000000001,7.100000000000001,7.816000000000001,3.0200000000000005,27.216,22.016000000000002,513.6,-0.012000000000000031,-0.005200000000000017,0.0015999999999999938
synthetic_telemetry,SYN_000685,68.5,MAX_Q,6.1915000000000004,3198.3,239.915,96.0,749.8299999999999,34991.5,3.926,3.2845,7.41,7.125,7.84,3.0250000000000004,27.215,22.015,514.0,-0.012500000000000004,-0.005500000000000001,0.0014999999999999996
synthetic_telemetry,SYN_000686,68.60000000000001,MAX_Q,6.191400000000001,3198.28,239.91400000000002,96.0,749.828,34991.4,3.9255999999999998,3.2842,7.436000000000002,7.150000000000002,7.864000000000001,3.0300000000000007,27.214,22.014,514.4000000000001,-0.013000000000000046,-0.005800000000000027,0.0013999999999999915
synthetic_telemetry,SYN_000687,68.7,MAX_Q,6.1913,3198.26,239.913,96.0,749.8259999999999,34991.3,3.9252,3.2839,7.462000000000001,7.175000000000001,7.888,3.035,27.213,22.013,514.8,-0.013500000000000019,-0.006100000000000008,0.0012999999999999973
synthetic_telemetry,SYN_000688,68.8,MAX_Q,6.1912,3198.24,239.912,96.0,749.824,34991.2,3.9248,3.2836,7.4879999999999995,7.199999999999999,7.911999999999999,3.04,27.212,22.012,515.2,-0.013999999999999985,-0.0063999999999999925,0.0012000000000000031
synthetic_telemetry,SYN_000689,68.9,MAX_Q,6.1911000000000005,3198.22,239.911,96.0,749.822,34991.1,3.9244,3.2832999999999997,7.514000000000001,7.225000000000001,7.936000000000001,3.0450000000000004,27.211,22.011,515.6,-0.014500000000000034,-0.0067000000000000184,0.001099999999999995
synthetic_telemetry,SYN_000690,69.0,MAX_Q,6.191000000000001,3198.2,239.91,96.0,749.8199999999999,34991.0,3.924,3.283,7.539999999999999,7.25,7.959999999999999,3.0500000000000003,27.21,22.01,516.0,-0.015,-0.006999999999999999,0.0009999999999999992
synthetic_telemetry,SYN_000691,69.10000000000001,MAX_Q,6.1909,3198.18,239.909,96.0,749.818,34990.9,3.9236,3.2826999999999997,7.5660000000000025,7.275000000000002,7.984000000000002,3.0550000000000006,27.209,22.009,516.4000000000001,-0.015500000000000042,-0.007300000000000025,0.0008999999999999911
synthetic_telemetry,SYN_000692,69.2,MAX_Q,6.1908,3198.16,239.90800000000002,96.0,749.8159999999999,34990.8,3.9232,3.2824,7.5920000000000005,7.300000000000001,8.008,3.0600000000000005,27.208,22.008,516.8,-0.016000000000000014,-0.0076000000000000095,0.0007999999999999969
synthetic_telemetry,SYN_000693,69.3,MAX_Q,6.1907000000000005,3198.14,239.907,96.0,749.814,34990.7,3.9228,3.2821,7.6179999999999986,7.324999999999999,8.031999999999998,3.065,27.207,22.007,517.2,-0.016499999999999987,-0.00789999999999999,0.0007000000000000027
synthetic_telemetry,SYN_000694,69.4,MAX_Q,6.190600000000001,3198.12,239.906,96.0,749.812,34990.6,3.9224,3.2817999999999996,7.644000000000001,7.350000000000001,8.056000000000001,3.0700000000000003,27.206,22.006,517.6,-0.01700000000000003,-0.008200000000000016,0.0005999999999999946
synthetic_telemetry,SYN_000695,69.5,MAX_Q,6.1905,3198.1,239.905,96.0,749.81,34990.5,3.9219999999999997,3.2815,7.67,7.375,8.079999999999998,3.075,27.205,22.005,518.0,-0.0175,-0.0085,0.0005000000000000004
synthetic_telemetry,SYN_000696,69.60000000000001,MAX_Q,6.1904,3198.08,239.904,96.0,749.808,34990.4,3.9215999999999998,3.2811999999999997,7.6960000000000015,7.400000000000002,8.104000000000001,3.0800000000000005,27.204,22.004,518.4000000000001,-0.018000000000000044,-0.008800000000000027,0.00039999999999999064
synthetic_telemetry,SYN_000697,69.7,MAX_Q,6.190300000000001,3198.06,239.903,96.0,749.8059999999999,34990.3,3.9212,3.2809,7.722,7.425000000000001,8.128,3.0850000000000004,27.203,22.003,518.8,-0.018500000000000016,-0.009100000000000007,0.00029999999999999645
synthetic_telemetry,SYN_000698,69.8,MAX_Q,6.190200000000001,3198.04,239.90200000000002,96.0,749.804,34990.2,3.9208,3.2805999999999997,7.747999999999999,7.449999999999999,8.151999999999997,3.09,27.201999999999998,22.002,519.2,-0.01899999999999999,-0.009399999999999992,0.00020000000000000226
synthetic_telemetry,SYN_000699,69.9,MAX_Q,6.1901,3198.02,239.901,96.0,749.8019999999999,34990.1,3.9204,3.2803,7.774000000000001,7.475000000000001,8.176,3.0950000000000006,27.201,22.001,519.6,-0.01950000000000003,-0.009700000000000018,9.999999999999419e-05
synthetic_telemetry,SYN_000700,70.0,MAX_Q,6.19,3198.0,239.9,96.0,749.8,34990.0,3.92,3.28,7.8,7.5,8.2,3.1,27.2,22.0,520.0,-0.02,-0.01,0.0
synthetic_telemetry,SYN_000701,70.10000000000001,MAX_Q,6.190200000000001,3198.04,239.90200000000002,96.001,749.804,34990.2,3.9196,3.2796999999999996,7.803,7.5040000000000004,8.203,3.1050000000000004,27.198999999999998,22.002,520.3000000000001,-0.019699999999999974,-0.009799999999999982,0.00020000000000001706
synthetic_telemetry,SYN_000702,70.2,MAX_Q,6.1904,3198.08,239.904,96.002,749.808,34990.4,3.9192,3.2794,7.806,7.508,8.206,3.1100000000000003,27.198,22.004,520.6,-0.019399999999999994,-0.009599999999999994,0.0004000000000000057
synthetic_telemetry,SYN_000703,70.3,MAX_Q,6.190600000000001,3198.12,239.906,96.003,749.812,34990.6,3.9188,3.2790999999999997,7.809,7.512,8.209,3.1149999999999998,27.197,22.006,520.9,-0.01910000000000001,-0.009400000000000006,0.0005999999999999943
synthetic_telemetry,SYN_000704,70.4,MAX_Q,6.1908,3198.16,239.90800000000002,96.004,749.8159999999999,34990.8,3.9184,3.2788,7.812,7.516,8.212,3.1200000000000006,27.195999999999998,22.008,521.2,-0.018799999999999983,-0.00919999999999999,0.0008000000000000114
synthetic_telemetry,SYN_000705,70.5,MAX_Q,6.191000000000001,3198.2,239.91,96.005,749.8199999999999,34991.0,3.918,3.2784999999999997,7.8149999999999995,7.52,8.215,3.125,27.195,22.01,521.5,-0.0185,-0.009000000000000001,0.001
synthetic_telemetry,SYN_000706,70.60000000000001,MAX_Q,6.1912,3198.24,239.912,96.006,749.824,34991.2,3.9175999999999997,3.2782,7.8180000000000005,7.524,8.218,3.1300000000000003,27.194,22.012,521.8000000000001,-0.018199999999999973,-0.008799999999999983,0.001200000000000017
synthetic_telemetry,SYN_000707,70.7,MAX_Q,6.191400000000001,3198.28,239.91400000000002,96.007,749.828,34991.4,3.9172,3.2779,7.821,7.5280000000000005,8.221,3.1350000000000002,27.192999999999998,22.014,522.1,-0.017899999999999992,-0.008599999999999995,0.0014000000000000056
synthetic_telemetry,SYN_000708,70.8,MAX_Q,6.1916,3198.32,239.916,96.008,749.832,34991.6,3.9168,3.2775999999999996,7.824,7.532,8.223999999999998,3.14,27.192,22.016,522.4,-0.017600000000000008,-0.008400000000000006,0.0015999999999999944
synthetic_telemetry,SYN_000709,70.9,MAX_Q,6.191800000000001,3198.36,239.918,96.009,749.836,34991.8,3.9164,3.2773,7.827,7.5360000000000005,8.227,3.1450000000000005,27.191,22.018,522.7,-0.017299999999999982,-0.008199999999999989,0.0018000000000000114
synthetic_telemetry,SYN_000710,71.0,MAX_Q,6.192,3198.4,239.92000000000002,96.01,749.8399999999999,34992.0,3.916,3.2769999999999997,7.83,7.54,8.229999999999999,3.15,27.189999999999998,22.02,523.0,-0.017,-0.008,0.002
synthetic_telemetry,SYN_000711,71.10000000000001,MAX_Q,6.192200000000001,3198.44,239.922,96.011,749.8439999999999,34992.2,3.9156,3.2767,7.833,7.5440000000000005,8.232999999999999,3.1550000000000007,27.189,22.022,523.3000000000001,-0.016699999999999975,-0.007799999999999983,0.002200000000000017
synthetic_telemetry,SYN_000712,71.2,MAX_Q,6.1924,3198.48,239.924,96.012,749.848,34992.4,3.9152,3.2763999999999998,7.836,7.548,8.235999999999999,3.16,27.188,22.024,523.6,-0.01639999999999999,-0.007599999999999994,0.002400000000000006
synthetic_telemetry,SYN_000713,71.3,MAX_Q,6.1926000000000005,3198.52,239.92600000000002,96.013,749.852,34992.6,3.9148,3.2761,7.8389999999999995,7.552,8.238999999999999,3.165,27.187,22.026,523.9,-0.01610000000000001,-0.0074000000000000055,0.0025999999999999942
synthetic_telemetry,SYN_000714,71.4,MAX_Q,6.1928,3198.56,239.928,96.014,749.856,34992.8,3.9144,3.2758,7.842,7.556,8.241999999999999,3.1700000000000004,27.186,22.028,524.2,-0.015799999999999984,-0.007199999999999989,0.0028000000000000112
synthetic_telemetry,SYN_000715,71.5,MAX_Q,6.1930000000000005,3198.6,239.93,96.015,749.86,34993.0,3.9139999999999997,3.2754999999999996,7.845,7.5600000000000005,8.245,3.1750000000000003,27.185,22.03,524.5,-0.0155,-0.007,0.003
synthetic_telemetry,SYN_000716,71.60000000000001,MAX_Q,6.1932,3198.64,239.93200000000002,96.016,749.8639999999999,34993.2,3.9135999999999997,3.2752,7.848,7.564,8.248,3.1800000000000006,27.184,22.032,524.8000000000001,-0.015199999999999974,-0.006799999999999983,0.003200000000000017
synthetic_telemetry,SYN_000717,71.7,MAX_Q,6.1934000000000005,3198.68,239.934,96.017,749.8679999999999,34993.4,3.9132,3.2748999999999997,7.851,7.5680000000000005,8.251,3.185,27.183,22.034,525.1,-0.014899999999999991,-0.006599999999999995,0.003400000000000006
synthetic_telemetry,SYN_000718,71.8,MAX_Q,6.1936,3198.72,239.936,96.018,749.872,34993.6,3.9128,3.2746,7.854,7.572,8.254,3.19,27.182,22.036,525.4,-0.014600000000000009,-0.006400000000000006,0.0035999999999999943
synthetic_telemetry,SYN_000719,71.9,MAX_Q,6.1938,3198.76,239.93800000000002,96.019,749.876,34993.8,3.9124,3.2742999999999998,7.857,7.5760000000000005,8.257,3.1950000000000003,27.181,22.038,525.7,-0.014299999999999983,-0.0061999999999999885,0.0038000000000000113
synthetic_telemetry,SYN_000720,72.0,MAX_Q,6.194,3198.8,239.94,96.02,749.88,34994.0,3.912,3.274,7.859999999999999,7.58,8.26,3.2,27.18,22.04,526.0,-0.014,-0.006,0.004
synthetic_telemetry,SYN_000721,72.10000000000001,MAX_Q,6.1942,3198.84,239.942,96.021,749.884,34994.2,3.9116,3.2737,7.863,7.5840000000000005,8.263,3.2050000000000005,27.179,22.042,526.3000000000001,-0.013699999999999974,-0.005799999999999983,0.004200000000000017
synthetic_telemetry,SYN_000722,72.2,MAX_Q,6.1944,3198.88,239.94400000000002,96.022,749.8879999999999,34994.4,3.9112,3.2733999999999996,7.866,7.588,8.266,3.2100000000000004,27.178,22.044,526.6,-0.013399999999999992,-0.005599999999999995,0.0044000000000000055
synthetic_telemetry,SYN_000723,72.3,MAX_Q,6.1946,3198.92,239.946,96.023,749.8919999999999,34994.6,3.9108,3.2731,7.869,7.592,8.269,3.215,27.177,22.046,526.9,-0.01310000000000001,-0.0054000000000000055,0.004599999999999995
synthetic_telemetry,SYN_000724,72.4,MAX_Q,6.1948,3198.96,239.948,96.024,749.896,34994.8,3.9104,3.2727999999999997,7.872,7.596,8.272,3.22,27.176,22.048,527.2,-0.012799999999999983,-0.0051999999999999885,0.004800000000000012
synthetic_telemetry,SYN_000725,72.5,MAX_Q,6.195,3199.0,239.95,96.025,749.9,34995.0,3.91,3.2725,7.875,7.6,8.274999999999999,3.225,27.175,22.05,527.5,-0.0125,-0.005,0.005
synthetic_telemetry,SYN_000726,72.60000000000001,MAX_Q,6.195200000000001,3199.04,239.952,96.026,749.904,34995.2,3.9095999999999997,3.2721999999999998,7.878,7.604,8.278,3.2300000000000004,27.174,22.052,527.8000000000001,-0.012199999999999975,-0.004799999999999983,0.005200000000000017
synthetic_telemetry,SYN_000727,72.7,MAX_Q,6.1954,3199.08,239.954,96.027,749.908,34995.4,3.9092,3.2719,7.881,7.6080000000000005,8.280999999999999,3.2350000000000003,27.173,22.054,528.1,-0.011899999999999992,-0.004599999999999995,0.0054000000000000055
synthetic_telemetry,SYN_000728,72.8,MAX_Q,6.195600000000001,3199.12,239.956,96.02799999999999,749.912,34995.6,3.9088,3.2716,7.8839999999999995,7.612,8.283999999999999,3.2399999999999998,27.172,22.056,528.4,-0.01160000000000001,-0.0044000000000000055,0.005599999999999995
synthetic_telemetry,SYN_000729,72.9,MAX_Q,6.1958,3199.16,239.958,96.029,749.9159999999999,34995.8,3.9084,3.2712999999999997,7.887,7.6160000000000005,8.286999999999999,3.2450000000000006,27.171,22.058,528.7,-0.011299999999999984,-0.0041999999999999885,0.005800000000000012
synthetic_telemetry,SYN_000730,73.0,MAX_Q,6.196000000000001,3199.2,239.96,96.03,749.92,34996.0,3.908,3.271,7.89,7.62,8.29,3.25,27.17,22.06,529.0,-0.011,-0.004,0.006
synthetic_telemetry,SYN_000731,73.10000000000001,MAX_Q,6.1962,3199.24,239.962,96.03099999999999,749.924,34996.2,3.9076,3.2706999999999997,7.893,7.6240000000000006,8.293,3.2550000000000003,27.169,22.062,529.3000000000001,-0.010699999999999975,-0.003799999999999983,0.006200000000000017
synthetic_telemetry,SYN_000732,73.2,MAX_Q,6.196400000000001,3199.28,239.964,96.032,749.928,34996.4,3.9072,3.2704,7.896,7.628,8.296,3.2600000000000002,27.168,22.064,529.6,-0.01039999999999999,-0.0035999999999999947,0.0064000000000000055
synthetic_telemetry,SYN_000733,73.3,MAX_Q,6.1966,3199.32,239.966,96.033,749.932,34996.6,3.9068,3.2701,7.899,7.632,8.299,3.265,27.167,22.066,529.9,-0.010100000000000008,-0.0034000000000000054,0.006599999999999995
synthetic_telemetry,SYN_000734,73.4,MAX_Q,6.1968000000000005,3199.36,239.968,96.03399999999999,749.936,34996.8,3.9064,3.2698,7.902,7.636,8.302,3.2700000000000005,27.166,22.068,530.2,-0.009799999999999982,-0.0031999999999999884,0.006800000000000012
synthetic_telemetry,SYN_000735,73.5,MAX_Q,6.197,3199.4,239.97,96.035,749.9399999999999,34997.0,3.9059999999999997,3.2695,7.904999999999999,7.640000000000001,8.305,3.275,27.165,22.07,530.5,-0.0095,-0.003,0.007
synthetic_telemetry,SYN_000736,73.60000000000001,MAX_Q,6.1972000000000005,3199.44,239.972,96.036,749.944,34997.2,3.9055999999999997,3.2691999999999997,7.908,7.644,8.308,3.2800000000000007,27.164,22.072,530.8000000000001,-0.009199999999999974,-0.002799999999999983,0.007200000000000017
synthetic_telemetry,SYN_000737,73.7,MAX_Q,6.1974,3199.48,239.974,96.03699999999999,749.948,34997.4,3.9052,3.2689,7.911,7.648000000000001,8.311,3.285,27.163,22.073999999999998,531.1,-0.008899999999999991,-0.0025999999999999947,0.0074000000000000055
synthetic_telemetry,SYN_000738,73.8,MAX_Q,6.1976,3199.52,239.976,96.038,749.952,34997.6,3.9048,3.2685999999999997,7.914,7.652,8.314,3.29,27.162,22.076,531.4,-0.008600000000000009,-0.0024000000000000054,0.007599999999999995
synthetic_telemetry,SYN_000739,73.9,MAX_Q,6.1978,3199.56,239.978,96.039,749.956,34997.8,3.9044,3.2683,7.917,7.656000000000001,8.317,3.2950000000000004,27.161,22.078,531.7,-0.008299999999999983,-0.0021999999999999884,0.007800000000000012
synthetic_telemetry,SYN_000740,74.0,MAX_Q,6.198,3199.6,239.98,96.03999999999999,749.96,34998.0,3.904,3.268,7.92,7.66,8.32,3.3000000000000003,27.16,22.08,532.0,-0.008,-0.002,0.008
synthetic_telemetry,SYN_000741,74.10000000000001,MAX_Q,6.1982,3199.64,239.982,96.041,749.9639999999999,34998.2,3.9036,3.2677,7.923,7.664000000000001,8.323,3.3050000000000006,27.159,22.082,532.3000000000001,-0.007699999999999974,-0.0017999999999999822,0.008200000000000018
synthetic_telemetry,SYN_000742,74.2,MAX_Q,6.1984,3199.68,239.984,96.042,749.968,34998.4,3.9032,3.2674,7.926,7.668,8.326,3.31,27.158,22.084,532.6,-0.007399999999999992,-0.0015999999999999938,0.008400000000000006
synthetic_telemetry,SYN_000743,74.3,MAX_Q,6.1986,3199.72,239.986,96.04299999999999,749.972,34998.6,3.9028,3.2671,7.928999999999999,7.672,8.328999999999999,3.315,27.157,22.086,532.9,-0.007100000000000009,-0.0014000000000000054,0.008599999999999995
synthetic_telemetry,SYN_000744,74.4,MAX_Q,6.1988,3199.76,239.988,96.044,749.976,34998.8,3.9024,3.2668,7.9319999999999995,7.676,8.331999999999999,3.3200000000000003,27.156,22.088,533.2,-0.006799999999999983,-0.0011999999999999893,0.008800000000000011
synthetic_telemetry,SYN_000745,74.5,MAX_Q,6.199,3199.8,239.99,96.045,749.98,34999.0,3.902,3.2664999999999997,7.935,7.68,8.334999999999999,3.325,27.155,22.09,533.5,-0.006500000000000001,-0.0009999999999999992,0.009000000000000001
synthetic_telemetry,SYN_000746,74.60000000000001,MAX_Q,6.1992,3199.84,239.992,96.04599999999999,749.984,34999.2,3.9015999999999997,3.2662,7.938,7.684,8.338,3.3300000000000005,27.154,22.092,533.8000000000001,-0.006199999999999975,-0.000799999999999983,0.009200000000000017
synthetic_telemetry,SYN_000747,74.7,MAX_Q,6.1994,3199.88,239.994,96.047,749.9879999999999,34999.4,3.9012,3.2659,7.941,7.688000000000001,8.341,3.3350000000000004,27.153,22.094,534.1,-0.005899999999999992,-0.0005999999999999946,0.009400000000000006
synthetic_telemetry,SYN_000748,74.8,MAX_Q,6.1996,3199.92,239.996,96.048,749.992,34999.6,3.9008,3.2656,7.944,7.692,8.344,3.34,27.152,22.096,534.4,-0.0056000000000000095,-0.00040000000000000625,0.009599999999999994
synthetic_telemetry,SYN_000749,74.9,MAX_Q,6.1998,3199.96,239.998,96.04899999999999,749.996,34999.8,3.9004,3.2653,7.947,7.696000000000001,8.347,3.345,27.151,22.098,534.7,-0.0052999999999999835,-0.00019999999999998838,0.009800000000000012
synthetic_telemetry,SYN_000750,75.0,MAX_Q,6.2,3200.0,240.0,96.05,750.0,35000.0,3.9,3.2649999999999997,7.949999999999999,7.7,8.35,3.35,27.15,22.1,535.0,-0.005000000000000001,0.0,0.01
synthetic_telemetry,SYN_000751,75.10000000000001,MAX_Q,6.200200000000001,3200.04,240.002,96.051,750.004,35000.2,3.8996,3.2647,7.953,7.704000000000001,8.353,3.3550000000000004,27.149,22.102,535.3000000000001,-0.004699999999999975,0.00020000000000001787,0.010200000000000018
synthetic_telemetry,SYN_000752,75.2,MAX_Q,6.2004,3200.08,240.004,96.05199999999999,750.008,35000.4,3.8992,3.2643999999999997,7.9559999999999995,7.708,8.356,3.3600000000000003,27.148,22.104,535.6,-0.004399999999999991,0.00040000000000000625,0.010400000000000006
synthetic_telemetry,SYN_000753,75.3,MAX_Q,6.2006000000000006,3200.12,240.006,96.053,750.0120000000001,35000.6,3.8988,3.2641,7.959,7.712,8.359,3.3649999999999998,27.147000000000002,22.105999999999998,535.9,-0.00410000000000001,0.0005999999999999946,0.010599999999999995
synthetic_telemetry,SYN_000754,75.4,MAX_Q,6.2008,3200.16,240.008,96.054,750.016,35000.8,3.8984,3.2638,7.962,7.716,8.362,3.3700000000000006,27.146,22.108,536.2,-0.003799999999999984,0.0008000000000000108,0.010800000000000011
synthetic_telemetry,SYN_000755,75.5,MAX_Q,6.2010000000000005,3200.2,240.01,96.05499999999999,750.02,35001.0,3.8979999999999997,3.2635,7.965,7.720000000000001,8.365,3.375,27.145,22.11,536.5,-0.0034999999999999996,0.0009999999999999992,0.011
synthetic_telemetry,SYN_000756,75.60000000000001,MAX_Q,6.2012,3200.24,240.012,96.056,750.024,35001.2,3.8975999999999997,3.2632,7.968,7.724,8.368,3.3800000000000003,27.144000000000002,22.112,536.8000000000001,-0.0031999999999999737,0.001200000000000017,0.011200000000000017
synthetic_telemetry,SYN_000757,75.7,MAX_Q,6.2014000000000005,3200.28,240.014,96.057,750.028,35001.4,3.8971999999999998,3.2628999999999997,7.971,7.728000000000001,8.371,3.3850000000000002,27.143,22.114,537.1,-0.002899999999999993,0.0014000000000000054,0.011400000000000006
synthetic_telemetry,SYN_000758,75.8,MAX_Q,6.2016,3200.32,240.016,96.05799999999999,750.032,35001.6,3.8968,3.2626,7.973999999999999,7.732,8.373999999999999,3.39,27.142,22.116,537.4,-0.0026000000000000086,0.0015999999999999938,0.011599999999999994
synthetic_telemetry,SYN_000759,75.9,MAX_Q,6.2018,3200.36,240.018,96.059,750.0360000000001,35001.8,3.8964,3.2622999999999998,7.977,7.736000000000001,8.377,3.3950000000000005,27.141000000000002,22.118,537.7,-0.0022999999999999826,0.0018000000000000117,0.011800000000000012
synthetic_telemetry,SYN_000760,76.0,MAX_Q,6.202,3200.4,240.02,96.06,750.04,35002.0,3.896,3.262,7.9799999999999995,7.74,8.379999999999999,3.4000000000000004,27.14,22.12,538.0,-0.0019999999999999983,0.002,0.012
synthetic_telemetry,SYN_000761,76.10000000000001,MAX_Q,6.2022,3200.44,240.022,96.06099999999999,750.044,35002.2,3.8956,3.2617,7.983,7.744000000000001,8.383,3.4050000000000007,27.139,22.122,538.3000000000001,-0.0016999999999999758,0.002200000000000018,0.012200000000000018
synthetic_telemetry,SYN_000762,76.2,MAX_Q,6.2024,3200.48,240.024,96.062,750.048,35002.4,3.8952,3.2614,7.986,7.748,8.386,3.41,27.138,22.124,538.6,-0.0013999999999999915,0.0024000000000000063,0.012400000000000007
synthetic_telemetry,SYN_000763,76.3,MAX_Q,6.2026,3200.52,240.026,96.063,750.052,35002.6,3.8948,3.2611,7.989,7.752,8.389,3.415,27.137,22.126,538.9,-0.0011000000000000072,0.0025999999999999947,0.012599999999999995
synthetic_telemetry,SYN_000764,76.4,MAX_Q,6.2028,3200.56,240.028,96.064,750.056,35002.8,3.8944,3.2607999999999997,7.992,7.756,8.392,3.4200000000000004,27.136,22.128,539.2,-0.0007999999999999813,0.002800000000000011,0.012800000000000011
synthetic_telemetry,SYN_000765,76.5,MAX_Q,6.203,3200.6,240.03,96.065,750.0600000000001,35003.0,3.894,3.2605,7.995,7.76,8.395,3.4250000000000003,27.135,22.13,539.5,-0.0005000000000000004,0.003000000000000001,0.013000000000000001
synthetic_telemetry,SYN_000766,76.60000000000001,MAX_Q,6.2032,3200.64,240.032,96.066,750.064,35003.2,3.8935999999999997,3.2601999999999998,7.998,7.764,8.398,3.4300000000000006,27.134,22.132,539.8000000000001,-0.0001999999999999745,0.003200000000000017,0.013200000000000017
synthetic_telemetry,SYN_000767,76.7,MAX_Q,6.2034,3200.68,240.034,96.067,750.068,35003.4,3.8931999999999998,3.2599,8.001,7.768000000000001,8.401,3.4350000000000005,27.133,22.134,540.1,0.0001000000000000098,0.0034000000000000054,0.013400000000000006
synthetic_telemetry,SYN_000768,76.80000000000001,MAX_Q,6.2036,3200.72,240.036,96.068,750.072,35003.6,3.8928,3.2596,8.004,7.772,8.404,3.440000000000001,27.132,22.136,540.4000000000001,0.00040000000000003574,0.0036000000000000233,0.013600000000000024
synthetic_telemetry,SYN_000769,76.9,MAX_Q,6.2038,3200.76,240.038,96.069,750.076,35003.8,3.8924,3.2593,8.007,7.776000000000001,8.407,3.4450000000000003,27.131,22.137999999999998,540.7,0.0007000000000000166,0.0038000000000000117,0.013800000000000012
synthetic_telemetry,SYN_000770,77.0,MAX_Q,6.204,3200.8,240.04,96.07,750.08,35004.0,3.892,3.259,8.01,7.78,8.41,3.45,27.130000000000003,22.14,541.0,0.0010000000000000009,0.004,0.014
synthetic_telemetry,SYN_000771,77.10000000000001,MAX_Q,6.2042,3200.84,240.042,96.071,750.0840000000001,35004.2,3.8916,3.2586999999999997,8.013,7.784000000000001,8.413,3.4550000000000005,27.129,22.142,541.3000000000001,0.0013000000000000268,0.004200000000000018,0.014200000000000018
synthetic_telemetry,SYN_000772,77.2,MAX_Q,6.2044,3200.88,240.044,96.072,750.088,35004.4,3.8912,3.2584,8.016,7.788,8.416,3.4600000000000004,27.128,22.144,541.6,0.0016000000000000077,0.004400000000000006,0.014400000000000007
synthetic_telemetry,SYN_000773,77.30000000000001,MAX_Q,6.2046,3200.92,240.046,96.073,750.092,35004.6,3.8908,3.2580999999999998,8.019,7.792000000000001,8.419,3.4650000000000007,27.127000000000002,22.146,541.9000000000001,0.0019000000000000336,0.0046000000000000225,0.014600000000000023
synthetic_telemetry,SYN_000774,77.4,MAX_Q,6.2048,3200.96,240.048,96.074,750.096,35004.8,3.8904,3.2578,8.022,7.796,8.422,3.4700000000000006,27.126,22.148,542.2,0.002200000000000018,0.004800000000000011,0.014800000000000011
synthetic_telemetry,SYN_000775,77.5,MAX_Q,6.205,3201.0,240.05,96.07499999999999,750.1,35005.0,3.8899999999999997,3.2575,8.025,7.800000000000001,8.425,3.475,27.125,22.15,542.5,0.0024999999999999988,0.004999999999999999,0.015
synthetic_telemetry,SYN_000776,77.60000000000001,MAX_Q,6.2052000000000005,3201.04,240.052,96.076,750.104,35005.2,3.8895999999999997,3.2572,8.028,7.804,8.428,3.4800000000000004,27.124000000000002,22.152,542.8000000000001,0.0028000000000000247,0.005200000000000017,0.015200000000000017
synthetic_telemetry,SYN_000777,77.7,MAX_Q,6.2054,3201.08,240.054,96.077,750.1080000000001,35005.4,3.8891999999999998,3.2569,8.031,7.808000000000001,8.431,3.4850000000000003,27.123,22.154,543.1,0.003100000000000009,0.0054000000000000055,0.015400000000000006
synthetic_telemetry,SYN_000778,77.80000000000001,MAX_Q,6.2056000000000004,3201.12,240.05599999999998,96.07799999999999,750.1120000000001,35005.6,3.8888,3.2565999999999997,8.034,7.812000000000001,8.434000000000001,3.4900000000000007,27.122,22.156,543.4000000000001,0.003400000000000035,0.005600000000000023,0.015600000000000024
synthetic_telemetry,SYN_000779,77.9,MAX_Q,6.2058,3201.16,240.058,96.079,750.116,35005.8,3.8884,3.2563,8.036999999999999,7.816000000000001,8.437,3.4950000000000006,27.121000000000002,22.158,543.7,0.0037000000000000158,0.005800000000000012,0.015800000000000012
synthetic_telemetry,SYN_000780,78.0,MAX_Q,6.206,3201.2,240.06,96.08,750.12,35006.0,3.888,3.256,8.04,7.82,8.44,3.5,27.12,22.16,544.0,0.004,0.006,0.016
synthetic_telemetry,SYN_000781,78.10000000000001,MAX_Q,6.2062,3201.24,240.06199999999998,96.08099999999999,750.124,35006.2,3.8876,3.2557,8.043,7.824000000000001,8.443,3.505000000000001,27.119,22.162,544.3000000000001,0.004300000000000026,0.006200000000000016,0.016200000000000016
synthetic_telemetry,SYN_000782,78.2,MAX_Q,6.2064,3201.28,240.064,96.082,750.128,35006.4,3.8872,3.2554,8.046,7.828,8.446,3.5100000000000002,27.118000000000002,22.163999999999998,544.6,0.00460000000000001,0.006400000000000005,0.016400000000000005
synthetic_telemetry,SYN_000783,78.30000000000001,MAX_Q,6.2066,3201.32,240.066,96.083,750.1320000000001,35006.6,3.8868,3.2551,8.049,7.832000000000001,8.449,3.5150000000000006,27.117,22.166,544.9000000000001,0.004900000000000033,0.006600000000000024,0.016600000000000024
synthetic_telemetry,SYN_000784,78.4,MAX_Q,6.2068,3201.36,240.06799999999998,96.08399999999999,750.1360000000001,35006.8,3.8864,3.2548,8.052,7.836,8.452,3.5200000000000005,27.116,22.168,545.2,0.005200000000000017,0.006800000000000013,0.016800000000000013
synthetic_telemetry,SYN_000785,78.5,MAX_Q,6.207,3201.4,240.07,96.085,750.14,35007.0,3.886,3.2545,8.055,7.84,8.455,3.5250000000000004,27.115000000000002,22.169999999999998,545.5,0.005500000000000001,0.007000000000000001,0.017
synthetic_telemetry,SYN_000786,78.60000000000001,MAX_Q,6.2072,3201.44,240.072,96.086,750.144,35007.2,3.8855999999999997,3.2542,8.058,7.844,8.458,3.5300000000000007,27.114,22.172,545.8000000000001,0.005800000000000027,0.007200000000000017,0.017200000000000017
synthetic_telemetry,SYN_000787,78.7,MAX_Q,6.2074,3201.48,240.07399999999998,96.08699999999999,750.148,35007.4,3.8851999999999998,3.2539,8.061,7.848000000000001,8.461,3.535,27.113,22.174,546.1,0.006100000000000008,0.0074000000000000055,0.017400000000000006
synthetic_telemetry,SYN_000788,78.80000000000001,MAX_Q,6.2076,3201.52,240.076,96.088,750.152,35007.6,3.8848,3.2536,8.064,7.852,8.464,3.540000000000001,27.112000000000002,22.176,546.4000000000001,0.006400000000000034,0.007600000000000022,0.017600000000000022
synthetic_telemetry,SYN_000789,78.9,MAX_Q,6.2078,3201.56,240.078,96.089,750.1560000000001,35007.8,3.8844,3.2533,8.067,7.856000000000001,8.467,3.5450000000000004,27.111,22.178,546.7,0.0067000000000000184,0.00780000000000001,0.01780000000000001
synthetic_telemetry,SYN_000790,79.0,MAX_Q,6.208,3201.6,240.07999999999998,96.08999999999999,750.1600000000001,35008.0,3.884,3.253,8.07,7.86,8.47,3.5500000000000003,27.11,22.18,547.0,0.006999999999999999,0.008000000000000002,0.018000000000000002
synthetic_telemetry,SYN_000791,79.10000000000001,MAX_Q,6.2082,3201.64,240.082,96.091,750.164,35008.2,3.8836,3.2527,8.073,7.864000000000001,8.473,3.5550000000000006,27.109,22.182,547.3000000000001,0.007300000000000025,0.008200000000000018,0.018200000000000018
synthetic_telemetry,SYN_000792,79.2,MAX_Q,6.2084,3201.68,240.084,96.092,750.168,35008.4,3.8832,3.2524,8.076,7.868,8.476,3.5600000000000005,27.108,22.184,547.6,0.0076000000000000095,0.008400000000000006,0.018400000000000007
synthetic_telemetry,SYN_000793,79.30000000000001,MAX_Q,6.2086,3201.72,240.08599999999998,96.09299999999999,750.172,35008.6,3.8828,3.2521,8.079,7.872000000000001,8.479000000000001,3.565000000000001,27.107000000000003,22.186,547.9000000000001,0.007900000000000035,0.008600000000000023,0.018600000000000023
synthetic_telemetry,SYN_000794,79.4,MAX_Q,6.2088,3201.76,240.088,96.094,750.176,35008.8,3.8824,3.2518,8.081999999999999,7.876,8.482,3.5700000000000003,27.106,22.188,548.2,0.008200000000000016,0.008800000000000011,0.01880000000000001
synthetic_telemetry,SYN_000795,79.5,MAX_Q,6.209,3201.8,240.09,96.095,750.1800000000001,35009.0,3.8819999999999997,3.2515,8.084999999999999,7.880000000000001,8.485,3.575,27.105,22.189999999999998,548.5,0.0085,0.009,0.019
synthetic_telemetry,SYN_000796,79.60000000000001,MAX_Q,6.2092,3201.84,240.09199999999998,96.09599999999999,750.1840000000001,35009.2,3.8815999999999997,3.2512,8.088,7.884,8.488,3.5800000000000005,27.104000000000003,22.192,548.8000000000001,0.008800000000000027,0.009200000000000019,0.01920000000000002
synthetic_telemetry,SYN_000797,79.7,MAX_Q,6.2094,3201.88,240.094,96.097,750.188,35009.4,3.8811999999999998,3.2509,8.091,7.888000000000001,8.491,3.5850000000000004,27.103,22.194,549.1,0.009100000000000007,0.009400000000000007,0.019400000000000008
synthetic_telemetry,SYN_000798,79.80000000000001,MAX_Q,6.2096,3201.92,240.096,96.098,750.192,35009.6,3.8808,3.2506,8.094,7.892000000000001,8.494,3.5900000000000007,27.102,22.195999999999998,549.4000000000001,0.009400000000000033,0.009600000000000023,0.019600000000000024
synthetic_telemetry,SYN_000799,79.9,MAX_Q,6.2097999999999995,3201.96,240.09799999999998,96.09899999999999,750.196,35009.8,3.8804,3.2503,8.097,7.896000000000001,8.497,3.5950000000000006,27.101000000000003,22.198,549.7,0.009700000000000018,0.009800000000000012,0.019800000000000012
synthetic_telemetry,SYN_000800,80.0,MAX_Q,6.21,3202.0,240.1,96.1,750.2,35010.0,3.88,3.25,8.1,7.9,8.5,3.6,27.1,22.2,550.0,0.01,0.01,0.02
synthetic_telemetry,SYN_000801,80.10000000000001,MAX_Q,6.2099,3201.98,240.099,96.09899999999999,750.1980000000001,35009.9,3.8796,3.2497,8.060999999999996,7.860999999999997,8.459999999999997,3.6050000000000004,27.099,22.198999999999998,549.5999999999999,0.009899999999999992,0.009899999999999992,0.019799999999999984
synthetic_telemetry,SYN_000802,80.2,MAX_Q,6.2097999999999995,3201.96,240.09799999999998,96.098,750.196,35009.8,3.8792,3.2494,8.021999999999998,7.821999999999999,8.419999999999998,3.6100000000000003,27.098000000000003,22.198,549.2,0.009799999999999998,0.009799999999999998,0.019599999999999996
synthetic_telemetry,SYN_000803,80.30000000000001,MAX_Q,6.2097,3201.94,240.097,96.097,750.1940000000001,35009.7,3.8788,3.2491,7.982999999999995,7.782999999999996,8.379999999999995,3.6150000000000007,27.097,22.197,548.8,0.009699999999999988,0.009699999999999988,0.019399999999999976
synthetic_telemetry,SYN_000804,80.4,MAX_Q,6.2096,3201.92,240.096,96.09599999999999,750.192,35009.6,3.8784,3.2488,7.943999999999997,7.743999999999998,8.339999999999998,3.6200000000000006,27.096,22.195999999999998,548.4,0.009599999999999994,0.009599999999999994,0.019199999999999988
synthetic_telemetry,SYN_000805,80.5,MAX_Q,6.2095,3201.9,240.095,96.095,750.19,35009.5,3.878,3.2485,7.904999999999999,7.705,8.3,3.625,27.095000000000002,22.195,548.0,0.0095,0.0095,0.019
synthetic_telemetry,SYN_000806,80.60000000000001,MAX_Q,6.2094,3201.88,240.094,96.094,750.188,35009.4,3.8775999999999997,3.2482,7.865999999999996,7.665999999999997,8.259999999999996,3.6300000000000003,27.094,22.194,547.5999999999999,0.009399999999999992,0.009399999999999992,0.018799999999999983
synthetic_telemetry,SYN_000807,80.7,MAX_Q,6.2093,3201.86,240.093,96.09299999999999,750.186,35009.3,3.8771999999999998,3.2479,7.826999999999998,7.626999999999999,8.219999999999999,3.6350000000000002,27.093,22.192999999999998,547.2,0.009299999999999998,0.009299999999999998,0.018599999999999995
synthetic_telemetry,SYN_000808,80.80000000000001,MAX_Q,6.2092,3201.84,240.09199999999998,96.092,750.1840000000001,35009.2,3.8768,3.2476,7.787999999999995,7.587999999999996,8.179999999999996,3.6400000000000006,27.092000000000002,22.192,546.8,0.00919999999999999,0.00919999999999999,0.01839999999999998
synthetic_telemetry,SYN_000809,80.9,MAX_Q,6.2091,3201.82,240.091,96.091,750.182,35009.1,3.8764,3.2473,7.748999999999997,7.548999999999998,8.139999999999997,3.6450000000000005,27.091,22.191,546.4,0.009099999999999995,0.009099999999999995,0.01819999999999999
synthetic_telemetry,SYN_000810,81.0,MAX_Q,6.209,3201.8,240.09,96.08999999999999,750.1800000000001,35009.0,3.876,3.247,7.71,7.510000000000001,8.1,3.65,27.09,22.189999999999998,546.0,0.009000000000000001,0.009000000000000001,0.018000000000000002
synthetic_telemetry,SYN_000811,81.10000000000001,MAX_Q,6.2089,3201.78,240.089,96.089,750.178,35008.9,3.8756,3.2467,7.670999999999997,7.470999999999997,8.059999999999997,3.6550000000000002,27.089000000000002,22.189,545.5999999999999,0.008899999999999991,0.008899999999999991,0.017799999999999983
synthetic_telemetry,SYN_000812,81.2,MAX_Q,6.2088,3201.76,240.088,96.088,750.176,35008.8,3.8752,3.2464,7.631999999999999,7.4319999999999995,8.02,3.66,27.088,22.188,545.2,0.008799999999999997,0.008799999999999997,0.017599999999999994
synthetic_telemetry,SYN_000813,81.30000000000001,MAX_Q,6.2087,3201.74,240.087,96.08699999999999,750.1740000000001,35008.7,3.8748,3.2461,7.5929999999999955,7.392999999999996,7.979999999999995,3.6650000000000005,27.087,22.187,544.8,0.008699999999999989,0.008699999999999989,0.017399999999999978
synthetic_telemetry,SYN_000814,81.4,MAX_Q,6.2086,3201.72,240.08599999999998,96.086,750.172,35008.6,3.8744,3.2458,7.553999999999998,7.353999999999998,7.939999999999998,3.6700000000000004,27.086000000000002,22.186,544.4,0.008599999999999995,0.008599999999999995,0.01719999999999999
synthetic_telemetry,SYN_000815,81.5,MAX_Q,6.2085,3201.7,240.085,96.085,750.1700000000001,35008.5,3.8739999999999997,3.2455,7.515,7.315,7.9,3.675,27.085,22.185,544.0,0.0085,0.0085,0.017
synthetic_telemetry,SYN_000816,81.60000000000001,MAX_Q,6.2084,3201.68,240.084,96.08399999999999,750.168,35008.4,3.8735999999999997,3.2452,7.475999999999996,7.275999999999997,7.859999999999997,3.6800000000000006,27.084,22.184,543.5999999999999,0.00839999999999999,0.00839999999999999,0.01679999999999998
synthetic_telemetry,SYN_000817,81.7,MAX_Q,6.2083,3201.66,240.083,96.083,750.166,35008.3,3.8731999999999998,3.2449,7.4369999999999985,7.236999999999999,7.8199999999999985,3.685,27.083000000000002,22.183,543.2,0.008299999999999997,0.008299999999999997,0.016599999999999993
synthetic_telemetry,SYN_000818,81.80000000000001,MAX_Q,6.2082,3201.64,240.082,96.082,750.164,35008.2,3.8728,3.2446,7.397999999999995,7.197999999999996,7.779999999999996,3.6900000000000004,27.082,22.182,542.8,0.008199999999999989,0.008199999999999989,0.016399999999999977
synthetic_telemetry,SYN_000819,81.9,MAX_Q,6.2081,3201.62,240.081,96.08099999999999,750.162,35008.1,3.8724,3.2443,7.358999999999997,7.158999999999998,7.7399999999999975,3.6950000000000003,27.081,22.181,542.4,0.008099999999999994,0.008099999999999994,0.01619999999999999
synthetic_telemetry,SYN_000820,82.0,MAX_Q,6.208,3201.6,240.07999999999998,96.08,750.1600000000001,35008.0,3.872,3.244,7.319999999999999,7.12,7.7,3.7,27.080000000000002,22.18,542.0,0.008,0.008,0.016
synthetic_telemetry,SYN_000821,82.10000000000001,MAX_Q,6.2079,3201.58,240.079,96.079,750.158,35007.9,3.8716,3.2437,7.280999999999996,7.080999999999997,7.659999999999997,3.7050000000000005,27.079,22.179,541.5999999999999,0.007899999999999992,0.007899999999999992,0.015799999999999984
synthetic_telemetry,SYN_000822,82.2,MAX_Q,6.2078,3201.56,240.078,96.07799999999999,750.1560000000001,35007.8,3.8712,3.2434,7.241999999999999,7.041999999999999,7.619999999999999,3.71,27.078,22.178,541.2,0.007799999999999998,0.007799999999999998,0.015599999999999996
synthetic_telemetry,SYN_000823,82.30000000000001,MAX_Q,6.2077,3201.54,240.077,96.077,750.154,35007.7,3.8708,3.2431,7.202999999999995,7.002999999999996,7.579999999999996,3.7150000000000007,27.077,22.177,540.8,0.007699999999999989,0.007699999999999989,0.015399999999999978
synthetic_telemetry,SYN_000824,82.4,MAX_Q,6.2076,3201.52,240.076,96.076,750.152,35007.6,3.8704,3.2428,7.163999999999998,6.963999999999998,7.539999999999997,3.72,27.076,22.176,540.4,0.007599999999999994,0.007599999999999994,0.015199999999999988
synthetic_telemetry,SYN_000825,82.5,MAX_Q,6.2075,3201.5,240.075,96.07499999999999,750.1500000000001,35007.5,3.87,3.2425,7.125,6.925000000000001,7.5,3.725,27.075000000000003,22.175,540.0,0.0075,0.0075,0.015
synthetic_telemetry,SYN_000826,82.60000000000001,MAX_Q,6.2074,3201.48,240.07399999999998,96.074,750.148,35007.4,3.8695999999999997,3.2422,7.085999999999997,6.8859999999999975,7.459999999999996,3.7300000000000004,27.074,22.174,539.5999999999999,0.007399999999999992,0.007399999999999992,0.014799999999999983
synthetic_telemetry,SYN_000827,82.7,MAX_Q,6.2073,3201.46,240.073,96.073,750.1460000000001,35007.3,3.8691999999999998,3.2419000000000002,7.046999999999999,6.8469999999999995,7.419999999999999,3.7350000000000003,27.073,22.173,539.2,0.0072999999999999975,0.0072999999999999975,0.014599999999999995
synthetic_telemetry,SYN_000828,82.80000000000001,MAX_Q,6.2072,3201.44,240.072,96.072,750.144,35007.2,3.8688,3.2416,7.007999999999996,6.807999999999996,7.3799999999999955,3.7400000000000007,27.072,22.172,538.8,0.007199999999999989,0.007199999999999989,0.014399999999999979
synthetic_telemetry,SYN_000829,82.9,MAX_Q,6.2071,3201.42,240.071,96.071,750.142,35007.1,3.8684,3.2413,6.968999999999998,6.768999999999998,7.339999999999998,3.745,27.071,22.171,538.4,0.007099999999999994,0.007099999999999994,0.014199999999999989
synthetic_telemetry,SYN_000830,83.0,MAX_Q,6.207,3201.4,240.07,96.07,750.14,35007.0,3.868,3.241,6.93,6.73,7.3,3.75,27.07,22.17,538.0,0.007,0.007,0.014
synthetic_telemetry,SYN_000831,83.10000000000001,MAX_Q,6.2069,3201.38,240.069,96.069,750.138,35006.9,3.8676,3.2407,6.8909999999999965,6.690999999999997,7.259999999999996,3.7550000000000003,27.069000000000003,22.169,537.5999999999999,0.006899999999999991,0.006899999999999991,0.013799999999999982
synthetic_telemetry,SYN_000832,83.2,MAX_Q,6.2068,3201.36,240.06799999999998,96.068,750.1360000000001,35006.8,3.8672,3.2404,6.8519999999999985,6.651999999999999,7.219999999999999,3.7600000000000002,27.068,22.168,537.2,0.006799999999999997,0.006799999999999997,0.013599999999999994
synthetic_telemetry,SYN_000833,83.30000000000001,MAX_Q,6.2067,3201.34,240.067,96.067,750.134,35006.7,3.8668,3.2401,6.812999999999995,6.612999999999996,7.179999999999995,3.7650000000000006,27.067,22.167,536.8,0.006699999999999989,0.006699999999999989,0.013399999999999978
synthetic_telemetry,SYN_000834,83.4,MAX_Q,6.2066,3201.32,240.066,96.066,750.1320000000001,35006.6,3.8664,3.2398000000000002,6.773999999999997,6.573999999999998,7.139999999999998,3.77,27.066000000000003,22.166,536.4,0.006599999999999995,0.006599999999999995,0.01319999999999999
synthetic_telemetry,SYN_000835,83.5,MAX_Q,6.2065,3201.3,240.065,96.065,750.13,35006.5,3.8659999999999997,3.2395,6.734999999999999,6.535,7.1,3.775,27.065,22.165,536.0,0.006500000000000001,0.006500000000000001,0.013000000000000001
synthetic_telemetry,SYN_000836,83.60000000000001,MAX_Q,6.2064,3201.28,240.064,96.064,750.128,35006.4,3.8655999999999997,3.2392,6.695999999999996,6.495999999999997,7.059999999999997,3.7800000000000002,27.064,22.164,535.5999999999999,0.006399999999999992,0.006399999999999992,0.012799999999999983
synthetic_telemetry,SYN_000837,83.7,MAX_Q,6.2063,3201.26,240.063,96.063,750.126,35006.3,3.8651999999999997,3.2389,6.656999999999998,6.456999999999999,7.019999999999999,3.785,27.063000000000002,22.163,535.2,0.0062999999999999974,0.0062999999999999974,0.012599999999999995
synthetic_telemetry,SYN_000838,83.80000000000001,MAX_Q,6.2062,3201.24,240.06199999999998,96.062,750.124,35006.2,3.8648,3.2386,6.617999999999995,6.417999999999996,6.979999999999995,3.7900000000000005,27.062,22.162,534.8,0.0061999999999999885,0.0061999999999999885,0.012399999999999977
synthetic_telemetry,SYN_000839,83.9,MAX_Q,6.2061,3201.22,240.061,96.06099999999999,750.1220000000001,35006.1,3.8644,3.2383,6.578999999999997,6.378999999999998,6.939999999999998,3.7950000000000004,27.061,22.161,534.4,0.006099999999999994,0.006099999999999994,0.012199999999999989
synthetic_telemetry,SYN_000840,84.0,MAX_Q,6.206,3201.2,240.06,96.06,750.12,35006.0,3.864,3.238,6.54,6.34,6.9,3.8,27.060000000000002,22.16,534.0,0.006,0.006,0.012
synthetic_telemetry,SYN_000841,84.10000000000001,MAX_Q,6.2059,3201.18,240.059,96.059,750.118,35005.9,3.8636,3.2377000000000002,6.500999999999997,6.300999999999997,6.859999999999997,3.805,27.059,22.159,533.5999999999999,0.005899999999999991,0.005899999999999991,0.011799999999999982
synthetic_telemetry,SYN_000842,84.2,MAX_Q,6.2058,3201.16,240.058,96.05799999999999,750.116,35005.8,3.8632,3.2374,6.461999999999999,6.261999999999999,6.8199999999999985,3.81,27.058,22.158,533.2,0.005799999999999997,0.005799999999999997,0.011599999999999994
synthetic_telemetry,SYN_000843,84.30000000000001,MAX_Q,6.2057,3201.14,240.057,96.057,750.114,35005.7,3.8628,3.2371,6.422999999999996,6.222999999999995,6.779999999999996,3.8150000000000004,27.057000000000002,22.157,532.8,0.005699999999999989,0.005699999999999989,0.011399999999999978
synthetic_telemetry,SYN_000844,84.4,MAX_Q,6.2056000000000004,3201.12,240.05599999999998,96.056,750.1120000000001,35005.6,3.8624,3.2368,6.383999999999998,6.183999999999998,6.7399999999999975,3.8200000000000003,27.056,22.156,532.4,0.005599999999999995,0.005599999999999995,0.01119999999999999
synthetic_telemetry,SYN_000845,84.5,MAX_Q,6.2055,3201.1,240.055,96.05499999999999,750.11,35005.5,3.862,3.2365,6.345,6.1450000000000005,6.7,3.8249999999999997,27.055,22.155,532.0,0.0055,0.0055,0.011
synthetic_telemetry,SYN_000846,84.60000000000001,MAX_Q,6.2054,3201.08,240.054,96.054,750.1080000000001,35005.4,3.8615999999999997,3.2362,6.3059999999999965,6.105999999999997,6.659999999999997,3.83,27.054000000000002,22.154,531.5999999999999,0.005399999999999992,0.005399999999999992,0.010799999999999983
synthetic_telemetry,SYN_000847,84.7,MAX_Q,6.2053,3201.06,240.053,96.053,750.106,35005.3,3.8611999999999997,3.2359,6.266999999999999,6.066999999999999,6.619999999999999,3.835,27.053,22.153,531.2,0.005299999999999997,0.005299999999999997,0.010599999999999995
synthetic_telemetry,SYN_000848,84.80000000000001,MAX_Q,6.2052000000000005,3201.04,240.052,96.05199999999999,750.104,35005.2,3.8608,3.2356000000000003,6.227999999999995,6.027999999999996,6.579999999999996,3.8400000000000003,27.052,22.152,530.8,0.0051999999999999885,0.0051999999999999885,0.010399999999999977
synthetic_telemetry,SYN_000849,84.9,MAX_Q,6.2051,3201.02,240.051,96.051,750.102,35005.1,3.8604,3.2353,6.188999999999997,5.988999999999998,6.539999999999997,3.845,27.051000000000002,22.151,530.4,0.005099999999999994,0.005099999999999994,0.010199999999999989
synthetic_telemetry,SYN_000850,85.0,MAX_Q,6.205,3201.0,240.05,96.05,750.1,35005.0,3.86,3.2350000000000003,6.15,5.95,6.5,3.8499999999999996,27.05,22.15,530.0,0.005,0.005,0.01
synthetic_telemetry,SYN_000851,85.10000000000001,MAX_Q,6.2049,3200.98,240.049,96.04899999999999,750.0980000000001,35004.9,3.8596,3.2347,6.110999999999996,5.910999999999997,6.459999999999996,3.8550000000000004,27.049,22.149,529.5999999999999,0.004899999999999991,0.004899999999999991,0.009799999999999982
synthetic_telemetry,SYN_000852,85.2,MAX_Q,6.2048,3200.96,240.048,96.048,750.096,35004.8,3.8592,3.2344,6.071999999999999,5.871999999999999,6.419999999999998,3.86,27.048000000000002,22.148,529.2,0.004799999999999997,0.004799999999999997,0.009599999999999994
synthetic_telemetry,SYN_000853,85.30000000000001,MAX_Q,6.2047,3200.94,240.047,96.047,750.094,35004.7,3.8588,3.2341,6.032999999999996,5.832999999999996,6.3799999999999955,3.865,27.047,22.147000000000002,528.8,0.004699999999999989,0.004699999999999989,0.009399999999999978
synthetic_telemetry,SYN_000854,85.4,MAX_Q,6.2046,3200.92,240.046,96.04599999999999,750.092,35004.6,3.8584,3.2338,5.993999999999998,5.793999999999999,6.339999999999998,3.87,27.046,22.146,528.4,0.004599999999999995,0.004599999999999995,0.00919999999999999
synthetic_telemetry,SYN_000855,85.5,MAX_Q,6.2045,3200.9,240.045,96.045,750.09,35004.5,3.8579999999999997,3.2335000000000003,5.955,5.755000000000001,6.3,3.875,27.045,22.145,528.0,0.0045000000000000005,0.0045000000000000005,0.009000000000000001
synthetic_telemetry,SYN_000856,85.60000000000001,MAX_Q,6.2044,3200.88,240.044,96.044,750.088,35004.4,3.8575999999999997,3.2332,5.915999999999997,5.7159999999999975,6.259999999999996,3.8800000000000003,27.044,22.144000000000002,527.5999999999999,0.004399999999999992,0.004399999999999992,0.008799999999999983
synthetic_telemetry,SYN_000857,85.7,MAX_Q,6.2043,3200.86,240.043,96.04299999999999,750.086,35004.3,3.8571999999999997,3.2329,5.876999999999999,5.677,6.219999999999999,3.885,27.043,22.143,527.2,0.004299999999999997,0.004299999999999997,0.008599999999999995
synthetic_telemetry,SYN_000858,85.80000000000001,MAX_Q,6.2042,3200.84,240.042,96.042,750.0840000000001,35004.2,3.8568,3.2326,5.837999999999996,5.637999999999996,6.179999999999995,3.8900000000000006,27.042,22.142,526.8,0.0041999999999999885,0.0041999999999999885,0.008399999999999977
synthetic_telemetry,SYN_000859,85.9,MAX_Q,6.2041,3200.82,240.041,96.041,750.082,35004.1,3.8564,3.2323,5.798999999999998,5.598999999999998,6.139999999999997,3.895,27.041,22.141000000000002,526.4,0.004099999999999994,0.004099999999999994,0.008199999999999989
synthetic_telemetry,SYN_000860,86.0,MAX_Q,6.204,3200.8,240.04,96.03999999999999,750.08,35004.0,3.856,3.232,5.76,5.5600000000000005,6.1,3.9,27.04,22.14,526.0,0.004,0.004,0.008
synthetic_telemetry,SYN_000861,86.10000000000001,MAX_Q,6.2039,3200.78,240.039,96.039,750.078,35003.9,3.8556,3.2317,5.7209999999999965,5.520999999999997,6.059999999999997,3.9050000000000002,27.039,22.139,525.5999999999999,0.003899999999999991,0.003899999999999991,0.007799999999999982
synthetic_telemetry,SYN_000862,86.2,MAX_Q,6.2038,3200.76,240.038,96.038,750.076,35003.8,3.8552,3.2314000000000003,5.681999999999999,5.481999999999999,6.019999999999999,3.91,27.038,22.138,525.2,0.003799999999999997,0.003799999999999997,0.007599999999999994
synthetic_telemetry,SYN_000863,86.30000000000001,MAX_Q,6.2037,3200.74,240.037,96.03699999999999,750.0740000000001,35003.7,3.8548,3.2311,5.642999999999995,5.442999999999996,5.979999999999995,3.9150000000000005,27.037,22.137,524.8,0.003699999999999989,0.003699999999999989,0.007399999999999978
synthetic_telemetry,SYN_000864,86.4,MAX_Q,6.2036,3200.72,240.036,96.036,750.072,35003.6,3.8544,3.2308,5.603999999999997,5.403999999999998,5.939999999999998,3.92,27.036,22.136,524.4,0.0035999999999999947,0.0035999999999999947,0.007199999999999989
synthetic_telemetry,SYN_000865,86.5,MAX_Q,6.2035,3200.7,240.035,96.035,750.07,35003.5,3.854,3.2305,5.5649999999999995,5.365,5.9,3.925,27.035,22.135,524.0,0.0034999999999999996,0.0034999999999999996,0.006999999999999999
synthetic_telemetry,SYN_000866,86.60000000000001,MAX_Q,6.2034,3200.68,240.034,96.03399999999999,750.068,35003.4,3.8535999999999997,3.2302,5.525999999999996,5.325999999999997,5.859999999999996,3.93,27.034,22.134,523.5999999999999,0.0033999999999999916,0.0033999999999999916,0.006799999999999983
synthetic_telemetry,SYN_000867,86.7,MAX_Q,6.2033000000000005,3200.66,240.033,96.033,750.066,35003.3,3.8531999999999997,3.2299,5.486999999999998,5.286999999999999,5.8199999999999985,3.935,27.033,22.133,523.2,0.0032999999999999974,0.0032999999999999974,0.006599999999999995
synthetic_telemetry,SYN_000868,86.80000000000001,MAX_Q,6.2032,3200.64,240.032,96.032,750.064,35003.2,3.8528,3.2296,5.447999999999995,5.247999999999996,5.779999999999996,3.9400000000000004,27.032,22.132,522.8,0.0031999999999999884,0.0031999999999999884,0.006399999999999977
synthetic_telemetry,SYN_000869,86.9,MAX_Q,6.2031,3200.62,240.031,96.03099999999999,750.062,35003.1,3.8524,3.2293000000000003,5.408999999999997,5.208999999999998,5.7399999999999975,3.9450000000000003,27.031,22.131,522.4,0.0030999999999999943,0.0030999999999999943,0.0061999999999999885
synthetic_telemetry,SYN_000870,87.0,MAX_Q,6.203,3200.6,240.03,96.03,750.0600000000001,35003.0,3.852,3.229,5.37,5.17,5.699999999999999,3.9499999999999997,27.03,22.130000000000003,522.0,0.003,0.003,0.006
synthetic_telemetry,SYN_000871,87.10000000000001,MAX_Q,6.2029000000000005,3200.58,240.029,96.029,750.058,35002.9,3.8516,3.2287,5.330999999999996,5.130999999999997,5.659999999999997,3.955,27.029,22.129,521.5999999999999,0.002899999999999991,0.002899999999999991,0.005799999999999982
synthetic_telemetry,SYN_000872,87.2,MAX_Q,6.2028,3200.56,240.028,96.02799999999999,750.056,35002.8,3.8512,3.2284,5.291999999999999,5.091999999999999,5.619999999999999,3.96,27.028,22.128,521.2,0.002799999999999997,0.002799999999999997,0.005599999999999994
synthetic_telemetry,SYN_000873,87.30000000000001,MAX_Q,6.2027,3200.54,240.027,96.027,750.054,35002.7,3.8508,3.2281,5.252999999999996,5.0529999999999955,5.579999999999995,3.9650000000000003,27.027,22.127000000000002,520.8,0.002699999999999989,0.002699999999999989,0.005399999999999978
synthetic_telemetry,SYN_000874,87.4,MAX_Q,6.2026,3200.52,240.026,96.026,750.052,35002.6,3.8504,3.2278000000000002,5.213999999999998,5.013999999999998,5.539999999999997,3.97,27.026,22.126,520.4,0.0025999999999999947,0.0025999999999999947,0.005199999999999989
synthetic_telemetry,SYN_000875,87.5,MAX_Q,6.2025,3200.5,240.025,96.025,750.05,35002.5,3.8499999999999996,3.2275,5.175,4.975,5.5,3.9749999999999996,27.025,22.125,520.0,0.0025000000000000005,0.0025000000000000005,0.005000000000000001
synthetic_telemetry,SYN_000876,87.60000000000001,MAX_Q,6.2024,3200.48,240.024,96.024,750.048,35002.4,3.8495999999999997,3.2272000000000003,5.135999999999997,4.935999999999996,5.459999999999996,3.98,27.024,22.124000000000002,519.5999999999999,0.0023999999999999915,0.0023999999999999915,0.004799999999999983
synthetic_telemetry,SYN_000877,87.7,MAX_Q,6.2023,3200.46,240.023,96.023,750.046,35002.3,3.8491999999999997,3.2269,5.096999999999999,4.896999999999999,5.419999999999998,3.985,27.023,22.123,519.2,0.0022999999999999974,0.0022999999999999974,0.004599999999999995
synthetic_telemetry,SYN_000878,87.80000000000001,MAX_Q,6.2022,3200.44,240.022,96.022,750.044,35002.2,3.8487999999999998,3.2266,5.057999999999995,4.857999999999995,5.3799999999999955,3.99,27.022,22.122,518.8,0.0021999999999999884,0.0021999999999999884,0.004399999999999977
synthetic_telemetry,SYN_000879,87.9,MAX_Q,6.2021,3200.42,240.021,96.021,750.042,35002.1,3.8484,3.2263,5.018999999999998,4.818999999999998,5.339999999999998,3.995,27.021,22.121000000000002,518.4,0.0020999999999999942,0.0020999999999999942,0.0041999999999999885
synthetic_telemetry,SYN_000880,88.0,MAX_Q,6.202,3200.4,240.02,96.02,750.04,35002.0,3.848,3.226,4.98,4.78,5.3,3.9999999999999996,27.02,22.12,518.0,0.002,0.002,0.004
synthetic_telemetry,SYN_000881,88.10000000000001,MAX_Q,6.2019,3200.38,240.019,96.019,750.038,35001.9,3.8476,3.2257000000000002,4.940999999999997,4.740999999999997,5.259999999999996,4.005,27.019000000000002,22.119,517.5999999999999,0.001899999999999992,0.001899999999999992,0.003799999999999984
synthetic_telemetry,SYN_000882,88.2,MAX_Q,6.2018,3200.36,240.018,96.018,750.0360000000001,35001.8,3.8472,3.2254,4.901999999999999,4.701999999999999,5.219999999999999,4.01,27.018,22.118000000000002,517.2,0.0017999999999999978,0.0017999999999999978,0.0035999999999999956
synthetic_telemetry,SYN_000883,88.30000000000001,MAX_Q,6.2017,3200.34,240.017,96.017,750.034,35001.7,3.8468,3.2251000000000003,4.862999999999996,4.662999999999996,5.179999999999995,4.015000000000001,27.017,22.117,516.8,0.001699999999999988,0.001699999999999988,0.003399999999999976
synthetic_telemetry,SYN_000884,88.4,MAX_Q,6.2016,3200.32,240.016,96.016,750.032,35001.6,3.8464,3.2248,4.823999999999998,4.623999999999998,5.139999999999997,4.02,27.016000000000002,22.116,516.4,0.0015999999999999938,0.0015999999999999938,0.0031999999999999876
synthetic_telemetry,SYN_000885,88.5,MAX_Q,6.2015,3200.3,240.015,96.015,750.03,35001.5,3.846,3.2245000000000004,4.785,4.585000000000001,5.1,4.0249999999999995,27.015,22.115000000000002,516.0,0.0014999999999999996,0.0014999999999999996,0.002999999999999999
synthetic_telemetry,SYN_000886,88.60000000000001,MAX_Q,6.2014000000000005,3200.28,240.014,96.014,750.028,35001.4,3.8455999999999997,3.2242,4.745999999999997,4.545999999999997,5.059999999999997,4.03,27.014,22.114,515.5999999999999,0.0013999999999999915,0.0013999999999999915,0.002799999999999983
synthetic_telemetry,SYN_000887,88.7,MAX_Q,6.2013,3200.26,240.013,96.013,750.026,35001.3,3.8451999999999997,3.2239,4.706999999999999,4.507,5.019999999999999,4.035,27.013,22.113,515.2,0.0012999999999999973,0.0012999999999999973,0.0025999999999999947
synthetic_telemetry,SYN_000888,88.80000000000001,MAX_Q,6.2012,3200.24,240.012,96.012,750.024,35001.2,3.8447999999999998,3.2236000000000002,4.667999999999996,4.467999999999996,4.979999999999995,4.04,27.012,22.112000000000002,514.8,0.0011999999999999893,0.0011999999999999893,0.0023999999999999785
synthetic_telemetry,SYN_000889,88.9,MAX_Q,6.2011,3200.22,240.011,96.011,750.022,35001.1,3.8444,3.2233,4.628999999999998,4.4289999999999985,4.939999999999998,4.045,27.011,22.111,514.4,0.001099999999999995,0.001099999999999995,0.00219999999999999
synthetic_telemetry,SYN_000890,89.0,MAX_Q,6.2010000000000005,3200.2,240.01,96.01,750.02,35001.0,3.844,3.2230000000000003,4.59,4.390000000000001,4.9,4.05,27.01,22.11,514.0,0.0009999999999999992,0.0009999999999999992,0.0019999999999999983
synthetic_telemetry,SYN_000891,89.10000000000001,MAX_Q,6.2009,3200.18,240.009,96.009,750.018,35000.9,3.8436,3.2227,4.550999999999997,4.350999999999997,4.859999999999996,4.055,27.009,22.109,513.5999999999999,0.0008999999999999911,0.0008999999999999911,0.0017999999999999822
synthetic_telemetry,SYN_000892,89.2,MAX_Q,6.2008,3200.16,240.008,96.008,750.016,35000.8,3.8432,3.2224000000000004,4.511999999999999,4.311999999999999,4.8199999999999985,4.06,27.008,22.108,513.2,0.0007999999999999969,0.0007999999999999969,0.0015999999999999938
synthetic_telemetry,SYN_000893,89.30000000000001,MAX_Q,6.2007,3200.14,240.007,96.007,750.014,35000.7,3.8428,3.2221,4.472999999999995,4.272999999999996,4.779999999999996,4.065,27.007,22.107000000000003,512.8,0.0006999999999999888,0.0006999999999999888,0.0013999999999999777
synthetic_telemetry,SYN_000894,89.4,MAX_Q,6.2006000000000006,3200.12,240.006,96.006,750.0120000000001,35000.6,3.8424,3.2218,4.4339999999999975,4.233999999999998,4.7399999999999975,4.07,27.006,22.106,512.4,0.0005999999999999946,0.0005999999999999946,0.0011999999999999893
synthetic_telemetry,SYN_000895,89.5,MAX_Q,6.2005,3200.1,240.005,96.005,750.01,35000.5,3.8419999999999996,3.2215000000000003,4.395,4.195,4.699999999999999,4.074999999999999,27.005,22.105,512.0,0.0005000000000000004,0.0005000000000000004,0.0010000000000000009
synthetic_telemetry,SYN_000896,89.60000000000001,MAX_Q,6.2004,3200.08,240.004,96.004,750.008,35000.4,3.8415999999999997,3.2212,4.355999999999996,4.155999999999997,4.659999999999997,4.08,27.004,22.104000000000003,511.59999999999997,0.00039999999999999064,0.00039999999999999064,0.0007999999999999813
synthetic_telemetry,SYN_000897,89.7,MAX_Q,6.2003,3200.06,240.003,96.003,750.006,35000.3,3.8411999999999997,3.2209000000000003,4.316999999999998,4.116999999999999,4.619999999999999,4.085,27.003,22.103,511.2,0.00029999999999999645,0.00029999999999999645,0.0005999999999999929
synthetic_telemetry,SYN_000898,89.80000000000001,MAX_Q,6.200200000000001,3200.04,240.002,96.002,750.004,35000.2,3.8407999999999998,3.2206,4.277999999999995,4.077999999999996,4.579999999999995,4.09,27.002,22.102,510.79999999999995,0.00019999999999998838,0.00019999999999998838,0.00039999999999997676
synthetic_telemetry,SYN_000899,89.9,MAX_Q,6.2001,3200.02,240.001,96.001,750.002,35000.1,3.8404,3.2203000000000004,4.238999999999997,4.038999999999998,4.539999999999997,4.095,27.001,22.101000000000003,510.4,9.999999999999419e-05,9.999999999999419e-05,0.00019999999999998838
synthetic_telemetry,SYN_000900,90.0,MAX_Q,6.2,3200.0,240.0,96.0,750.0,35000.0,3.84,3.22,4.2,4.0,4.5,4.1,27.0,22.1,510.0,0.0,0.0,0.0
synthetic_telemetry,SYN_000901,90.10000000000001,STAGE_1_FLIGHT,6.1998,3200.05,239.99699999999999,95.999,749.99,34999.7,3.8396,3.2197,4.175999999999998,3.976999999999998,4.474999999999998,4.106,26.999,22.099,509.59999999999997,-0.00010000000000000853,0.0,0.00010000000000000853
synthetic_telemetry,SYN_000902,90.2,STAGE_1_FLIGHT,6.1996,3200.1,239.994,95.998,749.98,34999.4,3.8392,3.2194000000000003,4.151999999999999,3.9539999999999993,4.449999999999999,4.112,26.998,22.098000000000003,509.2,-0.00020000000000000286,0.0,0.00020000000000000286
synthetic_telemetry,SYN_000903,90.30000000000001,STAGE_1_FLIGHT,6.1994,3200.15,239.99099999999999,95.997,749.97,34999.1,3.8388,3.2191,4.1279999999999974,3.9309999999999974,4.424999999999997,4.118,26.997,22.097,508.79999999999995,-0.00030000000000001136,0.0,0.00030000000000001136
synthetic_telemetry,SYN_000904,90.4,STAGE_1_FLIGHT,6.1992,3200.2,239.988,95.996,749.96,34998.8,3.8384,3.2188000000000003,4.103999999999999,3.9079999999999986,4.399999999999999,4.124,26.996,22.096,508.4,-0.0004000000000000057,0.0,0.0004000000000000057
synthetic_telemetry,SYN_000905,90.5,STAGE_1_FLIGHT,6.199,3200.25,239.985,95.995,749.95,34998.5,3.838,3.2185,4.08,3.885,4.375,4.13,26.995,22.095000000000002,508.0,-0.0005,0.0,0.0005
synthetic_telemetry,SYN_000906,90.60000000000001,STAGE_1_FLIGHT,6.1988,3200.3,239.982,95.994,749.94,34998.2,3.8375999999999997,3.2182,4.055999999999998,3.861999999999998,4.349999999999998,4.136,26.994,22.094,507.59999999999997,-0.0006000000000000085,0.0,0.0006000000000000085
synthetic_telemetry,SYN_000907,90.7,STAGE_1_FLIGHT,6.1986,3200.35,239.97899999999998,95.993,749.93,34997.9,3.8371999999999997,3.2179,4.031999999999999,3.8389999999999995,4.324999999999999,4.1419999999999995,26.993,22.093,507.2,-0.0007000000000000028,0.0,0.0007000000000000028
synthetic_telemetry,SYN_000908,90.80000000000001,STAGE_1_FLIGHT,6.1984,3200.4,239.976,95.992,749.92,34997.6,3.8367999999999998,3.2176,4.007999999999997,3.815999999999997,4.299999999999997,4.148000000000001,26.992,22.092000000000002,506.79999999999995,-0.0008000000000000114,0.0,0.0008000000000000114
synthetic_telemetry,SYN_000909,90.9,STAGE_1_FLIGHT,6.1982,3200.45,239.97299999999998,95.991,749.91,34997.3,3.8364,3.2173000000000003,3.9839999999999987,3.792999999999999,4.274999999999999,4.154,26.991,22.091,506.4,-0.0009000000000000057,0.0,0.0009000000000000057
synthetic_telemetry,SYN_000910,91.0,STAGE_1_FLIGHT,6.198,3200.5,239.97,95.99,749.9,34997.0,3.836,3.217,3.96,3.77,4.25,4.16,26.99,22.09,506.0,-0.001,0.0,0.001
synthetic_telemetry,SYN_000911,91.10000000000001,STAGE_1_FLIGHT,6.1978,3200.55,239.96699999999998,95.989,749.89,34996.7,3.8356,3.2167000000000003,3.935999999999998,3.746999999999998,4.224999999999998,4.166,26.989,22.089000000000002,505.59999999999997,-0.0011000000000000085,0.0,0.0011000000000000085
synthetic_telemetry,SYN_000912,91.2,STAGE_1_FLIGHT,6.1976,3200.6,239.964,95.988,749.88,34996.4,3.8352,3.2164,3.9119999999999995,3.7239999999999993,4.199999999999999,4.172,26.988,22.088,505.2,-0.001200000000000003,0.0,0.001200000000000003
synthetic_telemetry,SYN_000913,91.30000000000001,STAGE_1_FLIGHT,6.1974,3200.65,239.96099999999998,95.987,749.87,34996.1,3.8348,3.2161,3.8879999999999972,3.7009999999999974,4.174999999999997,4.178000000000001,26.987,22.087,504.79999999999995,-0.0013000000000000114,0.0,0.0013000000000000114
synthetic_telemetry,SYN_000914,91.4,STAGE_1_FLIGHT,6.1972000000000005,3200.7,239.958,95.986,749.86,34995.8,3.8344,3.2158,3.863999999999999,3.6779999999999986,4.149999999999999,4.184,26.986,22.086000000000002,504.4,-0.0014000000000000056,0.0,0.0014000000000000056
synthetic_telemetry,SYN_000915,91.5,STAGE_1_FLIGHT,6.197,3200.75,239.95499999999998,95.985,749.85,34995.5,3.8339999999999996,3.2155,3.84,3.6550000000000002,4.125,4.1899999999999995,26.985,22.085,504.0,-0.0015,0.0,0.0015
synthetic_telemetry,SYN_000916,91.60000000000001,STAGE_1_FLIGHT,6.1968000000000005,3200.8,239.952,95.984,749.84,34995.2,3.8335999999999997,3.2152000000000003,3.815999999999998,3.631999999999998,4.099999999999998,4.196000000000001,26.983999999999998,22.084,503.59999999999997,-0.0016000000000000085,0.0,0.0016000000000000085
synthetic_telemetry,SYN_000917,91.7,STAGE_1_FLIGHT,6.1966,3200.85,239.94899999999998,95.983,749.83,34994.9,3.8331999999999997,3.2149,3.7919999999999994,3.6089999999999995,4.074999999999999,4.202,26.983,22.083000000000002,503.2,-0.001700000000000003,0.0,0.001700000000000003
synthetic_telemetry,SYN_000918,91.80000000000001,STAGE_1_FLIGHT,6.1964,3200.9,239.946,95.982,749.82,34994.6,3.8327999999999998,3.2146,3.767999999999997,3.5859999999999976,4.049999999999997,4.208,26.982,22.082,502.79999999999995,-0.0018000000000000114,0.0,0.0018000000000000114
synthetic_telemetry,SYN_000919,91.9,STAGE_1_FLIGHT,6.1962,3200.95,239.94299999999998,95.981,749.81,34994.3,3.8324,3.2143,3.743999999999999,3.562999999999999,4.024999999999999,4.214,26.980999999999998,22.081,502.4,-0.0019000000000000056,0.0,0.0019000000000000056
synthetic_telemetry,SYN_000920,92.0,STAGE_1_FLIGHT,6.196,3201.0,239.94,95.98,749.8,34994.0,3.832,3.214,3.72,3.54,4.0,4.22,26.98,22.080000000000002,502.0,-0.002,0.0,0.002
synthetic_telemetry,SYN_000921,92.10000000000001,STAGE_1_FLIGHT,6.1958,3201.05,239.93699999999998,95.979,749.79,34993.7,3.8316,3.2137000000000002,3.695999999999998,3.516999999999998,3.974999999999998,4.226,26.979,22.079,501.59999999999997,-0.0021000000000000085,0.0,0.0021000000000000085
synthetic_telemetry,SYN_000922,92.2,STAGE_1_FLIGHT,6.1956,3201.1,239.934,95.978,749.78,34993.4,3.8312,3.2134,3.6719999999999993,3.4939999999999993,3.9499999999999993,4.232,26.977999999999998,22.078,501.2,-0.0022000000000000027,0.0,0.0022000000000000027
synthetic_telemetry,SYN_000923,92.30000000000001,STAGE_1_FLIGHT,6.1954,3201.15,239.93099999999998,95.977,749.77,34993.1,3.8308,3.2131000000000003,3.6479999999999975,3.4709999999999974,3.924999999999997,4.238,26.977,22.077,500.79999999999995,-0.0023000000000000112,0.0,0.0023000000000000112
synthetic_telemetry,SYN_000924,92.4,STAGE_1_FLIGHT,6.1952,3201.2,239.928,95.976,749.76,34992.8,3.8304,3.2128,3.6239999999999988,3.4479999999999986,3.8999999999999986,4.244,26.976,22.076,500.4,-0.002400000000000006,0.0,0.002400000000000006
synthetic_telemetry,SYN_000925,92.5,STAGE_1_FLIGHT,6.195,3201.25,239.925,95.975,749.75,34992.5,3.83,3.2125000000000004,3.6,3.425,3.875,4.25,26.975,22.075000000000003,500.0,-0.0025,0.0,0.0025
synthetic_telemetry,SYN_000926,92.60000000000001,STAGE_1_FLIGHT,6.1948,3201.3,239.922,95.974,749.74,34992.2,3.8295999999999997,3.2122,3.575999999999998,3.4019999999999984,3.849999999999998,4.256,26.974,22.074,499.59999999999997,-0.0026000000000000086,0.0,0.0026000000000000086
synthetic_telemetry,SYN_000927,92.7,STAGE_1_FLIGHT,6.1946,3201.35,239.91899999999998,95.973,749.73,34991.9,3.8291999999999997,3.2119,3.5519999999999996,3.3789999999999996,3.8249999999999993,4.262,26.973,22.073,499.2,-0.0027000000000000027,0.0,0.0027000000000000027
synthetic_telemetry,SYN_000928,92.80000000000001,STAGE_1_FLIGHT,6.1944,3201.4,239.916,95.97200000000001,749.72,34991.6,3.8287999999999998,3.2116000000000002,3.5279999999999974,3.355999999999997,3.799999999999997,4.268000000000001,26.971999999999998,22.072,498.79999999999995,-0.0028000000000000112,0.0,0.0028000000000000112
synthetic_telemetry,SYN_000929,92.9,STAGE_1_FLIGHT,6.1942,3201.45,239.91299999999998,95.971,749.71,34991.3,3.8284,3.2113,3.5039999999999987,3.332999999999999,3.7749999999999986,4.274,26.971,22.071,498.4,-0.002900000000000006,0.0,0.002900000000000006
synthetic_telemetry,SYN_000930,93.0,STAGE_1_FLIGHT,6.194,3201.5,239.91,95.97,749.7,34991.0,3.828,3.2110000000000003,3.48,3.31,3.75,4.279999999999999,26.97,22.07,498.0,-0.003,0.0,0.003
synthetic_telemetry,SYN_000931,93.10000000000001,STAGE_1_FLIGHT,6.1938,3201.55,239.90699999999998,95.96900000000001,749.69,34990.7,3.8276,3.2107,3.4559999999999977,3.286999999999998,3.724999999999998,4.2860000000000005,26.969,22.069000000000003,497.59999999999997,-0.0031000000000000086,0.0,0.0031000000000000086
synthetic_telemetry,SYN_000932,93.2,STAGE_1_FLIGHT,6.1936,3201.6,239.904,95.968,749.68,34990.4,3.8272,3.2104,3.4319999999999995,3.2639999999999993,3.6999999999999993,4.292,26.968,22.068,497.2,-0.0032000000000000028,0.0,0.0032000000000000028
synthetic_telemetry,SYN_000933,93.30000000000001,STAGE_1_FLIGHT,6.1934,3201.65,239.90099999999998,95.967,749.67,34990.1,3.8268,3.2101,3.4079999999999973,3.2409999999999974,3.674999999999997,4.298000000000001,26.967,22.067,496.79999999999995,-0.0033000000000000113,0.0,0.0033000000000000113
synthetic_telemetry,SYN_000934,93.4,STAGE_1_FLIGHT,6.1932,3201.7,239.898,95.96600000000001,749.66,34989.8,3.8264,3.2098,3.3839999999999986,3.2179999999999986,3.6499999999999986,4.304,26.966,22.066000000000003,496.4,-0.003400000000000006,0.0,0.003400000000000006
synthetic_telemetry,SYN_000935,93.5,STAGE_1_FLIGHT,6.193,3201.75,239.89499999999998,95.965,749.65,34989.5,3.8259999999999996,3.2095000000000002,3.36,3.1950000000000003,3.625,4.31,26.965,22.065,496.0,-0.0035,0.0,0.0035
synthetic_telemetry,SYN_000936,93.60000000000001,STAGE_1_FLIGHT,6.1928,3201.8,239.892,95.964,749.64,34989.2,3.8255999999999997,3.2092,3.335999999999998,3.171999999999998,3.599999999999998,4.316000000000001,26.964,22.064,495.59999999999997,-0.0036000000000000086,0.0,0.0036000000000000086
synthetic_telemetry,SYN_000937,93.7,STAGE_1_FLIGHT,6.1926,3201.85,239.88899999999998,95.96300000000001,749.63,34988.9,3.8251999999999997,3.2089000000000003,3.3119999999999994,3.1489999999999996,3.5749999999999993,4.322,26.963,22.063000000000002,495.2,-0.0037000000000000028,0.0,0.0037000000000000028
synthetic_telemetry,SYN_000938,93.80000000000001,STAGE_1_FLIGHT,6.1924,3201.9,239.886,95.962,749.62,34988.6,3.8247999999999998,3.2086,3.287999999999997,3.1259999999999977,3.549999999999997,4.328,26.962,22.062,494.79999999999995,-0.0038000000000000113,0.0,0.0038000000000000113
synthetic_telemetry,SYN_000939,93.9,STAGE_1_FLIGHT,6.1922,3201.95,239.88299999999998,95.961,749.61,34988.3,3.8244,3.2083,3.2639999999999985,3.102999999999999,3.5249999999999986,4.3340000000000005,26.961,22.061,494.4,-0.003900000000000006,0.0,0.003900000000000006
synthetic_telemetry,SYN_000940,94.0,STAGE_1_FLIGHT,6.192,3202.0,239.88,95.96000000000001,749.6,34988.0,3.824,3.208,3.24,3.08,3.5,4.34,26.96,22.060000000000002,494.0,-0.004,0.0,0.004
synthetic_telemetry,SYN_000941,94.10000000000001,STAGE_1_FLIGHT,6.1918,3202.05,239.87699999999998,95.959,749.59,34987.7,3.8236,3.2077,3.215999999999998,3.056999999999998,3.474999999999998,4.346,26.959,22.059,493.59999999999997,-0.004100000000000009,0.0,0.004100000000000009
synthetic_telemetry,SYN_000942,94.2,STAGE_1_FLIGHT,6.1916,3202.1,239.874,95.958,749.58,34987.4,3.8232,3.2074000000000003,3.1919999999999993,3.0339999999999994,3.4499999999999993,4.352,26.958,22.058,493.2,-0.004200000000000003,0.0,0.004200000000000003
synthetic_telemetry,SYN_000943,94.30000000000001,STAGE_1_FLIGHT,6.1914,3202.15,239.87099999999998,95.95700000000001,749.57,34987.1,3.8228,3.2071,3.1679999999999975,3.0109999999999975,3.424999999999997,4.3580000000000005,26.957,22.057000000000002,492.79999999999995,-0.004300000000000011,0.0,0.004300000000000011
synthetic_telemetry,SYN_000944,94.4,STAGE_1_FLIGHT,6.1912,3202.2,239.868,95.956,749.56,34986.8,3.8224,3.2068,3.1439999999999984,2.9879999999999987,3.3999999999999986,4.364,26.956,22.056,492.4,-0.0044000000000000055,0.0,0.0044000000000000055
synthetic_telemetry,SYN_000945,94.5,STAGE_1_FLIGHT,6.191,3202.25,239.865,95.955,749.55,34986.5,3.822,3.2065,3.12,2.965,3.375,4.37,26.955,22.055,492.0,-0.0045000000000000005,0.0,0.0045000000000000005
synthetic_telemetry,SYN_000946,94.60000000000001,STAGE_1_FLIGHT,6.1908,3202.3,239.862,95.95400000000001,749.54,34986.2,3.8215999999999997,3.2062,3.095999999999998,2.9419999999999984,3.349999999999998,4.376,26.954,22.054000000000002,491.59999999999997,-0.004600000000000009,0.0,0.004600000000000009
synthetic_telemetry,SYN_000947,94.7,STAGE_1_FLIGHT,6.1906,3202.35,239.85899999999998,95.953,749.53,34985.9,3.8211999999999997,3.2059,3.071999999999999,2.9189999999999996,3.3249999999999993,4.382,26.953,22.053,491.2,-0.004700000000000003,0.0,0.004700000000000003
synthetic_telemetry,SYN_000948,94.80000000000001,STAGE_1_FLIGHT,6.1904,3202.4,239.856,95.952,749.52,34985.6,3.8207999999999998,3.2056,3.0479999999999974,2.8959999999999972,3.299999999999997,4.388000000000001,26.951999999999998,22.052,490.79999999999995,-0.004800000000000012,0.0,0.004800000000000012
synthetic_telemetry,SYN_000949,94.9,STAGE_1_FLIGHT,6.1902,3202.45,239.85299999999998,95.95100000000001,749.51,34985.3,3.8204,3.2053000000000003,3.0239999999999987,2.872999999999999,3.2749999999999986,4.394,26.951,22.051000000000002,490.4,-0.004900000000000006,0.0,0.004900000000000006
synthetic_telemetry,SYN_000950,95.0,STAGE_1_FLIGHT,6.1899999999999995,3202.5,239.85,95.95,749.5,34985.0,3.82,3.205,3.0,2.85,3.25,4.4,26.95,22.05,490.0,-0.005,0.0,0.005
synthetic_telemetry,SYN_000951,95.10000000000001,STAGE_1_FLIGHT,6.1898,3202.55,239.84699999999998,95.949,749.49,34984.7,3.8196,3.2047,2.975999999999998,2.826999999999998,3.224999999999998,4.406000000000001,26.948999999999998,22.049,489.59999999999997,-0.005100000000000009,0.0,0.005100000000000009
synthetic_telemetry,SYN_000952,95.2,STAGE_1_FLIGHT,6.1895999999999995,3202.6,239.844,95.94800000000001,749.48,34984.4,3.8192,3.2044,2.951999999999999,2.8039999999999994,3.1999999999999993,4.412,26.948,22.048000000000002,489.2,-0.005200000000000003,0.0,0.005200000000000003
synthetic_telemetry,SYN_000953,95.30000000000001,STAGE_1_FLIGHT,6.1894,3202.65,239.84099999999998,95.947,749.47,34984.1,3.8188,3.2041,2.9279999999999973,2.7809999999999975,3.174999999999997,4.418000000000001,26.947,22.047,488.79999999999995,-0.005300000000000011,0.0,0.005300000000000011
synthetic_telemetry,SYN_000954,95.4,STAGE_1_FLIGHT,6.1892,3202.7,239.838,95.946,749.46,34983.8,3.8184,3.2038,2.9039999999999986,2.757999999999999,3.1499999999999986,4.424,26.945999999999998,22.046,488.4,-0.0054000000000000055,0.0,0.0054000000000000055
synthetic_telemetry,SYN_000955,95.5,STAGE_1_FLIGHT,6.189,3202.75,239.83499999999998,95.94500000000001,749.45,34983.5,3.8179999999999996,3.2035,2.88,2.7350000000000003,3.125,4.43,26.945,22.045,488.0,-0.0055,0.0,0.0055
synthetic_telemetry,SYN_000956,95.60000000000001,STAGE_1_FLIGHT,6.1888,3202.8,239.832,95.944,749.44,34983.2,3.8175999999999997,3.2032,2.855999999999998,2.711999999999998,3.099999999999998,4.436000000000001,26.944,22.044,487.59999999999997,-0.005600000000000009,0.0,0.005600000000000009
synthetic_telemetry,SYN_000957,95.7,STAGE_1_FLIGHT,6.1886,3202.85,239.82899999999998,95.943,749.43,34982.9,3.8171999999999997,3.2029,2.831999999999999,2.688999999999999,3.0749999999999993,4.442,26.942999999999998,22.043,487.2,-0.005700000000000003,0.0,0.005700000000000003
synthetic_telemetry,SYN_000958,95.80000000000001,STAGE_1_FLIGHT,6.1884,3202.9,239.826,95.94200000000001,749.42,34982.6,3.8167999999999997,3.2026,2.807999999999997,2.6659999999999977,3.049999999999997,4.448,26.942,22.042,486.79999999999995,-0.005800000000000012,0.0,0.005800000000000012
synthetic_telemetry,SYN_000959,95.9,STAGE_1_FLIGHT,6.1882,3202.95,239.82299999999998,95.941,749.41,34982.3,3.8164,3.2023,2.7839999999999985,2.642999999999999,3.0249999999999986,4.454000000000001,26.941,22.041,486.4,-0.005900000000000006,0.0,0.005900000000000006
synthetic_telemetry,SYN_000960,96.0,STAGE_1_FLIGHT,6.188,3203.0,239.82,95.94,749.4,34982.0,3.816,3.202,2.76,2.62,3.0,4.46,26.939999999999998,22.04,486.0,-0.006,0.0,0.006
synthetic_telemetry,SYN_000961,96.10000000000001,STAGE_1_FLIGHT,6.1878,3203.05,239.81699999999998,95.93900000000001,749.39,34981.7,3.8156,3.2017,2.735999999999998,2.596999999999998,2.974999999999998,4.466,26.939,22.039,485.59999999999997,-0.006100000000000009,0.0,0.006100000000000009
synthetic_telemetry,SYN_000962,96.2,STAGE_1_FLIGHT,6.1876,3203.1,239.814,95.938,749.38,34981.4,3.8152,3.2014,2.7119999999999993,2.5739999999999994,2.9499999999999993,4.472,26.938,22.038,485.2,-0.006200000000000003,0.0,0.006200000000000003
synthetic_telemetry,SYN_000963,96.30000000000001,STAGE_1_FLIGHT,6.1874,3203.15,239.81099999999998,95.937,749.37,34981.1,3.8148,3.2011,2.687999999999997,2.5509999999999975,2.924999999999997,4.478000000000001,26.936999999999998,22.037,484.79999999999995,-0.006300000000000011,0.0,0.006300000000000011
synthetic_telemetry,SYN_000964,96.4,STAGE_1_FLIGHT,6.1872,3203.2,239.808,95.936,749.36,34980.8,3.8144,3.2008,2.663999999999999,2.5279999999999987,2.8999999999999986,4.484,26.936,22.036,484.4,-0.0064000000000000055,0.0,0.0064000000000000055
synthetic_telemetry,SYN_000965,96.5,STAGE_1_FLIGHT,6.187,3203.25,239.805,95.935,749.35,34980.5,3.814,3.2005,2.6399999999999997,2.505,2.875,4.49,26.935,22.035,484.0,-0.006500000000000001,0.0,0.006500000000000001
synthetic_telemetry,SYN_000966,96.60000000000001,STAGE_1_FLIGHT,6.1868,3203.3,239.802,95.934,749.34,34980.2,3.8135999999999997,3.2002,2.615999999999998,2.4819999999999984,2.849999999999998,4.496,26.933999999999997,22.034,483.59999999999997,-0.006600000000000009,0.0,0.006600000000000009
synthetic_telemetry,SYN_000967,96.7,STAGE_1_FLIGHT,6.186599999999999,3203.35,239.79899999999998,95.933,749.33,34979.9,3.8131999999999997,3.1999,2.591999999999999,2.4589999999999996,2.8249999999999993,4.502,26.933,22.033,483.2,-0.006700000000000003,0.0,0.006700000000000003
synthetic_telemetry,SYN_000968,96.80000000000001,STAGE_1_FLIGHT,6.1864,3203.4,239.796,95.932,749.32,34979.6,3.8127999999999997,3.1995999999999998,2.567999999999997,2.4359999999999973,2.799999999999997,4.508000000000001,26.932,22.032,482.79999999999995,-0.006800000000000012,0.0,0.006800000000000012
synthetic_telemetry,SYN_000969,96.9,STAGE_1_FLIGHT,6.1861999999999995,3203.45,239.79299999999998,95.931,749.31,34979.3,3.8124,3.1993,2.5439999999999987,2.412999999999999,2.7749999999999986,4.514,26.930999999999997,22.031,482.4,-0.006900000000000006,0.0,0.006900000000000006
synthetic_telemetry,SYN_000970,97.0,STAGE_1_FLIGHT,6.186,3203.5,239.79,95.93,749.3,34979.0,3.812,3.199,2.5199999999999996,2.39,2.75,4.52,26.93,22.03,482.0,-0.007,0.0,0.007
synthetic_telemetry,SYN_000971,97.10000000000001,STAGE_1_FLIGHT,6.1857999999999995,3203.55,239.78699999999998,95.929,749.29,34978.7,3.8116,3.1987,2.4959999999999978,2.366999999999998,2.724999999999998,4.526000000000001,26.929,22.029,481.59999999999997,-0.007100000000000009,0.0,0.007100000000000009
synthetic_telemetry,SYN_000972,97.2,STAGE_1_FLIGHT,6.1856,3203.6,239.784,95.928,749.28,34978.4,3.8112,3.1984,2.471999999999999,2.3439999999999994,2.6999999999999993,4.532,26.927999999999997,22.028,481.2,-0.007200000000000003,0.0,0.007200000000000003
synthetic_telemetry,SYN_000973,97.30000000000001,STAGE_1_FLIGHT,6.1854,3203.65,239.78099999999998,95.927,749.27,34978.1,3.8108,3.1981,2.447999999999997,2.3209999999999975,2.674999999999997,4.538,26.927,22.027,480.79999999999995,-0.007300000000000011,0.0,0.007300000000000011
synthetic_telemetry,SYN_000974,97.4,STAGE_1_FLIGHT,6.1852,3203.7,239.778,95.926,749.26,34977.8,3.8104,3.1978,2.4239999999999986,2.297999999999999,2.6499999999999986,4.5440000000000005,26.926,22.026,480.4,-0.0074000000000000055,0.0,0.0074000000000000055
synthetic_telemetry,SYN_000975,97.5,STAGE_1_FLIGHT,6.185,3203.75,239.77499999999998,95.92500000000001,749.25,34977.5,3.8099999999999996,3.1975,2.4,2.2750000000000004,2.625,4.55,26.924999999999997,22.025,480.0,-0.0075,0.0,0.0075
synthetic_telemetry,SYN_000976,97.60000000000001,STAGE_1_FLIGHT,6.1848,3203.8,239.772,95.924,749.24,34977.2,3.8095999999999997,3.1972,2.3759999999999977,2.251999999999998,2.599999999999998,4.556000000000001,26.924,22.024,479.59999999999997,-0.007600000000000009,0.0,0.007600000000000009
synthetic_telemetry,SYN_000977,97.7,STAGE_1_FLIGHT,6.1846,3203.85,239.76899999999998,95.923,749.23,34976.9,3.8091999999999997,3.1969,2.3519999999999994,2.228999999999999,2.5749999999999993,4.562,26.923,22.023,479.2,-0.007700000000000003,0.0,0.007700000000000003
synthetic_telemetry,SYN_000978,97.80000000000001,STAGE_1_FLIGHT,6.1844,3203.9,239.766,95.92200000000001,749.22,34976.6,3.8087999999999997,3.1966,2.327999999999997,2.2059999999999977,2.549999999999997,4.5680000000000005,26.921999999999997,22.022,478.79999999999995,-0.007800000000000012,0.0,0.007800000000000012
synthetic_telemetry,SYN_000979,97.9,STAGE_1_FLIGHT,6.1842,3203.95,239.76299999999998,95.921,749.21,34976.3,3.8084,3.1963,2.3039999999999985,2.182999999999999,2.5249999999999986,4.574000000000001,26.921,22.021,478.4,-0.007900000000000006,0.0,0.007900000000000006
synthetic_telemetry,SYN_000980,98.0,STAGE_1_FLIGHT,6.184,3204.0,239.76,95.92,749.2,34976.0,3.808,3.196,2.28,2.16,2.5,4.58,26.919999999999998,22.02,478.0,-0.008,0.0,0.008
synthetic_telemetry,SYN_000981,98.10000000000001,STAGE_1_FLIGHT,6.1838,3204.05,239.75699999999998,95.91900000000001,749.19,34975.7,3.8076,3.1957,2.2559999999999976,2.1369999999999982,2.474999999999998,4.586,26.919,22.019000000000002,477.59999999999997,-0.008100000000000008,0.0,0.008100000000000008
synthetic_telemetry,SYN_000982,98.2,STAGE_1_FLIGHT,6.1836,3204.1,239.754,95.918,749.18,34975.4,3.8072,3.1954,2.2319999999999993,2.1139999999999994,2.4499999999999993,4.5920000000000005,26.918,22.018,477.2,-0.008200000000000002,0.0,0.008200000000000002
synthetic_telemetry,SYN_000983,98.30000000000001,STAGE_1_FLIGHT,6.1834,3204.15,239.75099999999998,95.917,749.17,34975.1,3.8068,3.1951,2.207999999999997,2.0909999999999975,2.424999999999997,4.598000000000001,26.916999999999998,22.017,476.79999999999995,-0.008300000000000012,0.0,0.008300000000000012
synthetic_telemetry,SYN_000984,98.4,STAGE_1_FLIGHT,6.183199999999999,3204.2,239.748,95.91600000000001,749.16,34974.8,3.8064,3.1948,2.1839999999999984,2.0679999999999987,2.3999999999999986,4.604,26.916,22.016000000000002,476.4,-0.008400000000000006,0.0,0.008400000000000006
synthetic_telemetry,SYN_000985,98.5,STAGE_1_FLIGHT,6.183,3204.25,239.745,95.915,749.15,34974.5,3.806,3.1945,2.1599999999999997,2.045,2.375,4.61,26.915,22.015,476.0,-0.0085,0.0,0.0085
synthetic_telemetry,SYN_000986,98.60000000000001,STAGE_1_FLIGHT,6.182799999999999,3204.3,239.742,95.914,749.14,34974.2,3.8055999999999996,3.1942,2.135999999999998,2.0219999999999985,2.349999999999998,4.6160000000000005,26.913999999999998,22.014,475.59999999999997,-0.008600000000000009,0.0,0.008600000000000009
synthetic_telemetry,SYN_000987,98.7,STAGE_1_FLIGHT,6.1826,3204.35,239.73899999999998,95.91300000000001,749.13,34973.9,3.8051999999999997,3.1939,2.111999999999999,1.9989999999999997,2.3249999999999993,4.622,26.913,22.013,475.2,-0.008700000000000003,0.0,0.008700000000000003
synthetic_telemetry,SYN_000988,98.80000000000001,STAGE_1_FLIGHT,6.1823999999999995,3204.4,239.736,95.912,749.12,34973.6,3.8047999999999997,3.1936,2.087999999999997,1.9759999999999978,2.299999999999997,4.628000000000001,26.912,22.012,474.79999999999995,-0.008800000000000011,0.0,0.008800000000000011
synthetic_telemetry,SYN_000989,98.9,STAGE_1_FLIGHT,6.1822,3204.45,239.73299999999998,95.911,749.11,34973.3,3.8044,3.1933,2.0639999999999983,1.952999999999999,2.2749999999999986,4.634,26.910999999999998,22.011,474.4,-0.008900000000000005,0.0,0.008900000000000005
synthetic_telemetry,SYN_000990,99.0,STAGE_1_FLIGHT,6.1819999999999995,3204.5,239.73,95.91000000000001,749.1,34973.0,3.804,3.193,2.0399999999999996,1.9300000000000002,2.25,4.640000000000001,26.91,22.01,474.0,-0.009000000000000001,0.0,0.009000000000000001
synthetic_telemetry,SYN_000991,99.10000000000001,STAGE_1_FLIGHT,6.1818,3204.55,239.72699999999998,95.909,749.09,34972.7,3.8036,3.1927,2.015999999999998,1.9069999999999983,2.224999999999998,4.646000000000001,26.909,22.009,473.59999999999997,-0.009100000000000009,0.0,0.009100000000000009
synthetic_telemetry,SYN_000992,99.2,STAGE_1_FLIGHT,6.1815999999999995,3204.6,239.724,95.908,749.08,34972.4,3.8032,3.1924,1.991999999999999,1.8839999999999995,2.1999999999999993,4.652,26.907999999999998,22.008,473.2,-0.009200000000000003,0.0,0.009200000000000003
synthetic_telemetry,SYN_000993,99.30000000000001,STAGE_1_FLIGHT,6.1814,3204.65,239.72099999999998,95.90700000000001,749.07,34972.1,3.8028,3.1921,1.9679999999999969,1.8609999999999975,2.174999999999997,4.658000000000001,26.907,22.007,472.79999999999995,-0.009300000000000011,0.0,0.009300000000000011
synthetic_telemetry,SYN_000994,99.4,STAGE_1_FLIGHT,6.1812,3204.7,239.718,95.906,749.06,34971.8,3.8024,3.1917999999999997,1.9439999999999982,1.8379999999999987,2.1499999999999986,4.664000000000001,26.906,22.006,472.4,-0.009400000000000006,0.0,0.009400000000000006
synthetic_telemetry,SYN_000995,99.5,STAGE_1_FLIGHT,6.181,3204.75,239.71499999999997,95.905,749.05,34971.5,3.8019999999999996,3.1915,1.92,1.8150000000000004,2.125,4.67,26.904999999999998,22.005,472.0,-0.0095,0.0,0.0095
synthetic_telemetry,SYN_000996,99.60000000000001,STAGE_1_FLIGHT,6.1808,3204.8,239.712,95.90400000000001,749.04,34971.2,3.8015999999999996,3.1912,1.8959999999999977,1.791999999999998,2.099999999999998,4.676000000000001,26.904,22.004,471.59999999999997,-0.00960000000000001,0.0,0.00960000000000001
synthetic_telemetry,SYN_000997,99.7,STAGE_1_FLIGHT,6.1806,3204.85,239.70899999999997,95.903,749.03,34970.9,3.8011999999999997,3.1909,1.871999999999999,1.7689999999999997,2.0749999999999993,4.682,26.903,22.003,471.2,-0.009700000000000004,0.0,0.009700000000000004
synthetic_telemetry,SYN_000998,99.80000000000001,STAGE_1_FLIGHT,6.1804,3204.9,239.706,95.902,749.02,34970.6,3.8007999999999997,3.1906,1.8479999999999972,1.7459999999999978,2.049999999999997,4.688000000000001,26.901999999999997,22.002,470.79999999999995,-0.009800000000000012,0.0,0.009800000000000012
synthetic_telemetry,SYN_000999,99.9,STAGE_1_FLIGHT,6.1802,3204.95,239.70299999999997,95.90100000000001,749.01,34970.3,3.8004,3.1903,1.8239999999999985,1.722999999999999,2.0249999999999986,4.694000000000001,26.901,22.001,470.4,-0.009900000000000006,0.0,0.009900000000000006
synthetic_telemetry,SYN_001000,100.0,STAGE_1_FLIGHT,6.18,3205.0,239.7,95.9,749.0,34970.0,3.8,3.19,1.8,1.7,2.0,4.7,26.9,22.0,470.0,-0.01,0.0,0.01
synthetic_telemetry,SYN_001001,100.10000000000001,STAGE_1_FLIGHT,6.1804,3204.9,239.706,95.902,749.022,34970.6,3.7996,3.1896999999999998,1.7939999999999996,1.6939999999999995,1.9929999999999994,4.705000000000001,26.898999999999997,22.002,469.7,-0.009799999999999982,-0.00010000000000000853,0.009899999999999992
synthetic_telemetry,SYN_001002,100.2,STAGE_1_FLIGHT,6.1808,3204.8,239.712,95.90400000000001,749.044,34971.2,3.7992,3.1894,1.7879999999999998,1.6879999999999997,1.9859999999999998,4.71,26.898,22.004,469.4,-0.009599999999999994,-0.00020000000000000286,0.009799999999999998
synthetic_telemetry,SYN_001003,100.30000000000001,STAGE_1_FLIGHT,6.1812,3204.7,239.718,95.906,749.066,34971.8,3.7988,3.1891,1.7819999999999994,1.6819999999999993,1.9789999999999992,4.715000000000001,26.897,22.006,469.09999999999997,-0.009399999999999978,-0.00030000000000001136,0.009699999999999988
synthetic_telemetry,SYN_001004,100.4,STAGE_1_FLIGHT,6.1815999999999995,3204.6,239.724,95.908,749.088,34972.4,3.7984,3.1888,1.7759999999999998,1.6759999999999997,1.9719999999999995,4.720000000000001,26.895999999999997,22.008,468.79999999999995,-0.00919999999999999,-0.0004000000000000057,0.009599999999999994
synthetic_telemetry,SYN_001005,100.5,STAGE_1_FLIGHT,6.1819999999999995,3204.5,239.73,95.91000000000001,749.11,34973.0,3.798,3.1885,1.77,1.67,1.965,4.7250000000000005,26.895,22.01,468.5,-0.009000000000000001,-0.0005,0.0095
synthetic_telemetry,SYN_001006,100.60000000000001,STAGE_1_FLIGHT,6.1823999999999995,3204.4,239.736,95.912,749.132,34973.6,3.7975999999999996,3.1882,1.7639999999999996,1.6639999999999995,1.9579999999999993,4.73,26.894,22.012,468.2,-0.008799999999999983,-0.0006000000000000085,0.009399999999999992
synthetic_telemetry,SYN_001007,100.7,STAGE_1_FLIGHT,6.182799999999999,3204.3,239.742,95.914,749.154,34974.2,3.7971999999999997,3.1879,1.7579999999999998,1.6579999999999997,1.9509999999999998,4.735,26.892999999999997,22.014,467.9,-0.008599999999999995,-0.0007000000000000028,0.009299999999999998
synthetic_telemetry,SYN_001008,100.80000000000001,STAGE_1_FLIGHT,6.183199999999999,3204.2,239.748,95.91600000000001,749.176,34974.8,3.7967999999999997,3.1875999999999998,1.7519999999999993,1.6519999999999992,1.9439999999999993,4.740000000000001,26.892,22.016000000000002,467.59999999999997,-0.008399999999999977,-0.0008000000000000114,0.00919999999999999
synthetic_telemetry,SYN_001009,100.9,STAGE_1_FLIGHT,6.183599999999999,3204.1,239.754,95.918,749.198,34975.4,3.7963999999999998,3.1873,1.7459999999999998,1.6459999999999997,1.9369999999999996,4.745,26.891,22.018,467.29999999999995,-0.008199999999999989,-0.0009000000000000057,0.009099999999999995
synthetic_telemetry,SYN_001010,101.0,STAGE_1_FLIGHT,6.183999999999999,3204.0,239.76,95.92,749.22,34976.0,3.796,3.187,1.74,1.64,1.93,4.75,26.89,22.02,467.0,-0.008,-0.001,0.009000000000000001
synthetic_telemetry,SYN_001011,101.10000000000001,STAGE_1_FLIGHT,6.1844,3203.9,239.766,95.92200000000001,749.242,34976.6,3.7956,3.1867,1.7339999999999995,1.6339999999999995,1.9229999999999994,4.755000000000001,26.889,22.022,466.7,-0.007799999999999983,-0.0011000000000000085,0.008899999999999991
synthetic_telemetry,SYN_001012,101.2,STAGE_1_FLIGHT,6.1848,3203.8,239.772,95.924,749.264,34977.2,3.7952,3.1864,1.7279999999999998,1.628,1.916,4.760000000000001,26.887999999999998,22.024,466.4,-0.007599999999999994,-0.001200000000000003,0.008799999999999997
synthetic_telemetry,SYN_001013,101.30000000000001,STAGE_1_FLIGHT,6.1852,3203.7,239.778,95.926,749.2860000000001,34977.8,3.7948,3.1861,1.7219999999999993,1.6219999999999992,1.9089999999999991,4.765000000000001,26.887,22.026,466.09999999999997,-0.007399999999999978,-0.0013000000000000114,0.008699999999999989
synthetic_telemetry,SYN_001014,101.4,STAGE_1_FLIGHT,6.1856,3203.6,239.784,95.928,749.308,34978.4,3.7944,3.1858,1.7159999999999997,1.6159999999999997,1.9019999999999997,4.7700000000000005,26.886,22.028,465.79999999999995,-0.007199999999999989,-0.0014000000000000056,0.008599999999999995
synthetic_telemetry,SYN_001015,101.5,STAGE_1_FLIGHT,6.186,3203.5,239.79,95.93,749.33,34979.0,3.7939999999999996,3.1854999999999998,1.71,1.6099999999999999,1.895,4.775,26.884999999999998,22.03,465.5,-0.007,-0.0015,0.0085
synthetic_telemetry,SYN_001016,101.60000000000001,STAGE_1_FLIGHT,6.1864,3203.4,239.796,95.932,749.352,34979.6,3.7935999999999996,3.1852,1.7039999999999995,1.6039999999999994,1.8879999999999995,4.78,26.884,22.032,465.2,-0.006799999999999983,-0.0016000000000000085,0.00839999999999999
synthetic_telemetry,SYN_001017,101.7,STAGE_1_FLIGHT,6.1868,3203.3,239.802,95.934,749.374,34980.2,3.7931999999999997,3.1849,1.698,1.5979999999999999,1.8809999999999998,4.785,26.883,22.034,464.9,-0.006599999999999995,-0.001700000000000003,0.008299999999999997
synthetic_telemetry,SYN_001018,101.80000000000001,STAGE_1_FLIGHT,6.1872,3203.2,239.808,95.936,749.396,34980.8,3.7927999999999997,3.1846,1.6919999999999993,1.5919999999999992,1.8739999999999992,4.790000000000001,26.881999999999998,22.036,464.59999999999997,-0.006399999999999977,-0.0018000000000000114,0.008199999999999989
synthetic_telemetry,SYN_001019,101.9,STAGE_1_FLIGHT,6.1876,3203.1,239.814,95.938,749.418,34981.4,3.7923999999999998,3.1843,1.6859999999999997,1.5859999999999996,1.8669999999999995,4.795000000000001,26.881,22.038,464.29999999999995,-0.0061999999999999885,-0.0019000000000000056,0.008099999999999994
synthetic_telemetry,SYN_001020,102.0,STAGE_1_FLIGHT,6.188,3203.0,239.82,95.94,749.44,34982.0,3.792,3.184,1.68,1.58,1.86,4.8,26.88,22.04,464.0,-0.006,-0.002,0.008
synthetic_telemetry,SYN_001021,102.10000000000001,STAGE_1_FLIGHT,6.1884,3202.9,239.826,95.94200000000001,749.462,34982.6,3.7916,3.1837,1.6739999999999995,1.5739999999999994,1.8529999999999993,4.805000000000001,26.878999999999998,22.042,463.7,-0.005799999999999983,-0.0021000000000000085,0.007899999999999992
synthetic_telemetry,SYN_001022,102.2,STAGE_1_FLIGHT,6.1888,3202.8,239.832,95.944,749.484,34983.2,3.7912,3.1834,1.668,1.5679999999999998,1.8459999999999999,4.8100000000000005,26.878,22.044,463.4,-0.005599999999999995,-0.0022000000000000027,0.007799999999999998
synthetic_telemetry,SYN_001023,102.30000000000001,STAGE_1_FLIGHT,6.1892,3202.7,239.838,95.946,749.506,34983.8,3.7908,3.1831,1.6619999999999993,1.5619999999999994,1.8389999999999993,4.815,26.877,22.046,463.09999999999997,-0.005399999999999978,-0.0023000000000000112,0.007699999999999989
synthetic_telemetry,SYN_001024,102.4,STAGE_1_FLIGHT,6.1895999999999995,3202.6,239.844,95.94800000000001,749.528,34984.4,3.7904,3.1828,1.6559999999999997,1.5559999999999996,1.8319999999999996,4.82,26.875999999999998,22.048,462.79999999999995,-0.0051999999999999885,-0.002400000000000006,0.007599999999999994
synthetic_telemetry,SYN_001025,102.5,STAGE_1_FLIGHT,6.1899999999999995,3202.5,239.85,95.95,749.55,34985.0,3.79,3.1825,1.65,1.55,1.825,4.825,26.875,22.05,462.5,-0.005,-0.0025,0.0075
synthetic_telemetry,SYN_001026,102.60000000000001,STAGE_1_FLIGHT,6.1903999999999995,3202.4,239.856,95.952,749.572,34985.6,3.7895999999999996,3.1822,1.6439999999999995,1.5439999999999996,1.8179999999999994,4.830000000000001,26.874,22.052,462.2,-0.004799999999999983,-0.0026000000000000086,0.007399999999999992
synthetic_telemetry,SYN_001027,102.7,STAGE_1_FLIGHT,6.190799999999999,3202.3,239.862,95.95400000000001,749.594,34986.2,3.7891999999999997,3.1819,1.638,1.5379999999999998,1.811,4.835,26.872999999999998,22.054,461.9,-0.004599999999999995,-0.0027000000000000027,0.0072999999999999975
synthetic_telemetry,SYN_001028,102.80000000000001,STAGE_1_FLIGHT,6.191199999999999,3202.2,239.868,95.956,749.616,34986.8,3.7887999999999997,3.1816,1.6319999999999992,1.5319999999999994,1.8039999999999992,4.840000000000001,26.872,22.056,461.59999999999997,-0.004399999999999978,-0.0028000000000000112,0.007199999999999989
synthetic_telemetry,SYN_001029,102.9,STAGE_1_FLIGHT,6.191599999999999,3202.1,239.874,95.958,749.638,34987.4,3.7883999999999998,3.1813,1.6259999999999997,1.5259999999999996,1.7969999999999997,4.845000000000001,26.871,22.058,461.29999999999995,-0.0041999999999999885,-0.002900000000000006,0.007099999999999994
synthetic_telemetry,SYN_001030,103.0,STAGE_1_FLIGHT,6.192,3202.0,239.88,95.96000000000001,749.66,34988.0,3.788,3.181,1.62,1.52,1.79,4.8500000000000005,26.869999999999997,22.06,461.0,-0.004,-0.003,0.007
synthetic_telemetry,SYN_001031,103.10000000000001,STAGE_1_FLIGHT,6.1924,3201.9,239.886,95.962,749.682,34988.6,3.7876,3.1807,1.6139999999999994,1.5139999999999996,1.7829999999999995,4.855,26.869,22.062,460.7,-0.003799999999999983,-0.0031000000000000086,0.006899999999999991
synthetic_telemetry,SYN_001032,103.2,STAGE_1_FLIGHT,6.1928,3201.8,239.892,95.964,749.7040000000001,34989.2,3.7872,3.1804,1.6079999999999999,1.5079999999999998,1.7759999999999998,4.86,26.868,22.064,460.4,-0.0035999999999999947,-0.0032000000000000028,0.006799999999999997
synthetic_telemetry,SYN_001033,103.30000000000001,STAGE_1_FLIGHT,6.1932,3201.7,239.898,95.96600000000001,749.726,34989.8,3.7868,3.1801,1.6019999999999994,1.5019999999999993,1.7689999999999992,4.865000000000001,26.867,22.066,460.09999999999997,-0.0033999999999999777,-0.0033000000000000113,0.006699999999999989
synthetic_telemetry,SYN_001034,103.4,STAGE_1_FLIGHT,6.1936,3201.6,239.904,95.968,749.748,34990.4,3.7864,3.1798,1.5959999999999996,1.4959999999999996,1.7619999999999996,4.87,26.866,22.068,459.79999999999995,-0.0031999999999999884,-0.003400000000000006,0.006599999999999995
synthetic_telemetry,SYN_001035,103.5,STAGE_1_FLIGHT,6.194,3201.5,239.91,95.97,749.77,34991.0,3.7859999999999996,3.1795,1.59,1.49,1.7550000000000001,4.875,26.865,22.07,459.5,-0.003,-0.0035,0.006500000000000001
synthetic_telemetry,SYN_001036,103.60000000000001,STAGE_1_FLIGHT,6.1944,3201.4,239.916,95.97200000000001,749.792,34991.6,3.7855999999999996,3.1792,1.5839999999999994,1.4839999999999995,1.7479999999999993,4.880000000000001,26.864,22.072,459.2,-0.002799999999999983,-0.0036000000000000086,0.006399999999999992
synthetic_telemetry,SYN_001037,103.7,STAGE_1_FLIGHT,6.1948,3201.3,239.922,95.974,749.814,34992.2,3.7851999999999997,3.1789,1.5779999999999998,1.4779999999999998,1.7409999999999999,4.885000000000001,26.863,22.073999999999998,458.9,-0.0025999999999999947,-0.0037000000000000028,0.0062999999999999974
synthetic_telemetry,SYN_001038,103.80000000000001,STAGE_1_FLIGHT,6.1952,3201.2,239.928,95.976,749.836,34992.8,3.7847999999999997,3.1786,1.5719999999999994,1.4719999999999993,1.733999999999999,4.890000000000001,26.862,22.076,458.59999999999997,-0.0023999999999999777,-0.0038000000000000113,0.0061999999999999885
synthetic_telemetry,SYN_001039,103.9,STAGE_1_FLIGHT,6.1956,3201.1,239.934,95.978,749.8580000000001,34993.4,3.7843999999999998,3.1783,1.5659999999999996,1.4659999999999997,1.7269999999999996,4.8950000000000005,26.861,22.078,458.29999999999995,-0.0021999999999999884,-0.003900000000000006,0.006099999999999994
synthetic_telemetry,SYN_001040,104.0,STAGE_1_FLIGHT,6.196,3201.0,239.94,95.98,749.88,34994.0,3.784,3.178,1.56,1.46,1.72,4.9,26.86,22.08,458.0,-0.002,-0.004,0.006
synthetic_telemetry,SYN_001041,104.10000000000001,STAGE_1_FLIGHT,6.1964,3200.9,239.946,95.982,749.902,34994.6,3.7836,3.1777,1.5539999999999994,1.4539999999999995,1.7129999999999994,4.905,26.858999999999998,22.082,457.7,-0.0017999999999999822,-0.004100000000000009,0.005899999999999991
synthetic_telemetry,SYN_001042,104.2,STAGE_1_FLIGHT,6.1968,3200.8,239.952,95.984,749.924,34995.2,3.7832,3.1774,1.5479999999999998,1.448,1.706,4.91,26.858,22.084,457.4,-0.0015999999999999938,-0.004200000000000003,0.005799999999999997
synthetic_telemetry,SYN_001043,104.30000000000001,STAGE_1_FLIGHT,6.1972,3200.7,239.958,95.986,749.946,34995.8,3.7828,3.1771,1.5419999999999994,1.4419999999999993,1.6989999999999992,4.915000000000001,26.857,22.086,457.09999999999997,-0.0013999999999999777,-0.004300000000000011,0.005699999999999989
synthetic_telemetry,SYN_001044,104.4,STAGE_1_FLIGHT,6.1975999999999996,3200.6,239.964,95.988,749.9680000000001,34996.4,3.7824,3.1768,1.5359999999999996,1.4359999999999997,1.6919999999999997,4.920000000000001,26.855999999999998,22.088,456.79999999999995,-0.0011999999999999893,-0.0044000000000000055,0.005599999999999995
synthetic_telemetry,SYN_001045,104.5,STAGE_1_FLIGHT,6.1979999999999995,3200.5,239.97,95.99,749.99,34997.0,3.782,3.1765,1.53,1.4300000000000002,1.685,4.925,26.855,22.09,456.5,-0.0009999999999999992,-0.0045000000000000005,0.0055
synthetic_telemetry,SYN_001046,104.60000000000001,STAGE_1_FLIGHT,6.1983999999999995,3200.4,239.976,95.992,750.0120000000001,34997.6,3.7815999999999996,3.1762,1.5239999999999996,1.4239999999999995,1.6779999999999995,4.930000000000001,26.854,22.092,456.2,-0.000799999999999983,-0.004600000000000009,0.005399999999999992
synthetic_telemetry,SYN_001047,104.7,STAGE_1_FLIGHT,6.198799999999999,3200.3,239.982,95.994,750.034,34998.2,3.7811999999999997,3.1759,1.5179999999999998,1.418,1.6709999999999998,4.9350000000000005,26.852999999999998,22.094,455.9,-0.0005999999999999946,-0.004700000000000003,0.005299999999999997
synthetic_telemetry,SYN_001048,104.80000000000001,STAGE_1_FLIGHT,6.199199999999999,3200.2,239.988,95.996,750.056,34998.8,3.7807999999999997,3.1756,1.5119999999999993,1.4119999999999995,1.6639999999999993,4.94,26.852,22.096,455.59999999999997,-0.00039999999999997676,-0.004800000000000012,0.0051999999999999885
synthetic_telemetry,SYN_001049,104.9,STAGE_1_FLIGHT,6.199599999999999,3200.1,239.994,95.998,750.078,34999.4,3.7803999999999998,3.1753,1.5059999999999998,1.4059999999999997,1.6569999999999996,4.945,26.851,22.098,455.29999999999995,-0.00019999999999998838,-0.004900000000000006,0.005099999999999994
synthetic_telemetry,SYN_001050,105.0,STAGE_1_FLIGHT,6.199999999999999,3200.0,240.0,96.0,750.1,35000.0,3.78,3.175,1.5,1.4,1.65,4.95,26.85,22.1,455.0,0.0,-0.005,0.005
synthetic_telemetry,SYN_001051,105.10000000000001,STAGE_1_FLIGHT,6.2004,3199.9,240.006,96.002,750.1220000000001,35000.6,3.7796,3.1747,1.4939999999999996,1.3939999999999995,1.6429999999999993,4.955000000000001,26.849,22.102,454.7,0.00020000000000001787,-0.005100000000000009,0.004899999999999991
synthetic_telemetry,SYN_001052,105.2,STAGE_1_FLIGHT,6.2008,3199.8,240.012,96.004,750.144,35001.2,3.7792,3.1744,1.4879999999999998,1.388,1.636,4.96,26.848,22.104,454.4,0.00040000000000000625,-0.005200000000000003,0.004799999999999997
synthetic_telemetry,SYN_001053,105.30000000000001,STAGE_1_FLIGHT,6.2012,3199.7,240.018,96.006,750.166,35001.8,3.7788,3.1741,1.4819999999999993,1.3819999999999992,1.6289999999999991,4.965000000000001,26.847,22.105999999999998,454.09999999999997,0.0006000000000000224,-0.005300000000000011,0.004699999999999989
synthetic_telemetry,SYN_001054,105.4,STAGE_1_FLIGHT,6.2016,3199.6,240.024,96.008,750.188,35002.4,3.7784,3.1738,1.4759999999999995,1.3759999999999997,1.6219999999999997,4.970000000000001,26.846,22.108,453.79999999999995,0.0008000000000000108,-0.0054000000000000055,0.004599999999999995
synthetic_telemetry,SYN_001055,105.5,STAGE_1_FLIGHT,6.202,3199.5,240.03,96.01,750.21,35003.0,3.7779999999999996,3.1735,1.47,1.37,1.615,4.9750000000000005,26.845,22.11,453.5,0.0009999999999999992,-0.0055,0.0045000000000000005
synthetic_telemetry,SYN_001056,105.60000000000001,STAGE_1_FLIGHT,6.2024,3199.4,240.036,96.012,750.232,35003.6,3.7775999999999996,3.1732,1.4639999999999995,1.3639999999999994,1.6079999999999994,4.98,26.844,22.112,453.2,0.001200000000000017,-0.005600000000000009,0.004399999999999992
synthetic_telemetry,SYN_001057,105.7,STAGE_1_FLIGHT,6.2028,3199.3,240.042,96.014,750.254,35004.2,3.7771999999999997,3.1729,1.4579999999999997,1.3579999999999999,1.601,4.985,26.843,22.114,452.9,0.0014000000000000054,-0.005700000000000003,0.004299999999999997
synthetic_telemetry,SYN_001058,105.80000000000001,STAGE_1_FLIGHT,6.2032,3199.2,240.048,96.016,750.2760000000001,35004.8,3.7767999999999997,3.1726,1.4519999999999993,1.3519999999999994,1.5939999999999992,4.990000000000001,26.842,22.116,452.59999999999997,0.0016000000000000233,-0.005800000000000012,0.0041999999999999885
synthetic_telemetry,SYN_001059,105.9,STAGE_1_FLIGHT,6.2036,3199.1,240.054,96.018,750.298,35005.4,3.7763999999999998,3.1723,1.4459999999999997,1.3459999999999996,1.5869999999999997,4.995,26.841,22.118,452.29999999999995,0.0018000000000000117,-0.005900000000000006,0.004099999999999994
synthetic_telemetry,SYN_001060,106.0,STAGE_1_FLIGHT,6.204,3199.0,240.06,96.02,750.32,35006.0,3.776,3.172,1.44,1.34,1.58,5.0,26.84,22.12,452.0,0.002,-0.006,0.004
synthetic_telemetry,SYN_001061,106.10000000000001,STAGE_1_FLIGHT,6.2044,3198.9,240.066,96.022,750.342,35006.6,3.7756,3.1717,1.4339999999999995,1.3339999999999996,1.5729999999999995,5.005000000000001,26.839,22.122,451.7,0.002200000000000018,-0.006100000000000009,0.003899999999999991
synthetic_telemetry,SYN_001062,106.2,STAGE_1_FLIGHT,6.2048,3198.8,240.072,96.024,750.364,35007.2,3.7752,3.1714,1.428,1.3279999999999998,1.5659999999999998,5.010000000000001,26.838,22.124,451.4,0.0024000000000000063,-0.006200000000000003,0.003799999999999997
synthetic_telemetry,SYN_001063,106.30000000000001,STAGE_1_FLIGHT,6.2052,3198.7,240.078,96.026,750.3860000000001,35007.8,3.7748,3.1711,1.4219999999999993,1.3219999999999994,1.5589999999999993,5.015000000000001,26.837,22.126,451.09999999999997,0.0026000000000000224,-0.006300000000000011,0.003699999999999989
synthetic_telemetry,SYN_001064,106.4,STAGE_1_FLIGHT,6.2056,3198.6,240.084,96.02799999999999,750.408,35008.4,3.7744,3.1708,1.4159999999999997,1.3159999999999998,1.5519999999999996,5.0200000000000005,26.836,22.128,450.79999999999995,0.002800000000000011,-0.0064000000000000055,0.0035999999999999947
synthetic_telemetry,SYN_001065,106.5,STAGE_1_FLIGHT,6.2059999999999995,3198.5,240.09,96.03,750.4300000000001,35009.0,3.774,3.1705,1.41,1.31,1.545,5.025,26.835,22.13,450.5,0.003000000000000001,-0.006500000000000001,0.0034999999999999996
synthetic_telemetry,SYN_001066,106.60000000000001,STAGE_1_FLIGHT,6.2063999999999995,3198.4,240.096,96.032,750.452,35009.6,3.7735999999999996,3.1702,1.4039999999999995,1.3039999999999996,1.5379999999999994,5.03,26.834,22.132,450.2,0.003200000000000017,-0.006600000000000009,0.0033999999999999916
synthetic_telemetry,SYN_001067,106.7,STAGE_1_FLIGHT,6.206799999999999,3198.3,240.102,96.03399999999999,750.474,35010.2,3.7731999999999997,3.1699,1.3979999999999997,1.2979999999999998,1.531,5.035,26.833,22.134,449.9,0.0034000000000000054,-0.006700000000000003,0.0032999999999999974
synthetic_telemetry,SYN_001068,106.80000000000001,STAGE_1_FLIGHT,6.207199999999999,3198.2,240.108,96.036,750.496,35010.8,3.7727999999999997,3.1696,1.3919999999999992,1.2919999999999994,1.5239999999999991,5.040000000000001,26.832,22.136,449.59999999999997,0.0036000000000000233,-0.006800000000000012,0.0031999999999999884
synthetic_telemetry,SYN_001069,106.9,STAGE_1_FLIGHT,6.207599999999999,3198.1,240.114,96.038,750.518,35011.4,3.7723999999999998,3.1693000000000002,1.3859999999999997,1.2859999999999996,1.5169999999999997,5.045000000000001,26.831,22.137999999999998,449.29999999999995,0.0038000000000000117,-0.006900000000000006,0.0030999999999999943
synthetic_telemetry,SYN_001070,107.0,STAGE_1_FLIGHT,6.208,3198.0,240.12,96.03999999999999,750.5400000000001,35012.0,3.772,3.169,1.38,1.28,1.51,5.05,26.83,22.14,449.0,0.004,-0.007,0.003
synthetic_telemetry,SYN_001071,107.10000000000001,STAGE_1_FLIGHT,6.2084,3197.9,240.126,96.042,750.562,35012.6,3.7716,3.1687,1.3739999999999994,1.2739999999999996,1.5029999999999994,5.055000000000001,26.829,22.142,448.7,0.004200000000000018,-0.007100000000000009,0.002899999999999991
synthetic_telemetry,SYN_001072,107.2,STAGE_1_FLIGHT,6.2088,3197.8,240.132,96.044,750.5840000000001,35013.2,3.7712,3.1684,1.3679999999999999,1.2679999999999998,1.496,5.0600000000000005,26.828,22.144,448.4,0.004400000000000006,-0.007200000000000003,0.002799999999999997
synthetic_telemetry,SYN_001073,107.30000000000001,STAGE_1_FLIGHT,6.2092,3197.7,240.138,96.04599999999999,750.606,35013.8,3.7708,3.1681,1.3619999999999992,1.2619999999999993,1.4889999999999992,5.065,26.827,22.146,448.09999999999997,0.0046000000000000225,-0.007300000000000011,0.002699999999999989
synthetic_telemetry,SYN_001074,107.4,STAGE_1_FLIGHT,6.2096,3197.6,240.144,96.048,750.628,35014.4,3.7704,3.1678,1.3559999999999997,1.2559999999999998,1.4819999999999998,5.07,26.826,22.148,447.79999999999995,0.004800000000000011,-0.0074000000000000055,0.0025999999999999947
synthetic_telemetry,SYN_001075,107.5,STAGE_1_FLIGHT,6.21,3197.5,240.15,96.05,750.6500000000001,35015.0,3.7699999999999996,3.1675,1.35,1.25,1.475,5.075,26.825,22.15,447.5,0.004999999999999999,-0.0075,0.0025000000000000005
synthetic_telemetry,SYN_001076,107.60000000000001,STAGE_1_FLIGHT,6.2104,3197.4,240.156,96.05199999999999,750.672,35015.6,3.7695999999999996,3.1672000000000002,1.3439999999999994,1.2439999999999996,1.4679999999999995,5.080000000000001,26.824,22.152,447.2,0.005200000000000017,-0.007600000000000009,0.0023999999999999915
synthetic_telemetry,SYN_001077,107.7,STAGE_1_FLIGHT,6.2108,3197.3,240.162,96.054,750.6940000000001,35016.2,3.7691999999999997,3.1669,1.3379999999999999,1.238,1.4609999999999999,5.085,26.823,22.154,446.9,0.0054000000000000055,-0.007700000000000003,0.0022999999999999974
synthetic_telemetry,SYN_001078,107.80000000000001,STAGE_1_FLIGHT,6.2112,3197.2,240.168,96.056,750.716,35016.8,3.7687999999999997,3.1666,1.3319999999999994,1.2319999999999993,1.4539999999999993,5.090000000000001,26.822,22.156,446.59999999999997,0.005600000000000023,-0.007800000000000012,0.0021999999999999884
synthetic_telemetry,SYN_001079,107.9,STAGE_1_FLIGHT,6.2116,3197.1,240.174,96.05799999999999,750.738,35017.4,3.7683999999999997,3.1663,1.3259999999999996,1.2259999999999998,1.4469999999999996,5.095000000000001,26.821,22.158,446.29999999999995,0.005800000000000012,-0.007900000000000006,0.0020999999999999942
synthetic_telemetry,SYN_001080,108.0,STAGE_1_FLIGHT,6.212,3197.0,240.18,96.06,750.76,35018.0,3.768,3.166,1.3199999999999998,1.2200000000000002,1.44,5.1000000000000005,26.82,22.16,446.0,0.006,-0.008,0.002
synthetic_telemetry,SYN_001081,108.10000000000001,STAGE_1_FLIGHT,6.2124,3196.9,240.186,96.062,750.782,35018.6,3.7676,3.1657,1.3139999999999994,1.2139999999999995,1.4329999999999994,5.105,26.819,22.162,445.7,0.006200000000000016,-0.008100000000000008,0.001899999999999992
synthetic_telemetry,SYN_001082,108.2,STAGE_1_FLIGHT,6.2128,3196.8,240.192,96.064,750.8040000000001,35019.2,3.7672,3.1654,1.3079999999999998,1.208,1.4259999999999997,5.11,26.818,22.163999999999998,445.4,0.006400000000000005,-0.008200000000000002,0.0017999999999999978
synthetic_telemetry,SYN_001083,108.30000000000001,STAGE_1_FLIGHT,6.2132,3196.7,240.198,96.066,750.826,35019.8,3.7668,3.1651000000000002,1.3019999999999992,1.2019999999999995,1.4189999999999992,5.115000000000001,26.817,22.166,445.09999999999997,0.006600000000000024,-0.008300000000000012,0.001699999999999988
synthetic_telemetry,SYN_001084,108.4,STAGE_1_FLIGHT,6.2136,3196.6,240.204,96.068,750.8480000000001,35020.4,3.7664,3.1648,1.2959999999999996,1.1959999999999997,1.4119999999999997,5.12,26.816,22.168,444.79999999999995,0.006800000000000013,-0.008400000000000006,0.0015999999999999938
synthetic_telemetry,SYN_001085,108.5,STAGE_1_FLIGHT,6.2139999999999995,3196.5,240.21,96.07,750.87,35021.0,3.766,3.1645000000000003,1.29,1.19,1.405,5.125,26.815,22.169999999999998,444.5,0.007000000000000001,-0.0085,0.0014999999999999996
synthetic_telemetry,SYN_001086,108.60000000000001,STAGE_1_FLIGHT,6.2143999999999995,3196.4,240.216,96.072,750.892,35021.6,3.7655999999999996,3.1642,1.2839999999999994,1.1839999999999997,1.3979999999999995,5.130000000000001,26.814,22.172,444.2,0.007200000000000017,-0.008600000000000009,0.0013999999999999915
synthetic_telemetry,SYN_001087,108.7,STAGE_1_FLIGHT,6.214799999999999,3196.3,240.222,96.074,750.914,35022.2,3.7651999999999997,3.1639,1.2779999999999998,1.178,1.391,5.135000000000001,26.813,22.174,443.9,0.0074000000000000055,-0.008700000000000003,0.0012999999999999973
synthetic_telemetry,SYN_001088,108.80000000000001,STAGE_1_FLIGHT,6.215199999999999,3196.2,240.228,96.076,750.936,35022.8,3.7647999999999997,3.1636,1.2719999999999994,1.1719999999999993,1.3839999999999992,5.140000000000001,26.812,22.176,443.59999999999997,0.007600000000000022,-0.008800000000000011,0.0011999999999999893
synthetic_telemetry,SYN_001089,108.9,STAGE_1_FLIGHT,6.215599999999999,3196.1,240.234,96.07799999999999,750.9580000000001,35023.4,3.7643999999999997,3.1633,1.2659999999999996,1.1659999999999997,1.3769999999999998,5.1450000000000005,26.811,22.178,443.29999999999995,0.00780000000000001,-0.008900000000000005,0.001099999999999995
synthetic_telemetry,SYN_001090,109.0,STAGE_1_FLIGHT,6.215999999999999,3196.0,240.24,96.08,750.98,35024.0,3.764,3.1630000000000003,1.2599999999999998,1.1600000000000001,1.37,5.15,26.810000000000002,22.18,443.0,0.008000000000000002,-0.009000000000000001,0.0009999999999999992
synthetic_telemetry,SYN_001091,109.10000000000001,STAGE_1_FLIGHT,6.2164,3195.9,240.246,96.082,751.0020000000001,35024.6,3.7636,3.1627,1.2539999999999996,1.1539999999999995,1.3629999999999995,5.155,26.809,22.182,442.7,0.008200000000000018,-0.009100000000000009,0.0008999999999999911
synthetic_telemetry,SYN_001092,109.2,STAGE_1_FLIGHT,6.2168,3195.8,240.252,96.08399999999999,751.024,35025.2,3.7632,3.1624000000000003,1.2479999999999998,1.148,1.3559999999999999,5.16,26.808,22.184,442.4,0.008400000000000006,-0.009200000000000003,0.0007999999999999969
synthetic_telemetry,SYN_001093,109.30000000000001,STAGE_1_FLIGHT,6.2172,3195.7,240.258,96.086,751.046,35025.8,3.7628,3.1621,1.241999999999999,1.1419999999999995,1.3489999999999993,5.165000000000001,26.807000000000002,22.186,442.09999999999997,0.008600000000000023,-0.009300000000000011,0.0006999999999999888
synthetic_telemetry,SYN_001094,109.4,STAGE_1_FLIGHT,6.2176,3195.6,240.264,96.088,751.0680000000001,35026.4,3.7624,3.1618,1.2359999999999995,1.1359999999999997,1.3419999999999996,5.170000000000001,26.806,22.188,441.79999999999995,0.008800000000000011,-0.009400000000000006,0.0005999999999999946
synthetic_telemetry,SYN_001095,109.5,STAGE_1_FLIGHT,6.218,3195.5,240.27,96.08999999999999,751.09,35027.0,3.7619999999999996,3.1615,1.23,1.1300000000000001,1.335,5.175,26.805,22.189999999999998,441.5,0.009,-0.0095,0.0005000000000000004
synthetic_telemetry,SYN_001096,109.60000000000001,STAGE_1_FLIGHT,6.2184,3195.4,240.276,96.092,751.1120000000001,35027.6,3.7615999999999996,3.1612,1.2239999999999993,1.1239999999999997,1.3279999999999994,5.180000000000001,26.804000000000002,22.192,441.2,0.009200000000000019,-0.00960000000000001,0.00039999999999999064
synthetic_telemetry,SYN_001097,109.7,STAGE_1_FLIGHT,6.2188,3195.3,240.282,96.094,751.134,35028.2,3.7611999999999997,3.1609000000000003,1.2179999999999997,1.1179999999999999,1.3209999999999997,5.1850000000000005,26.803,22.194,440.9,0.009400000000000007,-0.009700000000000004,0.00029999999999999645
synthetic_telemetry,SYN_001098,109.80000000000001,STAGE_1_FLIGHT,6.2192,3195.2,240.288,96.09599999999999,751.1560000000001,35028.8,3.7607999999999997,3.1606,1.2119999999999993,1.1119999999999994,1.3139999999999992,5.19,26.802,22.195999999999998,440.59999999999997,0.009600000000000023,-0.009800000000000012,0.00019999999999998838
synthetic_telemetry,SYN_001099,109.9,STAGE_1_FLIGHT,6.2196,3195.1,240.294,96.098,751.178,35029.4,3.7603999999999997,3.1603000000000003,1.2059999999999995,1.1059999999999999,1.3069999999999997,5.195,26.801000000000002,22.198,440.29999999999995,0.009800000000000012,-0.009900000000000006,9.999999999999419e-05
synthetic_telemetry,SYN_001100,110.0,STAGE_1_FLIGHT,6.22,3195.0,240.3,96.1,751.2,35030.0,3.76,3.16,1.2,1.1,1.3,5.2,26.8,22.2,440.0,0.01,-0.01,0.0
synthetic_telemetry,SYN_001101,110.10000000000001,STAGE_1_FLIGHT,6.21985,3195.05,240.297,96.09899999999999,751.188,35029.7,3.7596,3.1597,1.1959999999999995,1.0959999999999996,1.2959999999999996,5.206,26.799,22.198999999999998,439.7,0.009899999999999992,-0.009899999999999992,0.0
synthetic_telemetry,SYN_001102,110.2,STAGE_1_FLIGHT,6.2197,3195.1,240.294,96.098,751.176,35029.4,3.7592,3.1594,1.192,1.092,1.292,5.212000000000001,26.798000000000002,22.198,439.4,0.009799999999999998,-0.009799999999999998,0.0
synthetic_telemetry,SYN_001103,110.30000000000001,STAGE_1_FLIGHT,6.21955,3195.15,240.291,96.097,751.164,35029.1,3.7588,3.1591,1.1879999999999995,1.0879999999999996,1.2879999999999996,5.218000000000001,26.797,22.197,439.09999999999997,0.009699999999999988,-0.009699999999999988,0.0
synthetic_telemetry,SYN_001104,110.4,STAGE_1_FLIGHT,6.219399999999999,3195.2,240.288,96.09599999999999,751.152,35028.8,3.7584,3.1588000000000003,1.1839999999999997,1.0839999999999999,1.2839999999999998,5.224,26.796,22.195999999999998,438.79999999999995,0.009599999999999994,-0.009599999999999994,0.0
synthetic_telemetry,SYN_001105,110.5,STAGE_1_FLIGHT,6.21925,3195.25,240.28500000000003,96.095,751.1400000000001,35028.5,3.758,3.1585,1.18,1.08,1.28,5.23,26.795,22.195,438.5,0.0095,-0.0095,0.0
synthetic_telemetry,SYN_001106,110.60000000000001,STAGE_1_FLIGHT,6.2191,3195.3,240.282,96.094,751.128,35028.2,3.7575999999999996,3.1582,1.1759999999999997,1.0759999999999998,1.2759999999999998,5.236000000000001,26.794,22.194,438.2,0.009399999999999992,-0.009399999999999992,0.0
synthetic_telemetry,SYN_001107,110.7,STAGE_1_FLIGHT,6.2189499999999995,3195.35,240.279,96.09299999999999,751.116,35027.9,3.7571999999999997,3.1579,1.172,1.072,1.272,5.242,26.793,22.192999999999998,437.9,0.009299999999999998,-0.009299999999999998,0.0
synthetic_telemetry,SYN_001108,110.80000000000001,STAGE_1_FLIGHT,6.2188,3195.4,240.276,96.092,751.104,35027.6,3.7567999999999997,3.1576,1.1679999999999995,1.0679999999999996,1.2679999999999996,5.248000000000001,26.792,22.192,437.59999999999997,0.00919999999999999,-0.00919999999999999,0.0
synthetic_telemetry,SYN_001109,110.9,STAGE_1_FLIGHT,6.218649999999999,3195.45,240.273,96.091,751.092,35027.3,3.7563999999999997,3.1573,1.1639999999999997,1.0639999999999998,1.2639999999999998,5.2540000000000004,26.791,22.191,437.29999999999995,0.009099999999999995,-0.009099999999999995,0.0
synthetic_telemetry,SYN_001110,111.0,STAGE_1_FLIGHT,6.2185,3195.5,240.27,96.08999999999999,751.08,35027.0,3.756,3.157,1.16,1.06,1.26,5.26,26.79,22.189999999999998,437.0,0.009000000000000001,-0.009000000000000001,0.0
synthetic_telemetry,SYN_001111,111.10000000000001,STAGE_1_FLIGHT,6.21835,3195.55,240.267,96.089,751.068,35026.7,3.7556,3.1567000000000003,1.1559999999999997,1.0559999999999998,1.2559999999999998,5.266000000000001,26.789,22.189,436.7,0.008899999999999991,-0.008899999999999991,0.0
synthetic_telemetry,SYN_001112,111.2,STAGE_1_FLIGHT,6.2181999999999995,3195.6,240.264,96.088,751.056,35026.4,3.7552,3.1564,1.152,1.052,1.252,5.272,26.788,22.188,436.4,0.008799999999999997,-0.008799999999999997,0.0
synthetic_telemetry,SYN_001113,111.30000000000001,STAGE_1_FLIGHT,6.21805,3195.65,240.261,96.08699999999999,751.044,35026.1,3.7548,3.1561,1.1479999999999995,1.0479999999999996,1.2479999999999996,5.2780000000000005,26.787,22.187,436.09999999999997,0.008699999999999989,-0.008699999999999989,0.0
synthetic_telemetry,SYN_001114,111.4,STAGE_1_FLIGHT,6.2179,3195.7,240.258,96.086,751.032,35025.8,3.7544,3.1558,1.1439999999999997,1.0439999999999998,1.2439999999999998,5.284000000000001,26.786,22.186,435.79999999999995,0.008599999999999995,-0.008599999999999995,0.0
synthetic_telemetry,SYN_001115,111.5,STAGE_1_FLIGHT,6.21775,3195.75,240.255,96.085,751.02,35025.5,3.754,3.1555,1.14,1.04,1.24,5.29,26.785,22.185,435.5,0.0085,-0.0085,0.0
synthetic_telemetry,SYN_001116,111.60000000000001,STAGE_1_FLIGHT,6.2176,3195.8,240.252,96.08399999999999,751.008,35025.2,3.7535999999999996,3.1552000000000002,1.1359999999999997,1.0359999999999998,1.2359999999999998,5.296,26.784,22.184,435.2,0.00839999999999999,-0.00839999999999999,0.0
synthetic_telemetry,SYN_001117,111.7,STAGE_1_FLIGHT,6.2174499999999995,3195.85,240.249,96.083,750.996,35024.9,3.7531999999999996,3.1549,1.132,1.032,1.232,5.3020000000000005,26.783,22.183,434.9,0.008299999999999997,-0.008299999999999997,0.0
synthetic_telemetry,SYN_001118,111.80000000000001,STAGE_1_FLIGHT,6.2173,3195.9,240.246,96.082,750.984,35024.6,3.7527999999999997,3.1546,1.1279999999999994,1.0279999999999996,1.2279999999999995,5.308000000000001,26.782,22.182,434.59999999999997,0.008199999999999989,-0.008199999999999989,0.0
synthetic_telemetry,SYN_001119,111.9,STAGE_1_FLIGHT,6.21715,3195.95,240.243,96.08099999999999,750.972,35024.3,3.7523999999999997,3.1543,1.1239999999999997,1.0239999999999998,1.2239999999999998,5.314,26.781,22.181,434.29999999999995,0.008099999999999994,-0.008099999999999994,0.0
synthetic_telemetry,SYN_001120,112.0,STAGE_1_FLIGHT,6.217,3196.0,240.24,96.08,750.96,35024.0,3.752,3.154,1.1199999999999999,1.02,1.22,5.32,26.78,22.18,434.0,0.008,-0.008,0.0
synthetic_telemetry,SYN_001121,112.10000000000001,STAGE_1_FLIGHT,6.21685,3196.05,240.237,96.079,750.948,35023.7,3.7516,3.1537,1.1159999999999997,1.0159999999999998,1.2159999999999997,5.3260000000000005,26.779,22.179,433.7,0.007899999999999992,-0.007899999999999992,0.0
synthetic_telemetry,SYN_001122,112.2,STAGE_1_FLIGHT,6.2166999999999994,3196.1,240.234,96.07799999999999,750.936,35023.4,3.7512,3.1534,1.1119999999999999,1.012,1.212,5.332,26.778,22.178,433.4,0.007799999999999998,-0.007799999999999998,0.0
synthetic_telemetry,SYN_001123,112.30000000000001,STAGE_1_FLIGHT,6.21655,3196.15,240.231,96.077,750.924,35023.1,3.7508,3.1531000000000002,1.1079999999999994,1.0079999999999996,1.2079999999999995,5.338000000000001,26.777,22.177,433.09999999999997,0.007699999999999989,-0.007699999999999989,0.0
synthetic_telemetry,SYN_001124,112.4,STAGE_1_FLIGHT,6.2164,3196.2,240.228,96.076,750.912,35022.8,3.7504,3.1528,1.1039999999999996,1.0039999999999998,1.2039999999999997,5.344,26.776,22.176,432.79999999999995,0.007599999999999994,-0.007599999999999994,0.0
synthetic_telemetry,SYN_001125,112.5,STAGE_1_FLIGHT,6.21625,3196.25,240.22500000000002,96.07499999999999,750.9000000000001,35022.5,3.75,3.1525,1.1,1.0,1.2,5.35,26.775,22.175,432.5,0.0075,-0.0075,0.0
synthetic_telemetry,SYN_001126,112.60000000000001,STAGE_1_FLIGHT,6.2161,3196.3,240.222,96.074,750.888,35022.2,3.7496,3.1522,1.0959999999999996,0.9959999999999997,1.1959999999999997,5.356000000000001,26.774,22.174,432.2,0.007399999999999992,-0.007399999999999992,0.0
synthetic_telemetry,SYN_001127,112.7,STAGE_1_FLIGHT,6.215949999999999,3196.35,240.219,96.073,750.876,35021.9,3.7492,3.1519,1.0919999999999999,0.992,1.192,5.362,26.773,22.173,431.9,0.0072999999999999975,-0.0072999999999999975,0.0
synthetic_telemetry,SYN_001128,112.80000000000001,STAGE_1_FLIGHT,6.2158,3196.4,240.216,96.072,750.864,35021.6,3.7487999999999997,3.1516,1.0879999999999996,0.9879999999999995,1.1879999999999995,5.368,26.772,22.172,431.59999999999997,0.007199999999999989,-0.007199999999999989,0.0
synthetic_telemetry,SYN_001129,112.9,STAGE_1_FLIGHT,6.21565,3196.45,240.213,96.071,750.852,35021.3,3.7483999999999997,3.1513,1.0839999999999996,0.9839999999999998,1.1839999999999997,5.3740000000000006,26.771,22.171,431.29999999999995,0.007099999999999994,-0.007099999999999994,0.0
synthetic_telemetry,SYN_001130,113.0,STAGE_1_FLIGHT,6.2155,3196.5,240.21,96.07,750.84,35021.0,3.7479999999999998,3.1510000000000002,1.08,0.98,1.1800000000000002,5.38,26.77,22.17,431.0,0.007,-0.007,0.0
synthetic_telemetry,SYN_001131,113.10000000000001,STAGE_1_FLIGHT,6.21535,3196.55,240.207,96.069,750.828,35020.7,3.7476,3.1507,1.0759999999999996,0.9759999999999998,1.1759999999999997,5.386000000000001,26.769000000000002,22.169,430.7,0.006899999999999991,-0.006899999999999991,0.0
synthetic_telemetry,SYN_001132,113.2,STAGE_1_FLIGHT,6.2152,3196.6,240.204,96.068,750.816,35020.4,3.7472,3.1504,1.0719999999999998,0.972,1.172,5.392,26.768,22.168,430.4,0.006799999999999997,-0.006799999999999997,0.0
synthetic_telemetry,SYN_001133,113.30000000000001,STAGE_1_FLIGHT,6.21505,3196.65,240.201,96.067,750.804,35020.1,3.7468,3.1501,1.0679999999999996,0.9679999999999995,1.1679999999999997,5.398000000000001,26.767,22.167,430.09999999999997,0.006699999999999989,-0.006699999999999989,0.0
synthetic_telemetry,SYN_001134,113.4,STAGE_1_FLIGHT,6.2149,3196.7,240.198,96.066,750.792,35019.8,3.7464,3.1498,1.0639999999999998,0.9639999999999997,1.1639999999999997,5.404000000000001,26.766000000000002,22.166,429.79999999999995,0.006599999999999995,-0.006599999999999995,0.0
synthetic_telemetry,SYN_001135,113.5,STAGE_1_FLIGHT,6.2147499999999996,3196.75,240.195,96.065,750.78,35019.5,3.746,3.1495,1.06,0.9600000000000001,1.1600000000000001,5.41,26.765,22.165,429.5,0.006500000000000001,-0.006500000000000001,0.0
synthetic_telemetry,SYN_001136,113.60000000000001,STAGE_1_FLIGHT,6.2146,3196.8,240.192,96.064,750.768,35019.2,3.7456,3.1492,1.0559999999999996,0.9559999999999997,1.1559999999999997,5.416,26.764,22.164,429.2,0.006399999999999992,-0.006399999999999992,0.0
synthetic_telemetry,SYN_001137,113.7,STAGE_1_FLIGHT,6.21445,3196.85,240.189,96.063,750.756,35018.9,3.7452,3.1489000000000003,1.0519999999999998,0.952,1.152,5.422000000000001,26.763,22.163,428.9,0.0062999999999999974,-0.0062999999999999974,0.0
synthetic_telemetry,SYN_001138,113.80000000000001,STAGE_1_FLIGHT,6.2143,3196.9,240.186,96.062,750.744,35018.6,3.7447999999999997,3.1486,1.0479999999999996,0.9479999999999995,1.1479999999999997,5.428000000000001,26.762,22.162,428.59999999999997,0.0061999999999999885,-0.0061999999999999885,0.0
synthetic_telemetry,SYN_001139,113.9,STAGE_1_FLIGHT,6.21415,3196.95,240.183,96.06099999999999,750.732,35018.3,3.7443999999999997,3.1483,1.0439999999999998,0.9439999999999998,1.144,5.434,26.761,22.161,428.29999999999995,0.006099999999999994,-0.006099999999999994,0.0
synthetic_telemetry,SYN_001140,114.0,STAGE_1_FLIGHT,6.2139999999999995,3197.0,240.18,96.06,750.72,35018.0,3.7439999999999998,3.148,1.04,0.9400000000000001,1.1400000000000001,5.44,26.76,22.16,428.0,0.006,-0.006,0.0
synthetic_telemetry,SYN_001141,114.10000000000001,STAGE_1_FLIGHT,6.21385,3197.05,240.177,96.059,750.708,35017.7,3.7436,3.1477,1.0359999999999996,0.9359999999999997,1.1359999999999997,5.446000000000001,26.759,22.159,427.7,0.005899999999999991,-0.005899999999999991,0.0
synthetic_telemetry,SYN_001142,114.2,STAGE_1_FLIGHT,6.2137,3197.1,240.174,96.05799999999999,750.696,35017.4,3.7432,3.1474,1.0319999999999998,0.9319999999999999,1.132,5.452,26.758,22.158,427.4,0.005799999999999997,-0.005799999999999997,0.0
synthetic_telemetry,SYN_001143,114.30000000000001,STAGE_1_FLIGHT,6.21355,3197.15,240.171,96.057,750.684,35017.1,3.7428,3.1471,1.0279999999999996,0.9279999999999996,1.1279999999999997,5.458000000000001,26.757,22.157,427.09999999999997,0.005699999999999989,-0.005699999999999989,0.0
synthetic_telemetry,SYN_001144,114.4,STAGE_1_FLIGHT,6.2134,3197.2,240.168,96.056,750.672,35016.8,3.7424,3.1468,1.0239999999999998,0.9239999999999998,1.1239999999999999,5.464,26.756,22.156,426.79999999999995,0.005599999999999995,-0.005599999999999995,0.0
synthetic_telemetry,SYN_001145,114.5,STAGE_1_FLIGHT,6.2132499999999995,3197.25,240.16500000000002,96.05499999999999,750.6600000000001,35016.5,3.742,3.1465,1.02,0.92,1.12,5.47,26.755,22.155,426.5,0.0055,-0.0055,0.0
synthetic_telemetry,SYN_001146,114.60000000000001,STAGE_1_FLIGHT,6.2131,3197.3,240.162,96.054,750.648,35016.2,3.7416,3.1462,1.0159999999999996,0.9159999999999997,1.1159999999999997,5.476000000000001,26.754,22.154,426.2,0.005399999999999992,-0.005399999999999992,0.0
synthetic_telemetry,SYN_001147,114.7,STAGE_1_FLIGHT,6.21295,3197.35,240.159,96.053,750.636,35015.9,3.7412,3.1459,1.0119999999999998,0.9119999999999999,1.1119999999999999,5.482,26.753,22.153,425.9,0.005299999999999997,-0.005299999999999997,0.0
synthetic_telemetry,SYN_001148,114.80000000000001,STAGE_1_FLIGHT,6.2128,3197.4,240.156,96.05199999999999,750.624,35015.6,3.7408,3.1456,1.0079999999999996,0.9079999999999996,1.1079999999999997,5.488,26.752,22.152,425.59999999999997,0.0051999999999999885,-0.0051999999999999885,0.0
synthetic_telemetry,SYN_001149,114.9,STAGE_1_FLIGHT,6.21265,3197.45,240.153,96.051,750.612,35015.3,3.7404,3.1453,1.0039999999999998,0.9039999999999998,1.1039999999999999,5.494000000000001,26.751,22.151,425.29999999999995,0.005099999999999994,-0.005099999999999994,0.0
synthetic_telemetry,SYN_001150,115.0,STAGE_1_FLIGHT,6.2125,3197.5,240.15,96.05,750.6,35015.0,3.74,3.145,1.0,0.9,1.1,5.5,26.75,22.15,425.0,0.005,-0.005,0.0
synthetic_telemetry,SYN_001151,115.10000000000001,STAGE_1_FLIGHT,6.21235,3197.55,240.147,96.04899999999999,750.588,35014.7,3.7396,3.1447,0.9959999999999997,0.8959999999999997,1.0959999999999996,5.506,26.749,22.149,424.7,0.004899999999999991,-0.004899999999999991,0.0
synthetic_telemetry,SYN_001152,115.2,STAGE_1_FLIGHT,6.2122,3197.6,240.144,96.048,750.576,35014.4,3.7392,3.1444,0.9919999999999999,0.8919999999999999,1.0919999999999999,5.5120000000000005,26.748,22.148,424.4,0.004799999999999997,-0.004799999999999997,0.0
synthetic_telemetry,SYN_001153,115.30000000000001,STAGE_1_FLIGHT,6.21205,3197.65,240.141,96.047,750.564,35014.1,3.7388,3.1441,0.9879999999999995,0.8879999999999996,1.0879999999999996,5.518000000000001,26.747,22.147000000000002,424.09999999999997,0.004699999999999989,-0.004699999999999989,0.0
synthetic_telemetry,SYN_001154,115.4,STAGE_1_FLIGHT,6.2119,3197.7,240.138,96.04599999999999,750.552,35013.8,3.7384,3.1438,0.9839999999999998,0.8839999999999998,1.0839999999999999,5.524,26.746,22.146,423.79999999999995,0.004599999999999995,-0.004599999999999995,0.0
synthetic_telemetry,SYN_001155,115.5,STAGE_1_FLIGHT,6.21175,3197.75,240.135,96.045,750.54,35013.5,3.738,3.1435,0.98,0.88,1.08,5.53,26.745,22.145,423.5,0.0045000000000000005,-0.0045000000000000005,0.0
synthetic_telemetry,SYN_001156,115.60000000000001,STAGE_1_FLIGHT,6.2116,3197.8,240.132,96.044,750.528,35013.2,3.7376,3.1431999999999998,0.9759999999999996,0.8759999999999997,1.0759999999999996,5.5360000000000005,26.744,22.144000000000002,423.2,0.004399999999999992,-0.004399999999999992,0.0
synthetic_telemetry,SYN_001157,115.7,STAGE_1_FLIGHT,6.21145,3197.85,240.129,96.04299999999999,750.516,35012.9,3.7372,3.1429,0.9719999999999999,0.8719999999999999,1.0719999999999998,5.542,26.743,22.143,422.9,0.004299999999999997,-0.004299999999999997,0.0
synthetic_telemetry,SYN_001158,115.80000000000001,STAGE_1_FLIGHT,6.2113,3197.9,240.126,96.042,750.504,35012.6,3.7368,3.1426,0.9679999999999995,0.8679999999999995,1.0679999999999996,5.548000000000001,26.742,22.142,422.59999999999997,0.0041999999999999885,-0.0041999999999999885,0.0
synthetic_telemetry,SYN_001159,115.9,STAGE_1_FLIGHT,6.21115,3197.95,240.123,96.041,750.492,35012.3,3.7364,3.1423,0.9639999999999997,0.8639999999999998,1.0639999999999998,5.554,26.741,22.141000000000002,422.29999999999995,0.004099999999999994,-0.004099999999999994,0.0
synthetic_telemetry,SYN_001160,116.0,STAGE_1_FLIGHT,6.211,3198.0,240.12,96.03999999999999,750.48,35012.0,3.736,3.142,0.96,0.86,1.06,5.56,26.74,22.14,422.0,0.004,-0.004,0.0
synthetic_telemetry,SYN_001161,116.10000000000001,STAGE_1_FLIGHT,6.21085,3198.05,240.117,96.039,750.468,35011.7,3.7356,3.1417,0.9559999999999996,0.8559999999999997,1.0559999999999996,5.566000000000001,26.739,22.139,421.7,0.003899999999999991,-0.003899999999999991,0.0
synthetic_telemetry,SYN_001162,116.2,STAGE_1_FLIGHT,6.2107,3198.1,240.114,96.038,750.456,35011.4,3.7352,3.1414,0.9519999999999998,0.8519999999999999,1.052,5.572,26.738,22.138,421.4,0.003799999999999997,-0.003799999999999997,0.0
synthetic_telemetry,SYN_001163,116.30000000000001,STAGE_1_FLIGHT,6.21055,3198.15,240.111,96.03699999999999,750.444,35011.1,3.7348,3.1411,0.9479999999999995,0.8479999999999995,1.0479999999999996,5.578,26.737,22.137,421.09999999999997,0.003699999999999989,-0.003699999999999989,0.0
synthetic_telemetry,SYN_001164,116.4,STAGE_1_FLIGHT,6.2104,3198.2,240.108,96.036,750.432,35010.8,3.7344,3.1408,0.9439999999999997,0.8439999999999998,1.0439999999999998,5.5840000000000005,26.736,22.136,420.79999999999995,0.0035999999999999947,-0.0035999999999999947,0.0
synthetic_telemetry,SYN_001165,116.5,STAGE_1_FLIGHT,6.21025,3198.25,240.10500000000002,96.035,750.4200000000001,35010.5,3.734,3.1405,0.94,0.84,1.04,5.59,26.735,22.135,420.5,0.0034999999999999996,-0.0034999999999999996,0.0
synthetic_telemetry,SYN_001166,116.60000000000001,STAGE_1_FLIGHT,6.2101,3198.3,240.102,96.03399999999999,750.408,35010.2,3.7336,3.1402,0.9359999999999997,0.8359999999999996,1.0359999999999996,5.596,26.733999999999998,22.134,420.2,0.0033999999999999916,-0.0033999999999999916,0.0
synthetic_telemetry,SYN_001167,116.7,STAGE_1_FLIGHT,6.20995,3198.35,240.099,96.033,750.396,35009.9,3.7332,3.1399,0.9319999999999999,0.8319999999999999,1.032,5.602,26.733,22.133,419.9,0.0032999999999999974,-0.0032999999999999974,0.0
synthetic_telemetry,SYN_001168,116.80000000000001,STAGE_1_FLIGHT,6.2097999999999995,3198.4,240.096,96.032,750.384,35009.6,3.7328,3.1395999999999997,0.9279999999999995,0.8279999999999995,1.0279999999999996,5.6080000000000005,26.732,22.132,419.59999999999997,0.0031999999999999884,-0.0031999999999999884,0.0
synthetic_telemetry,SYN_001169,116.9,STAGE_1_FLIGHT,6.20965,3198.45,240.093,96.03099999999999,750.372,35009.3,3.7324,3.1393,0.9239999999999997,0.8239999999999997,1.0239999999999998,5.614,26.730999999999998,22.131,419.29999999999995,0.0030999999999999943,-0.0030999999999999943,0.0
synthetic_telemetry,SYN_001170,117.0,STAGE_1_FLIGHT,6.2095,3198.5,240.09,96.03,750.36,35009.0,3.732,3.139,0.9199999999999999,0.8200000000000001,1.02,5.62,26.73,22.130000000000003,419.0,0.003,-0.003,0.0
synthetic_telemetry,SYN_001171,117.10000000000001,STAGE_1_FLIGHT,6.20935,3198.55,240.087,96.029,750.348,35008.7,3.7316000000000003,3.1387,0.9159999999999997,0.8159999999999996,1.0159999999999996,5.626,26.729,22.129,418.7,0.002899999999999991,-0.002899999999999991,0.0
synthetic_telemetry,SYN_001172,117.2,STAGE_1_FLIGHT,6.2092,3198.6,240.084,96.02799999999999,750.336,35008.4,3.7312,3.1384,0.9119999999999999,0.8119999999999998,1.012,5.632,26.727999999999998,22.128,418.4,0.002799999999999997,-0.002799999999999997,0.0
synthetic_telemetry,SYN_001173,117.30000000000001,STAGE_1_FLIGHT,6.20905,3198.65,240.081,96.027,750.324,35008.1,3.7308,3.1381,0.9079999999999995,0.8079999999999996,1.0079999999999996,5.638000000000001,26.727,22.127000000000002,418.09999999999997,0.002699999999999989,-0.002699999999999989,0.0
synthetic_telemetry,SYN_001174,117.4,STAGE_1_FLIGHT,6.2089,3198.7,240.078,96.026,750.312,35007.8,3.7304,3.1378,0.9039999999999997,0.8039999999999998,1.0039999999999998,5.644,26.726,22.126,417.79999999999995,0.0025999999999999947,-0.0025999999999999947,0.0
synthetic_telemetry,SYN_001175,117.5,STAGE_1_FLIGHT,6.20875,3198.75,240.075,96.025,750.3,35007.5,3.73,3.1375,0.9,0.8,1.0,5.65,26.725,22.125,417.5,0.0025000000000000005,-0.0025000000000000005,0.0
synthetic_telemetry,SYN_001176,117.60000000000001,STAGE_1_FLIGHT,6.2086,3198.8,240.072,96.024,750.288,35007.2,3.7296,3.1372,0.8959999999999997,0.7959999999999996,0.9959999999999998,5.656000000000001,26.724,22.124000000000002,417.2,0.0023999999999999915,-0.0023999999999999915,0.0
synthetic_telemetry,SYN_001177,117.7,STAGE_1_FLIGHT,6.20845,3198.85,240.069,96.023,750.276,35006.9,3.7292,3.1369,0.8919999999999999,0.7919999999999998,0.992,5.662,26.723,22.123,416.9,0.0022999999999999974,-0.0022999999999999974,0.0
synthetic_telemetry,SYN_001178,117.80000000000001,STAGE_1_FLIGHT,6.2083,3198.9,240.066,96.022,750.264,35006.6,3.7288,3.1366,0.8879999999999996,0.7879999999999996,0.9879999999999995,5.668000000000001,26.721999999999998,22.122,416.59999999999997,0.0021999999999999884,-0.0021999999999999884,0.0
synthetic_telemetry,SYN_001179,117.9,STAGE_1_FLIGHT,6.20815,3198.95,240.063,96.021,750.252,35006.3,3.7284,3.1363,0.8839999999999998,0.7839999999999998,0.9839999999999998,5.674,26.721,22.121000000000002,416.29999999999995,0.0020999999999999942,-0.0020999999999999942,0.0
synthetic_telemetry,SYN_001180,118.0,STAGE_1_FLIGHT,6.208,3199.0,240.06,96.02,750.24,35006.0,3.728,3.136,0.88,0.78,0.98,5.68,26.72,22.12,416.0,0.002,-0.002,0.0
synthetic_telemetry,SYN_001181,118.10000000000001,STAGE_1_FLIGHT,6.20785,3199.05,240.057,96.019,750.228,35005.7,3.7276000000000002,3.1357,0.8759999999999997,0.7759999999999996,0.9759999999999998,5.686,26.719,22.119,415.7,0.001899999999999992,-0.001899999999999992,0.0
synthetic_telemetry,SYN_001182,118.2,STAGE_1_FLIGHT,6.2077,3199.1,240.054,96.018,750.216,35005.4,3.7272000000000003,3.1353999999999997,0.8719999999999999,0.7719999999999998,0.972,5.692,26.718,22.118000000000002,415.4,0.0017999999999999978,-0.0017999999999999978,0.0
synthetic_telemetry,SYN_001183,118.30000000000001,STAGE_1_FLIGHT,6.20755,3199.15,240.051,96.017,750.204,35005.1,3.7268,3.1351,0.8679999999999995,0.7679999999999996,0.9679999999999995,5.698,26.717,22.117,415.09999999999997,0.001699999999999988,-0.001699999999999988,0.0
synthetic_telemetry,SYN_001184,118.4,STAGE_1_FLIGHT,6.2074,3199.2,240.048,96.016,750.192,35004.8,3.7264,3.1348,0.8639999999999998,0.7639999999999998,0.9639999999999997,5.704000000000001,26.716,22.116,414.79999999999995,0.0015999999999999938,-0.0015999999999999938,0.0
synthetic_telemetry,SYN_001185,118.5,STAGE_1_FLIGHT,6.20725,3199.25,240.04500000000002,96.015,750.1800000000001,35004.5,3.726,3.1345,0.86,0.76,0.96,5.71,26.715,22.115000000000002,414.5,0.0014999999999999996,-0.0014999999999999996,0.0
synthetic_telemetry,SYN_001186,118.60000000000001,STAGE_1_FLIGHT,6.2071,3199.3,240.042,96.014,750.168,35004.2,3.7256,3.1342,0.8559999999999997,0.7559999999999996,0.9559999999999997,5.716,26.714,22.114,414.2,0.0013999999999999915,-0.0013999999999999915,0.0
synthetic_telemetry,SYN_001187,118.7,STAGE_1_FLIGHT,6.20695,3199.35,240.039,96.013,750.156,35003.9,3.7252,3.1339,0.8519999999999999,0.7519999999999998,0.952,5.7219999999999995,26.713,22.113,413.9,0.0012999999999999973,-0.0012999999999999973,0.0
synthetic_telemetry,SYN_001188,118.80000000000001,STAGE_1_FLIGHT,6.2068,3199.4,240.036,96.012,750.144,35003.6,3.7248,3.1336,0.8479999999999995,0.7479999999999996,0.9479999999999995,5.728000000000001,26.712,22.112000000000002,413.59999999999997,0.0011999999999999893,-0.0011999999999999893,0.0
synthetic_telemetry,SYN_001189,118.9,STAGE_1_FLIGHT,6.20665,3199.45,240.033,96.011,750.132,35003.3,3.7244,3.1332999999999998,0.8439999999999999,0.7439999999999998,0.9439999999999997,5.734,26.711,22.111,413.29999999999995,0.001099999999999995,-0.001099999999999995,0.0
synthetic_telemetry,SYN_001190,119.0,STAGE_1_FLIGHT,6.2065,3199.5,240.03,96.01,750.12,35003.0,3.724,3.133,0.8400000000000001,0.74,0.9400000000000001,5.74,26.71,22.11,413.0,0.0009999999999999992,-0.0009999999999999992,0.0
synthetic_telemetry,SYN_001191,119.10000000000001,STAGE_1_FLIGHT,6.20635,3199.55,240.027,96.009,750.108,35002.7,3.7236000000000002,3.1327,0.8359999999999996,0.7359999999999995,0.9359999999999997,5.746,26.709,22.109,412.7,0.0008999999999999911,-0.0008999999999999911,0.0
synthetic_telemetry,SYN_001192,119.2,STAGE_1_FLIGHT,6.2062,3199.6,240.024,96.008,750.096,35002.4,3.7232000000000003,3.1324,0.8319999999999999,0.7319999999999998,0.9319999999999999,5.752,26.708,22.108,412.4,0.0007999999999999969,-0.0007999999999999969,0.0
synthetic_telemetry,SYN_001193,119.30000000000001,STAGE_1_FLIGHT,6.20605,3199.65,240.021,96.007,750.084,35002.1,3.7228000000000003,3.1321,0.8279999999999996,0.7279999999999995,0.9279999999999996,5.758000000000001,26.707,22.107000000000003,412.09999999999997,0.0006999999999999888,-0.0006999999999999888,0.0
synthetic_telemetry,SYN_001194,119.4,STAGE_1_FLIGHT,6.2059,3199.7,240.018,96.006,750.072,35001.8,3.7224,3.1317999999999997,0.8239999999999998,0.7239999999999998,0.9239999999999998,5.764,26.706,22.106,411.79999999999995,0.0005999999999999946,-0.0005999999999999946,0.0
synthetic_telemetry,SYN_001195,119.5,STAGE_1_FLIGHT,6.20575,3199.75,240.015,96.005,750.06,35001.5,3.722,3.1315,0.8200000000000001,0.72,0.92,5.77,26.705,22.105,411.5,0.0005000000000000004,-0.0005000000000000004,0.0
synthetic_telemetry,SYN_001196,119.60000000000001,STAGE_1_FLIGHT,6.2056000000000004,3199.8,240.012,96.004,750.048,35001.2,3.7216,3.1311999999999998,0.8159999999999996,0.7159999999999995,0.9159999999999997,5.776000000000001,26.704,22.104000000000003,411.2,0.00039999999999999064,-0.00039999999999999064,0.0
synthetic_telemetry,SYN_001197,119.7,STAGE_1_FLIGHT,6.20545,3199.85,240.009,96.003,750.036,35000.9,3.7212,3.1309,0.8119999999999998,0.7119999999999999,0.9119999999999999,5.782,26.703,22.103,410.9,0.00029999999999999645,-0.00029999999999999645,0.0
synthetic_telemetry,SYN_001198,119.80000000000001,STAGE_1_FLIGHT,6.2053,3199.9,240.006,96.002,750.024,35000.6,3.7208,3.1306,0.8079999999999996,0.7079999999999995,0.9079999999999996,5.788,26.701999999999998,22.102,410.59999999999997,0.00019999999999998838,-0.00019999999999998838,0.0
synthetic_telemetry,SYN_001199,119.9,STAGE_1_FLIGHT,6.20515,3199.95,240.003,96.001,750.012,35000.3,3.7204,3.1303,0.8039999999999998,0.7039999999999997,0.9039999999999998,5.7940000000000005,26.701,22.101000000000003,410.29999999999995,9.999999999999419e-05,-9.999999999999419e-05,0.0
synthetic_telemetry,SYN_001200,120.0,STAGE_1_FLIGHT,6.205,3200.0,240.0,96.0,750.0,35000.0,3.72,3.13,0.8,0.7,0.9,5.8,26.7,22.1,410.0,0.0,0.0,0.0
synthetic_telemetry,SYN_001201,120.10000000000001,STAGE_1_FLIGHT,6.20485,3200.1,239.998,95.998,749.985,34999.6,3.7196000000000002,3.1296999999999997,0.7979999999999998,0.6979999999999997,0.8979999999999998,5.806,26.698999999999998,22.099,409.79999999999995,0.00020000000000001706,0.00010000000000000853,-0.00010000000000000853
synthetic_telemetry,SYN_001202,120.2,STAGE_1_FLIGHT,6.2047,3200.2,239.996,95.996,749.97,34999.2,3.7192000000000003,3.1294,0.796,0.696,0.896,5.812,26.698,22.098000000000003,409.6,0.0004000000000000057,0.00020000000000000286,-0.00020000000000000286
synthetic_telemetry,SYN_001203,120.30000000000001,STAGE_1_FLIGHT,6.20455,3200.3,239.994,95.994,749.955,34998.8,3.7188000000000003,3.1290999999999998,0.7939999999999998,0.6939999999999997,0.8939999999999998,5.8180000000000005,26.697,22.097,409.4,0.0006000000000000227,0.00030000000000001136,-0.00030000000000001136
synthetic_telemetry,SYN_001204,120.4,STAGE_1_FLIGHT,6.2044,3200.4,239.992,95.992,749.94,34998.4,3.7184000000000004,3.1288,0.7919999999999999,0.6919999999999998,0.8919999999999999,5.824,26.695999999999998,22.096,409.2,0.0008000000000000114,0.0004000000000000057,-0.0004000000000000057
synthetic_telemetry,SYN_001205,120.5,STAGE_1_FLIGHT,6.20425,3200.5,239.99,95.99,749.925,34998.0,3.718,3.1285,0.79,0.69,0.89,5.83,26.695,22.095000000000002,409.0,0.001,0.0005,-0.0005
synthetic_telemetry,SYN_001206,120.60000000000001,STAGE_1_FLIGHT,6.2041,3200.6,239.988,95.988,749.91,34997.6,3.7176,3.1282,0.7879999999999999,0.6879999999999998,0.8879999999999999,5.836,26.694,22.094,408.79999999999995,0.001200000000000017,0.0006000000000000085,-0.0006000000000000085
synthetic_telemetry,SYN_001207,120.7,STAGE_1_FLIGHT,6.20395,3200.7,239.986,95.986,749.895,34997.2,3.7172,3.1279,0.786,0.6859999999999999,0.886,5.842,26.692999999999998,22.093,408.6,0.0014000000000000056,0.0007000000000000028,-0.0007000000000000028
synthetic_telemetry,SYN_001208,120.80000000000001,STAGE_1_FLIGHT,6.2038,3200.8,239.984,95.984,749.88,34996.8,3.7168,3.1275999999999997,0.7839999999999998,0.6839999999999997,0.8839999999999998,5.848000000000001,26.692,22.092000000000002,408.4,0.0016000000000000228,0.0008000000000000114,-0.0008000000000000114
synthetic_telemetry,SYN_001209,120.9,STAGE_1_FLIGHT,6.20365,3200.9,239.982,95.982,749.865,34996.4,3.7164,3.1273,0.7819999999999999,0.6819999999999998,0.8819999999999999,5.854,26.691,22.091,408.2,0.0018000000000000114,0.0009000000000000057,-0.0009000000000000057
synthetic_telemetry,SYN_001210,121.0,STAGE_1_FLIGHT,6.2035,3201.0,239.98,95.98,749.85,34996.0,3.716,3.127,0.78,0.6799999999999999,0.88,5.859999999999999,26.689999999999998,22.09,408.0,0.002,0.001,-0.001
synthetic_telemetry,SYN_001211,121.10000000000001,STAGE_1_FLIGHT,6.20335,3201.1,239.978,95.978,749.835,34995.6,3.7156000000000002,3.1267,0.7779999999999999,0.6779999999999998,0.8779999999999999,5.8660000000000005,26.689,22.089000000000002,407.79999999999995,0.002200000000000017,0.0011000000000000085,-0.0011000000000000085
synthetic_telemetry,SYN_001212,121.2,STAGE_1_FLIGHT,6.2032,3201.2,239.976,95.976,749.82,34995.2,3.7152000000000003,3.1264,0.776,0.6759999999999999,0.876,5.872,26.688,22.088,407.6,0.002400000000000006,0.001200000000000003,-0.001200000000000003
synthetic_telemetry,SYN_001213,121.30000000000001,STAGE_1_FLIGHT,6.20305,3201.3,239.974,95.974,749.805,34994.8,3.7148000000000003,3.1261,0.7739999999999998,0.6739999999999997,0.8739999999999998,5.878000000000001,26.687,22.087,407.4,0.002600000000000023,0.0013000000000000114,-0.0013000000000000114
synthetic_telemetry,SYN_001214,121.4,STAGE_1_FLIGHT,6.2029000000000005,3201.4,239.972,95.972,749.79,34994.4,3.7144000000000004,3.1258,0.7719999999999999,0.6719999999999998,0.8719999999999999,5.884,26.686,22.086000000000002,407.2,0.0028000000000000112,0.0014000000000000056,-0.0014000000000000056
synthetic_telemetry,SYN_001215,121.5,STAGE_1_FLIGHT,6.20275,3201.5,239.97,95.97,749.775,34994.0,3.7140000000000004,3.1254999999999997,0.77,0.6699999999999999,0.87,5.89,26.685,22.085,407.0,0.003,0.0015,-0.0015
synthetic_telemetry,SYN_001216,121.60000000000001,STAGE_1_FLIGHT,6.2026,3201.6,239.968,95.968,749.76,34993.6,3.7136,3.1252,0.7679999999999999,0.6679999999999998,0.8679999999999999,5.896000000000001,26.684,22.084,406.79999999999995,0.003200000000000017,0.0016000000000000085,-0.0016000000000000085
synthetic_telemetry,SYN_001217,121.7,STAGE_1_FLIGHT,6.20245,3201.7,239.966,95.966,749.745,34993.2,3.7132,3.1249,0.766,0.6659999999999999,0.866,5.902,26.683,22.083000000000002,406.6,0.003400000000000006,0.001700000000000003,-0.001700000000000003
synthetic_telemetry,SYN_001218,121.80000000000001,STAGE_1_FLIGHT,6.2023,3201.8,239.964,95.964,749.73,34992.8,3.7128,3.1246,0.7639999999999998,0.6639999999999997,0.8639999999999998,5.908,26.682,22.082,406.4,0.003600000000000023,0.0018000000000000114,-0.0018000000000000114
synthetic_telemetry,SYN_001219,121.9,STAGE_1_FLIGHT,6.2021500000000005,3201.9,239.962,95.962,749.715,34992.4,3.7124,3.1243,0.7619999999999999,0.6619999999999998,0.8619999999999999,5.914000000000001,26.681,22.081,406.2,0.0038000000000000113,0.0019000000000000056,-0.0019000000000000056
synthetic_telemetry,SYN_001220,122.0,STAGE_1_FLIGHT,6.202,3202.0,239.96,95.96,749.7,34992.0,3.712,3.124,0.76,0.6599999999999999,0.86,5.92,26.68,22.080000000000002,406.0,0.004,0.002,-0.002
synthetic_telemetry,SYN_001221,122.10000000000001,STAGE_1_FLIGHT,6.20185,3202.1,239.958,95.958,749.685,34991.6,3.7116000000000002,3.1237,0.7579999999999999,0.6579999999999998,0.8579999999999999,5.926,26.679,22.079,405.79999999999995,0.004200000000000017,0.0021000000000000085,-0.0021000000000000085
synthetic_telemetry,SYN_001222,122.2,STAGE_1_FLIGHT,6.2017,3202.2,239.956,95.956,749.67,34991.2,3.7112000000000003,3.1233999999999997,0.756,0.6559999999999999,0.856,5.932,26.678,22.078,405.6,0.0044000000000000055,0.0022000000000000027,-0.0022000000000000027
synthetic_telemetry,SYN_001223,122.30000000000001,STAGE_1_FLIGHT,6.20155,3202.3,239.954,95.954,749.655,34990.8,3.7108000000000003,3.1231,0.7539999999999998,0.6539999999999997,0.8539999999999998,5.938000000000001,26.677,22.077,405.4,0.0046000000000000225,0.0023000000000000112,-0.0023000000000000112
synthetic_telemetry,SYN_001224,122.4,STAGE_1_FLIGHT,6.2014000000000005,3202.4,239.952,95.952,749.64,34990.4,3.7104000000000004,3.1228,0.7519999999999999,0.6519999999999998,0.8519999999999999,5.944,26.676,22.076,405.2,0.004800000000000012,0.002400000000000006,-0.002400000000000006
synthetic_telemetry,SYN_001225,122.5,STAGE_1_FLIGHT,6.20125,3202.5,239.95,95.95,749.625,34990.0,3.71,3.1225,0.75,0.6499999999999999,0.85,5.95,26.675,22.075000000000003,405.0,0.005,0.0025,-0.0025
synthetic_telemetry,SYN_001226,122.60000000000001,STAGE_1_FLIGHT,6.2011,3202.6,239.948,95.948,749.61,34989.6,3.7096,3.1222,0.7479999999999999,0.6479999999999998,0.8479999999999999,5.956,26.674,22.074,404.79999999999995,0.005200000000000017,0.0026000000000000086,-0.0026000000000000086
synthetic_telemetry,SYN_001227,122.7,STAGE_1_FLIGHT,6.20095,3202.7,239.946,95.946,749.595,34989.2,3.7092,3.1219,0.746,0.6459999999999999,0.846,5.962,26.673,22.073,404.6,0.0054000000000000055,0.0027000000000000027,-0.0027000000000000027
synthetic_telemetry,SYN_001228,122.80000000000001,STAGE_1_FLIGHT,6.2008,3202.8,239.94400000000002,95.944,749.58,34988.8,3.7088,3.1216,0.7439999999999998,0.6439999999999997,0.8439999999999998,5.968000000000001,26.672,22.072,404.4,0.0056000000000000225,0.0028000000000000112,-0.0028000000000000112
synthetic_telemetry,SYN_001229,122.9,STAGE_1_FLIGHT,6.20065,3202.9,239.942,95.942,749.565,34988.4,3.7084,3.1212999999999997,0.7419999999999999,0.6419999999999999,0.8419999999999999,5.974,26.671,22.071,404.2,0.005800000000000012,0.002900000000000006,-0.002900000000000006
synthetic_telemetry,SYN_001230,123.0,STAGE_1_FLIGHT,6.2005,3203.0,239.94,95.94,749.55,34988.0,3.708,3.121,0.74,0.64,0.84,5.98,26.67,22.07,404.0,0.006,0.003,-0.003
synthetic_telemetry,SYN_001231,123.10000000000001,STAGE_1_FLIGHT,6.20035,3203.1,239.93800000000002,95.938,749.535,34987.6,3.7076000000000002,3.1207,0.7379999999999999,0.6379999999999998,0.8379999999999999,5.986000000000001,26.669,22.069000000000003,403.79999999999995,0.006200000000000017,0.0031000000000000086,-0.0031000000000000086
synthetic_telemetry,SYN_001232,123.2,STAGE_1_FLIGHT,6.200200000000001,3203.2,239.936,95.93599999999999,749.52,34987.2,3.7072000000000003,3.1204,0.736,0.6359999999999999,0.836,5.992,26.668,22.068,403.6,0.0064000000000000055,0.0032000000000000028,-0.0032000000000000028
synthetic_telemetry,SYN_001233,123.30000000000001,STAGE_1_FLIGHT,6.20005,3203.3,239.934,95.934,749.505,34986.8,3.7068000000000003,3.1201,0.7339999999999998,0.6339999999999998,0.8339999999999997,5.998000000000001,26.667,22.067,403.4,0.0066000000000000225,0.0033000000000000113,-0.0033000000000000113
synthetic_telemetry,SYN_001234,123.4,STAGE_1_FLIGHT,6.1999,3203.4,239.93200000000002,95.932,749.49,34986.4,3.7064000000000004,3.1198,0.7319999999999999,0.6319999999999999,0.8319999999999999,6.0040000000000004,26.666,22.066000000000003,403.2,0.006800000000000012,0.003400000000000006,-0.003400000000000006
synthetic_telemetry,SYN_001235,123.5,STAGE_1_FLIGHT,6.19975,3203.5,239.93,95.92999999999999,749.475,34986.0,3.7060000000000004,3.1195,0.73,0.63,0.83,6.01,26.665,22.065,403.0,0.007,0.0035,-0.0035
synthetic_telemetry,SYN_001236,123.60000000000001,STAGE_1_FLIGHT,6.1996,3203.6,239.928,95.928,749.46,34985.6,3.7056,3.1191999999999998,0.7279999999999999,0.6279999999999998,0.8279999999999998,6.016000000000001,26.664,22.064,402.79999999999995,0.007200000000000017,0.0036000000000000086,-0.0036000000000000086
synthetic_telemetry,SYN_001237,123.7,STAGE_1_FLIGHT,6.199450000000001,3203.7,239.92600000000002,95.926,749.445,34985.2,3.7052,3.1189,0.726,0.6259999999999999,0.826,6.022,26.663,22.063000000000002,402.6,0.0074000000000000055,0.0037000000000000028,-0.0037000000000000028
synthetic_telemetry,SYN_001238,123.80000000000001,STAGE_1_FLIGHT,6.1993,3203.8,239.924,95.92399999999999,749.43,34984.8,3.7048,3.1186,0.7239999999999998,0.6239999999999998,0.8239999999999997,6.0280000000000005,26.662,22.062,402.4,0.0076000000000000225,0.0038000000000000113,-0.0038000000000000113
synthetic_telemetry,SYN_001239,123.9,STAGE_1_FLIGHT,6.19915,3203.9,239.922,95.922,749.415,34984.4,3.7044,3.1183,0.7219999999999999,0.6219999999999999,0.8219999999999998,6.034000000000001,26.661,22.061,402.2,0.007800000000000012,0.003900000000000006,-0.003900000000000006
synthetic_telemetry,SYN_001240,124.0,STAGE_1_FLIGHT,6.199,3204.0,239.92000000000002,95.92,749.4,34984.0,3.704,3.118,0.72,0.62,0.82,6.04,26.66,22.060000000000002,402.0,0.008,0.004,-0.004
synthetic_telemetry,SYN_001241,124.10000000000001,STAGE_1_FLIGHT,6.19885,3204.1,239.918,95.91799999999999,749.385,34983.6,3.7036000000000002,3.1177,0.7179999999999999,0.6179999999999998,0.8179999999999998,6.046,26.659,22.059,401.79999999999995,0.008200000000000018,0.004100000000000009,-0.004100000000000009
synthetic_telemetry,SYN_001242,124.2,STAGE_1_FLIGHT,6.1987000000000005,3204.2,239.916,95.916,749.37,34983.2,3.7032000000000003,3.1174,0.716,0.6159999999999999,0.816,6.0520000000000005,26.658,22.058,401.6,0.008400000000000006,0.004200000000000003,-0.004200000000000003
synthetic_telemetry,SYN_001243,124.30000000000001,STAGE_1_FLIGHT,6.19855,3204.3,239.91400000000002,95.914,749.355,34982.8,3.7028000000000003,3.1170999999999998,0.7139999999999997,0.6139999999999998,0.8139999999999997,6.058000000000001,26.657,22.057000000000002,401.4,0.008600000000000023,0.004300000000000011,-0.004300000000000011
synthetic_telemetry,SYN_001244,124.4,STAGE_1_FLIGHT,6.1984,3204.4,239.912,95.91199999999999,749.34,34982.4,3.7024000000000004,3.1168,0.7119999999999999,0.6119999999999999,0.8119999999999998,6.064,26.656,22.056,401.2,0.008800000000000011,0.0044000000000000055,-0.0044000000000000055
synthetic_telemetry,SYN_001245,124.5,STAGE_1_FLIGHT,6.19825,3204.5,239.91,95.91,749.325,34982.0,3.702,3.1165,0.71,0.61,0.8099999999999999,6.07,26.655,22.055,401.0,0.009000000000000001,0.0045000000000000005,-0.0045000000000000005
synthetic_telemetry,SYN_001246,124.60000000000001,STAGE_1_FLIGHT,6.1981,3204.6,239.90800000000002,95.908,749.31,34981.6,3.7016,3.1162,0.7079999999999999,0.6079999999999998,0.8079999999999998,6.0760000000000005,26.654,22.054000000000002,400.79999999999995,0.009200000000000017,0.004600000000000009,-0.004600000000000009
synthetic_telemetry,SYN_001247,124.7,STAGE_1_FLIGHT,6.1979500000000005,3204.7,239.906,95.90599999999999,749.295,34981.2,3.7012,3.1159,0.706,0.6059999999999999,0.8059999999999999,6.082,26.653,22.053,400.6,0.009400000000000006,0.004700000000000003,-0.004700000000000003
synthetic_telemetry,SYN_001248,124.80000000000001,STAGE_1_FLIGHT,6.1978,3204.8,239.904,95.904,749.28,34980.8,3.7008,3.1156,0.7039999999999997,0.6039999999999998,0.8039999999999997,6.088000000000001,26.652,22.052,400.4,0.009600000000000023,0.004800000000000012,-0.004800000000000012
synthetic_telemetry,SYN_001249,124.9,STAGE_1_FLIGHT,6.19765,3204.9,239.90200000000002,95.902,749.265,34980.4,3.7004,3.1153,0.7019999999999998,0.6019999999999999,0.8019999999999998,6.094,26.651,22.051000000000002,400.2,0.009800000000000012,0.004900000000000006,-0.004900000000000006
synthetic_telemetry,SYN_001250,125.0,STAGE_1_FLIGHT,6.1975,3205.0,239.9,95.9,749.25,34980.0,3.7,3.115,0.7,0.6,0.8,6.1,26.65,22.05,400.0,0.01,0.005,-0.005
synthetic_telemetry,SYN_001251,125.10000000000001,STAGE_1_FLIGHT,6.19735,3205.1,239.898,95.898,749.235,34979.6,3.6996,3.1147,0.6979999999999998,0.5979999999999998,0.7979999999999998,6.106000000000001,26.649,22.049,399.79999999999995,0.010200000000000018,0.005100000000000009,-0.005100000000000009
synthetic_telemetry,SYN_001252,125.2,STAGE_1_FLIGHT,6.1972000000000005,3205.2,239.89600000000002,95.896,749.22,34979.2,3.6992000000000003,3.1144,0.696,0.5959999999999999,0.7959999999999999,6.112,26.648,22.048000000000002,399.6,0.010400000000000006,0.005200000000000003,-0.005200000000000003
synthetic_telemetry,SYN_001253,125.30000000000001,STAGE_1_FLIGHT,6.19705,3205.3,239.894,95.89399999999999,749.205,34978.8,3.6988000000000003,3.1141,0.6939999999999997,0.5939999999999998,0.7939999999999998,6.118,26.647000000000002,22.047,399.4,0.010600000000000023,0.005300000000000011,-0.005300000000000011
synthetic_telemetry,SYN_001254,125.4,STAGE_1_FLIGHT,6.1969,3205.4,239.892,95.892,749.19,34978.4,3.6984000000000004,3.1138,0.692,0.5919999999999999,0.7919999999999998,6.1240000000000006,26.646,22.046,399.2,0.010800000000000011,0.0054000000000000055,-0.0054000000000000055
synthetic_telemetry,SYN_001255,125.5,STAGE_1_FLIGHT,6.196750000000001,3205.5,239.89000000000001,95.89,749.175,34978.0,3.6980000000000004,3.1135,0.69,0.59,0.79,6.13,26.645,22.045,399.0,0.011,0.0055,-0.0055
synthetic_telemetry,SYN_001256,125.60000000000001,STAGE_1_FLIGHT,6.1966,3205.6,239.888,95.888,749.16,34977.6,3.6976,3.1132,0.6879999999999998,0.5879999999999999,0.7879999999999998,6.136000000000001,26.644000000000002,22.044,398.79999999999995,0.011200000000000017,0.005600000000000009,-0.005600000000000009
synthetic_telemetry,SYN_001257,125.7,STAGE_1_FLIGHT,6.1964500000000005,3205.7,239.886,95.886,749.145,34977.2,3.6972,3.1129,0.6859999999999999,0.5859999999999999,0.7859999999999999,6.142,26.643,22.043,398.6,0.011400000000000006,0.005700000000000003,-0.005700000000000003
synthetic_telemetry,SYN_001258,125.80000000000001,STAGE_1_FLIGHT,6.1963,3205.8,239.88400000000001,95.884,749.13,34976.8,3.6968,3.1126,0.6839999999999997,0.5839999999999997,0.7839999999999998,6.148000000000001,26.642,22.042,398.4,0.011600000000000023,0.005800000000000012,-0.005800000000000012
synthetic_telemetry,SYN_001259,125.9,STAGE_1_FLIGHT,6.19615,3205.9,239.882,95.882,749.115,34976.4,3.6964,3.1123,0.6819999999999999,0.5819999999999999,0.7819999999999998,6.154000000000001,26.641000000000002,22.041,398.2,0.011800000000000012,0.005900000000000006,-0.005900000000000006
synthetic_telemetry,SYN_001260,126.0,STAGE_1_FLIGHT,6.196000000000001,3206.0,239.88,95.88,749.1,34976.0,3.696,3.112,0.6799999999999999,0.58,0.78,6.16,26.64,22.04,398.0,0.012,0.006,-0.006
synthetic_telemetry,SYN_001261,126.10000000000001,STAGE_1_FLIGHT,6.19585,3206.1,239.87800000000001,95.878,749.085,34975.6,3.6956,3.1117,0.6779999999999998,0.5779999999999998,0.7779999999999998,6.166,26.639,22.039,397.79999999999995,0.012200000000000018,0.006100000000000009,-0.006100000000000009
synthetic_telemetry,SYN_001262,126.2,STAGE_1_FLIGHT,6.1957,3206.2,239.876,95.876,749.07,34975.2,3.6952000000000003,3.1114,0.6759999999999999,0.576,0.7759999999999999,6.172000000000001,26.638,22.038,397.6,0.012400000000000007,0.006200000000000003,-0.006200000000000003
synthetic_telemetry,SYN_001263,126.30000000000001,STAGE_1_FLIGHT,6.19555,3206.3,239.874,95.874,749.055,34974.8,3.6948000000000003,3.1111,0.6739999999999997,0.5739999999999997,0.7739999999999998,6.178000000000001,26.637,22.037,397.4,0.012600000000000023,0.006300000000000011,-0.006300000000000011
synthetic_telemetry,SYN_001264,126.4,STAGE_1_FLIGHT,6.1954,3206.4,239.872,95.872,749.04,34974.4,3.6944000000000004,3.1108,0.6719999999999999,0.5719999999999998,0.7719999999999998,6.184,26.636,22.036,397.2,0.012800000000000011,0.0064000000000000055,-0.0064000000000000055
synthetic_telemetry,SYN_001265,126.5,STAGE_1_FLIGHT,6.195250000000001,3206.5,239.87,95.87,749.025,34974.0,3.694,3.1105,0.6699999999999999,0.57,0.77,6.19,26.635,22.035,397.0,0.013000000000000001,0.006500000000000001,-0.006500000000000001
synthetic_telemetry,SYN_001266,126.60000000000001,STAGE_1_FLIGHT,6.1951,3206.6,239.868,95.868,749.01,34973.6,3.6936,3.1102,0.6679999999999998,0.5679999999999998,0.7679999999999998,6.196000000000001,26.634,22.034,396.79999999999995,0.013200000000000017,0.006600000000000009,-0.006600000000000009
synthetic_telemetry,SYN_001267,126.7,STAGE_1_FLIGHT,6.19495,3206.7,239.866,95.866,748.995,34973.2,3.6932,3.1099,0.6659999999999999,0.566,0.7659999999999999,6.202,26.633,22.033,396.6,0.013400000000000006,0.006700000000000003,-0.006700000000000003
synthetic_telemetry,SYN_001268,126.80000000000001,STAGE_1_FLIGHT,6.1948,3206.8,239.864,95.864,748.98,34972.8,3.6928,3.1096,0.6639999999999997,0.5639999999999997,0.7639999999999998,6.208000000000001,26.632,22.032,396.4,0.013600000000000024,0.006800000000000012,-0.006800000000000012
synthetic_telemetry,SYN_001269,126.9,STAGE_1_FLIGHT,6.19465,3206.9,239.862,95.862,748.965,34972.4,3.6924,3.1093,0.6619999999999999,0.5619999999999998,0.7619999999999998,6.214,26.631,22.031,396.2,0.013800000000000012,0.006900000000000006,-0.006900000000000006
synthetic_telemetry,SYN_001270,127.0,STAGE_1_FLIGHT,6.194500000000001,3207.0,239.86,95.86,748.95,34972.0,3.692,3.109,0.66,0.5599999999999999,0.76,6.220000000000001,26.630000000000003,22.03,396.0,0.014,0.007,-0.007
synthetic_telemetry,SYN_001271,127.10000000000001,STAGE_1_FLIGHT,6.19435,3207.1,239.858,95.858,748.935,34971.6,3.6916,3.1087,0.6579999999999998,0.5579999999999998,0.7579999999999998,6.226000000000001,26.629,22.029,395.79999999999995,0.014200000000000018,0.007100000000000009,-0.007100000000000009
synthetic_telemetry,SYN_001272,127.2,STAGE_1_FLIGHT,6.1942,3207.2,239.856,95.856,748.92,34971.2,3.6912000000000003,3.1084,0.6559999999999999,0.5559999999999999,0.7559999999999999,6.232,26.628,22.028,395.6,0.014400000000000007,0.007200000000000003,-0.007200000000000003
synthetic_telemetry,SYN_001273,127.30000000000001,STAGE_1_FLIGHT,6.194050000000001,3207.3,239.854,95.854,748.905,34970.8,3.6908000000000003,3.1081,0.6539999999999998,0.5539999999999997,0.7539999999999998,6.238000000000001,26.627000000000002,22.027,395.4,0.014600000000000023,0.007300000000000011,-0.007300000000000011
synthetic_telemetry,SYN_001274,127.4,STAGE_1_FLIGHT,6.1939,3207.4,239.852,95.852,748.89,34970.4,3.6904000000000003,3.1078,0.6519999999999999,0.5519999999999998,0.7519999999999999,6.244000000000001,26.626,22.026,395.2,0.014800000000000011,0.0074000000000000055,-0.0074000000000000055
synthetic_telemetry,SYN_001275,127.5,STAGE_1_FLIGHT,6.1937500000000005,3207.5,239.85000000000002,95.85,748.875,34970.0,3.6900000000000004,3.1075,0.65,0.55,0.75,6.25,26.625,22.025,395.0,0.015,0.0075,-0.0075
synthetic_telemetry,SYN_001276,127.60000000000001,STAGE_1_FLIGHT,6.1936,3207.6,239.848,95.848,748.86,34969.6,3.6896,3.1072,0.6479999999999998,0.5479999999999998,0.7479999999999998,6.256000000000001,26.624000000000002,22.024,394.79999999999995,0.015200000000000017,0.007600000000000009,-0.007600000000000009
synthetic_telemetry,SYN_001277,127.7,STAGE_1_FLIGHT,6.19345,3207.7,239.846,95.846,748.845,34969.2,3.6892,3.1069,0.6459999999999999,0.5459999999999999,0.7459999999999999,6.2620000000000005,26.623,22.023,394.6,0.015400000000000006,0.007700000000000003,-0.007700000000000003
synthetic_telemetry,SYN_001278,127.80000000000001,STAGE_1_FLIGHT,6.193300000000001,3207.8,239.84400000000002,95.844,748.83,34968.8,3.6888,3.1066,0.6439999999999998,0.5439999999999998,0.7439999999999998,6.268000000000001,26.622,22.022,394.4,0.015600000000000024,0.007800000000000012,-0.007800000000000012
synthetic_telemetry,SYN_001279,127.9,STAGE_1_FLIGHT,6.19315,3207.9,239.842,95.842,748.815,34968.4,3.6884,3.1063,0.6419999999999999,0.5419999999999998,0.7419999999999999,6.274000000000001,26.621000000000002,22.021,394.2,0.015800000000000012,0.007900000000000006,-0.007900000000000006
synthetic_telemetry,SYN_001280,128.0,STAGE_1_FLIGHT,6.1930000000000005,3208.0,239.84,95.84,748.8,34968.0,3.688,3.106,0.64,0.54,0.74,6.28,26.62,22.02,394.0,0.016,0.008,-0.008
synthetic_telemetry,SYN_001281,128.1,STAGE_1_FLIGHT,6.19285,3208.1,239.83800000000002,95.838,748.785,34967.6,3.6876,3.1057,0.6380000000000001,0.538,0.7380000000000001,6.286,26.619,22.019000000000002,393.8,0.01619999999999999,0.008099999999999994,-0.008099999999999994
synthetic_telemetry,SYN_001282,128.20000000000002,STAGE_1_FLIGHT,6.1927,3208.2,239.836,95.836,748.77,34967.2,3.6872000000000003,3.1054,0.6359999999999997,0.5359999999999996,0.7359999999999997,6.292000000000002,26.618000000000002,22.018,393.59999999999997,0.016400000000000036,0.008200000000000018,-0.008200000000000018
synthetic_telemetry,SYN_001283,128.3,STAGE_1_FLIGHT,6.192550000000001,3208.3,239.834,95.834,748.755,34966.8,3.6868000000000003,3.1051,0.6339999999999998,0.5339999999999998,0.7339999999999998,6.298000000000001,26.617,22.017,393.4,0.016600000000000024,0.008300000000000012,-0.008300000000000012
synthetic_telemetry,SYN_001284,128.4,STAGE_1_FLIGHT,6.1924,3208.4,239.83200000000002,95.832,748.74,34966.4,3.6864000000000003,3.1048,0.6319999999999999,0.5319999999999998,0.7319999999999999,6.304,26.616,22.016000000000002,393.2,0.016800000000000013,0.008400000000000006,-0.008400000000000006
synthetic_telemetry,SYN_001285,128.5,STAGE_1_FLIGHT,6.1922500000000005,3208.5,239.83,95.83,748.725,34966.0,3.686,3.1045000000000003,0.63,0.53,0.73,6.3100000000000005,26.615000000000002,22.015,393.0,0.017,0.0085,-0.0085
synthetic_telemetry,SYN_001286,128.6,STAGE_1_FLIGHT,6.1921,3208.6,239.828,95.828,748.71,34965.6,3.6856,3.1042,0.6280000000000001,0.5280000000000001,0.7280000000000001,6.316,26.614,22.014,392.8,0.01719999999999999,0.008599999999999995,-0.008599999999999995
synthetic_telemetry,SYN_001287,128.70000000000002,STAGE_1_FLIGHT,6.19195,3208.7,239.82600000000002,95.826,748.695,34965.2,3.6852,3.1039,0.6259999999999997,0.5259999999999996,0.7259999999999996,6.322000000000001,26.613,22.013,392.59999999999997,0.017400000000000033,0.008700000000000017,-0.008700000000000017
synthetic_telemetry,SYN_001288,128.8,STAGE_1_FLIGHT,6.191800000000001,3208.8,239.824,95.824,748.68,34964.8,3.6848,3.1036,0.6239999999999998,0.5239999999999998,0.7239999999999998,6.328000000000001,26.612000000000002,22.012,392.4,0.017600000000000022,0.008800000000000011,-0.008800000000000011
synthetic_telemetry,SYN_001289,128.9,STAGE_1_FLIGHT,6.19165,3208.9,239.822,95.822,748.665,34964.4,3.6844,3.1033,0.6219999999999999,0.5219999999999999,0.7219999999999999,6.3340000000000005,26.611,22.011,392.2,0.01780000000000001,0.008900000000000005,-0.008900000000000005
synthetic_telemetry,SYN_001290,129.0,STAGE_1_FLIGHT,6.1915000000000004,3209.0,239.82000000000002,95.82,748.65,34964.0,3.684,3.103,0.62,0.52,0.72,6.34,26.61,22.01,392.0,0.018000000000000002,0.009000000000000001,-0.009000000000000001
synthetic_telemetry,SYN_001291,129.1,STAGE_1_FLIGHT,6.191350000000001,3209.1,239.818,95.818,748.635,34963.6,3.6836,3.1027,0.6180000000000001,0.5180000000000001,0.7180000000000001,6.346,26.609,22.009,391.8,0.01819999999999999,0.009099999999999995,-0.009099999999999995
synthetic_telemetry,SYN_001292,129.20000000000002,STAGE_1_FLIGHT,6.1912,3209.2,239.816,95.816,748.62,34963.2,3.6832000000000003,3.1024,0.6159999999999997,0.5159999999999997,0.7159999999999996,6.352000000000001,26.608,22.008,391.59999999999997,0.018400000000000034,0.009200000000000017,-0.009200000000000017
synthetic_telemetry,SYN_001293,129.3,STAGE_1_FLIGHT,6.191050000000001,3209.3,239.81400000000002,95.814,748.605,34962.8,3.6828000000000003,3.1021,0.6139999999999998,0.5139999999999998,0.7139999999999997,6.3580000000000005,26.607000000000003,22.007,391.4,0.018600000000000023,0.009300000000000011,-0.009300000000000011
synthetic_telemetry,SYN_001294,129.4,STAGE_1_FLIGHT,6.1909,3209.4,239.812,95.812,748.59,34962.4,3.6824000000000003,3.1018,0.6119999999999999,0.5119999999999999,0.7119999999999999,6.364000000000001,26.606,22.006,391.2,0.01880000000000001,0.009400000000000006,-0.009400000000000006
synthetic_telemetry,SYN_001295,129.5,STAGE_1_FLIGHT,6.19075,3209.5,239.81,95.81,748.575,34962.0,3.6820000000000004,3.1015,0.61,0.51,0.71,6.37,26.605,22.005,391.0,0.019,0.0095,-0.0095
synthetic_telemetry,SYN_001296,129.6,STAGE_1_FLIGHT,6.190600000000001,3209.6,239.80800000000002,95.80799999999999,748.56,34961.6,3.6816,3.1012,0.6080000000000001,0.5080000000000001,0.7080000000000001,6.376,26.604000000000003,22.004,390.8,0.019199999999999988,0.009599999999999994,-0.009599999999999994
synthetic_telemetry,SYN_001297,129.70000000000002,STAGE_1_FLIGHT,6.19045,3209.7,239.806,95.806,748.545,34961.2,3.6812,3.1009,0.6059999999999997,0.5059999999999997,0.7059999999999996,6.3820000000000014,26.603,22.003,390.59999999999997,0.019400000000000035,0.009700000000000018,-0.009700000000000018
synthetic_telemetry,SYN_001298,129.8,STAGE_1_FLIGHT,6.190300000000001,3209.8,239.804,95.804,748.53,34960.8,3.6808,3.1006,0.6039999999999998,0.5039999999999998,0.7039999999999997,6.388000000000001,26.602,22.002,390.4,0.019600000000000024,0.009800000000000012,-0.009800000000000012
synthetic_telemetry,SYN_001299,129.9,STAGE_1_FLIGHT,6.19015,3209.9,239.80200000000002,95.80199999999999,748.515,34960.4,3.6804,3.1003000000000003,0.6019999999999999,0.5019999999999999,0.7019999999999998,6.394000000000001,26.601000000000003,22.001,390.2,0.019800000000000012,0.009900000000000006,-0.009900000000000006
synthetic_telemetry,SYN_001300,130.0,STAGE_1_FLIGHT,6.19,3210.0,239.8,95.8,748.5,34960.0,3.68,3.1,0.6,0.5,0.7,6.4,26.6,22.0,390.0,0.02,0.01,-0.01
synthetic_telemetry,SYN_001301,130.1,STAGE_1_FLIGHT,6.190200000000001,3209.8,239.804,95.804,748.53,34960.8,3.6796,3.0997,0.5990000000000001,0.5,0.6990000000000001,6.407,26.599,22.002,389.8,0.019700000000000016,0.009900000000000006,-0.009800000000000012
synthetic_telemetry,SYN_001302,130.20000000000002,STAGE_1_FLIGHT,6.1904,3209.6,239.80800000000002,95.80799999999999,748.5600000000001,34961.6,3.6792000000000002,3.0994,0.5979999999999998,0.5,0.6979999999999997,6.4140000000000015,26.598000000000003,22.004,389.59999999999997,0.01939999999999995,0.009799999999999982,-0.009599999999999966
synthetic_telemetry,SYN_001303,130.3,STAGE_1_FLIGHT,6.190600000000001,3209.4,239.812,95.812,748.59,34962.4,3.6788000000000003,3.0991,0.5969999999999999,0.5,0.6969999999999998,6.421000000000001,26.597,22.006,389.4,0.019099999999999968,0.009699999999999988,-0.009399999999999978
synthetic_telemetry,SYN_001304,130.4,STAGE_1_FLIGHT,6.1908,3209.2,239.816,95.816,748.62,34963.2,3.6784000000000003,3.0988,0.596,0.5,0.696,6.428000000000001,26.596,22.008,389.2,0.018799999999999983,0.009599999999999994,-0.00919999999999999
synthetic_telemetry,SYN_001305,130.5,STAGE_1_FLIGHT,6.191000000000001,3209.0,239.82000000000002,95.82,748.65,34964.0,3.678,3.0985,0.595,0.5,0.695,6.4350000000000005,26.595000000000002,22.01,389.0,0.0185,0.0095,-0.009000000000000001
synthetic_telemetry,SYN_001306,130.6,STAGE_1_FLIGHT,6.1912,3208.8,239.824,95.824,748.68,34964.8,3.6776,3.0982000000000003,0.5940000000000001,0.5,0.6940000000000001,6.442,26.594,22.012,388.8,0.018200000000000018,0.009400000000000006,-0.008800000000000011
synthetic_telemetry,SYN_001307,130.70000000000002,STAGE_1_FLIGHT,6.191400000000001,3208.6,239.828,95.828,748.71,34965.6,3.6772,3.0979,0.5929999999999999,0.5,0.6929999999999998,6.449000000000002,26.593,22.014,388.59999999999997,0.01789999999999995,0.009299999999999984,-0.008599999999999965
synthetic_telemetry,SYN_001308,130.8,STAGE_1_FLIGHT,6.1916,3208.4,239.83200000000002,95.832,748.74,34966.4,3.6768,3.0976,0.5919999999999999,0.5,0.6919999999999998,6.456000000000001,26.592000000000002,22.016000000000002,388.4,0.017599999999999966,0.00919999999999999,-0.008399999999999977
synthetic_telemetry,SYN_001309,130.9,STAGE_1_FLIGHT,6.191800000000001,3208.2,239.836,95.836,748.77,34967.2,3.6764,3.0973,0.591,0.5,0.691,6.463000000000001,26.591,22.018,388.2,0.017299999999999982,0.009099999999999995,-0.008199999999999989
synthetic_telemetry,SYN_001310,131.0,STAGE_1_FLIGHT,6.192,3208.0,239.84,95.84,748.8,34968.0,3.676,3.097,0.59,0.5,0.69,6.470000000000001,26.59,22.02,388.0,0.017,0.009000000000000001,-0.008
synthetic_telemetry,SYN_001311,131.1,STAGE_1_FLIGHT,6.192200000000001,3207.8,239.84400000000002,95.844,748.83,34968.8,3.6756,3.0967000000000002,0.5890000000000001,0.5,0.6890000000000001,6.477,26.589000000000002,22.022,387.8,0.016700000000000017,0.008900000000000005,-0.007800000000000012
synthetic_telemetry,SYN_001312,131.20000000000002,STAGE_1_FLIGHT,6.1924,3207.6,239.848,95.848,748.86,34969.6,3.6752000000000002,3.0964,0.5879999999999999,0.5,0.6879999999999998,6.484000000000002,26.588,22.024,387.59999999999997,0.01639999999999995,0.008799999999999983,-0.007599999999999966
synthetic_telemetry,SYN_001313,131.3,STAGE_1_FLIGHT,6.1926000000000005,3207.4,239.852,95.852,748.89,34970.4,3.6748000000000003,3.0961,0.5869999999999999,0.5,0.6869999999999998,6.491000000000001,26.587,22.026,387.4,0.016099999999999965,0.008699999999999989,-0.007399999999999978
synthetic_telemetry,SYN_001314,131.4,STAGE_1_FLIGHT,6.1928,3207.2,239.856,95.856,748.92,34971.2,3.6744000000000003,3.0958,0.586,0.5,0.6859999999999999,6.498,26.586000000000002,22.028,387.2,0.015799999999999984,0.008599999999999995,-0.007199999999999989
synthetic_telemetry,SYN_001315,131.5,STAGE_1_FLIGHT,6.1930000000000005,3207.0,239.86,95.86,748.95,34972.0,3.6740000000000004,3.0955,0.585,0.5,0.6849999999999999,6.505,26.585,22.03,387.0,0.0155,0.0085,-0.007
synthetic_telemetry,SYN_001316,131.6,STAGE_1_FLIGHT,6.1932,3206.8,239.864,95.864,748.98,34972.8,3.6736,3.0952,0.5840000000000001,0.5,0.684,6.512,26.584,22.032,386.8,0.015200000000000017,0.008400000000000006,-0.006800000000000011
synthetic_telemetry,SYN_001317,131.70000000000002,STAGE_1_FLIGHT,6.1934000000000005,3206.6,239.868,95.868,749.01,34973.6,3.6732,3.0949,0.5829999999999999,0.5,0.6829999999999998,6.519000000000001,26.583000000000002,22.034,386.59999999999997,0.014899999999999948,0.008299999999999983,-0.006599999999999966
synthetic_telemetry,SYN_001318,131.8,STAGE_1_FLIGHT,6.1936,3206.4,239.872,95.872,749.04,34974.4,3.6728,3.0946,0.5819999999999999,0.5,0.6819999999999998,6.526000000000001,26.582,22.036,386.4,0.014599999999999967,0.008199999999999989,-0.006399999999999977
synthetic_telemetry,SYN_001319,131.9,STAGE_1_FLIGHT,6.1938,3206.2,239.876,95.876,749.07,34975.2,3.6724,3.0943,0.581,0.5,0.6809999999999999,6.533,26.581,22.038,386.2,0.014299999999999983,0.008099999999999994,-0.0061999999999999885
synthetic_telemetry,SYN_001320,132.0,STAGE_1_FLIGHT,6.194,3206.0,239.88,95.88,749.1,34976.0,3.672,3.094,0.58,0.5,0.6799999999999999,6.54,26.580000000000002,22.04,386.0,0.014,0.008,-0.006
synthetic_telemetry,SYN_001321,132.1,STAGE_1_FLIGHT,6.1942,3205.8,239.88400000000001,95.884,749.13,34976.8,3.6716,3.0937,0.5790000000000001,0.5,0.679,6.547,26.579,22.041999999999998,385.8,0.013700000000000018,0.007900000000000006,-0.005800000000000012
synthetic_telemetry,SYN_001322,132.20000000000002,STAGE_1_FLIGHT,6.1944,3205.6,239.888,95.888,749.16,34977.6,3.6712000000000002,3.0934,0.5779999999999998,0.5,0.6779999999999998,6.554000000000001,26.578,22.044,385.59999999999997,0.01339999999999995,0.007799999999999983,-0.005599999999999966
synthetic_telemetry,SYN_001323,132.3,STAGE_1_FLIGHT,6.1946,3205.4,239.892,95.892,749.19,34978.4,3.6708000000000003,3.0931,0.5769999999999998,0.5,0.6769999999999998,6.561000000000001,26.577,22.046,385.4,0.013099999999999966,0.007699999999999989,-0.005399999999999978
synthetic_telemetry,SYN_001324,132.4,STAGE_1_FLIGHT,6.1948,3205.2,239.89600000000002,95.896,749.22,34979.2,3.6704000000000003,3.0928,0.576,0.5,0.6759999999999999,6.5680000000000005,26.576,22.048,385.2,0.012799999999999983,0.007599999999999994,-0.0051999999999999885
synthetic_telemetry,SYN_001325,132.5,STAGE_1_FLIGHT,6.195,3205.0,239.9,95.9,749.25,34980.0,3.67,3.0925000000000002,0.575,0.5,0.6749999999999999,6.575,26.575000000000003,22.05,385.0,0.0125,0.0075,-0.005
synthetic_telemetry,SYN_001326,132.6,STAGE_1_FLIGHT,6.195200000000001,3204.8,239.904,95.904,749.28,34980.8,3.6696,3.0922,0.5740000000000001,0.5,0.674,6.582,26.574,22.052,384.8,0.012200000000000016,0.0074000000000000055,-0.004800000000000012
synthetic_telemetry,SYN_001327,132.70000000000002,STAGE_1_FLIGHT,6.1954,3204.6,239.90800000000002,95.908,749.3100000000001,34981.6,3.6692,3.0919,0.5729999999999998,0.5,0.6729999999999998,6.589000000000001,26.573,22.054,384.59999999999997,0.011899999999999949,0.007299999999999984,-0.004599999999999966
synthetic_telemetry,SYN_001328,132.8,STAGE_1_FLIGHT,6.195600000000001,3204.4,239.912,95.912,749.34,34982.4,3.6688,3.0916,0.5719999999999998,0.5,0.6719999999999998,6.596000000000001,26.572,22.056,384.4,0.011599999999999966,0.007199999999999989,-0.004399999999999978
synthetic_telemetry,SYN_001329,132.9,STAGE_1_FLIGHT,6.1958,3204.2,239.916,95.916,749.37,34983.2,3.6684,3.0913,0.571,0.5,0.6709999999999999,6.603000000000001,26.571,22.058,384.2,0.011299999999999984,0.007099999999999994,-0.0041999999999999885
synthetic_telemetry,SYN_001330,133.0,STAGE_1_FLIGHT,6.196000000000001,3204.0,239.92000000000002,95.92,749.4,34984.0,3.668,3.091,0.57,0.5,0.6699999999999999,6.61,26.57,22.06,384.0,0.011,0.007,-0.004
synthetic_telemetry,SYN_001331,133.1,STAGE_1_FLIGHT,6.1962,3203.8,239.924,95.92399999999999,749.43,34984.8,3.6676,3.0907,0.5690000000000001,0.5,0.669,6.617,26.569000000000003,22.062,383.8,0.010700000000000017,0.006900000000000006,-0.0038000000000000117
synthetic_telemetry,SYN_001332,133.20000000000002,STAGE_1_FLIGHT,6.196400000000001,3203.6,239.928,95.928,749.46,34985.6,3.6672000000000002,3.0904,0.5679999999999998,0.5,0.6679999999999998,6.624000000000001,26.568,22.064,383.59999999999997,0.01039999999999995,0.006799999999999983,-0.003599999999999966
synthetic_telemetry,SYN_001333,133.3,STAGE_1_FLIGHT,6.1966,3203.4,239.93200000000002,95.932,749.49,34986.4,3.6668000000000003,3.0901,0.5669999999999998,0.5,0.6669999999999998,6.631000000000001,26.567,22.066,383.4,0.010099999999999967,0.006699999999999989,-0.0033999999999999777
synthetic_telemetry,SYN_001334,133.4,STAGE_1_FLIGHT,6.1968000000000005,3203.2,239.936,95.93599999999999,749.52,34987.2,3.6664000000000003,3.0898,0.566,0.5,0.6659999999999999,6.638000000000001,26.566000000000003,22.068,383.2,0.009799999999999982,0.006599999999999995,-0.0031999999999999884
synthetic_telemetry,SYN_001335,133.5,STAGE_1_FLIGHT,6.197,3203.0,239.94,95.94,749.55,34988.0,3.6660000000000004,3.0895,0.565,0.5,0.6649999999999999,6.6450000000000005,26.565,22.07,383.0,0.0095,0.006500000000000001,-0.003
synthetic_telemetry,SYN_001336,133.6,STAGE_1_FLIGHT,6.1972000000000005,3202.8,239.94400000000002,95.944,749.58,34988.8,3.6656,3.0892,0.5640000000000001,0.5,0.664,6.651999999999999,26.564,22.072,382.8,0.009200000000000017,0.006400000000000006,-0.0028000000000000117
synthetic_telemetry,SYN_001337,133.70000000000002,STAGE_1_FLIGHT,6.1974,3202.6,239.948,95.948,749.61,34989.6,3.6652,3.0888999999999998,0.5629999999999998,0.5,0.6629999999999998,6.659000000000002,26.563000000000002,22.074,382.59999999999997,0.00889999999999995,0.006299999999999983,-0.002599999999999966
synthetic_telemetry,SYN_001338,133.8,STAGE_1_FLIGHT,6.1976,3202.4,239.952,95.952,749.64,34990.4,3.6648,3.0886,0.5619999999999998,0.5,0.6619999999999998,6.666000000000001,26.562,22.076,382.4,0.008599999999999965,0.0061999999999999885,-0.0023999999999999777
synthetic_telemetry,SYN_001339,133.9,STAGE_1_FLIGHT,6.1978,3202.2,239.956,95.956,749.67,34991.2,3.6644,3.0883,0.5609999999999999,0.5,0.6609999999999999,6.673,26.561,22.078,382.2,0.008299999999999983,0.006099999999999994,-0.0021999999999999884
synthetic_telemetry,SYN_001340,134.0,STAGE_1_FLIGHT,6.198,3202.0,239.96,95.96,749.7,34992.0,3.664,3.088,0.5599999999999999,0.5,0.6599999999999999,6.68,26.560000000000002,22.08,382.0,0.008,0.006,-0.002
synthetic_telemetry,SYN_001341,134.1,STAGE_1_FLIGHT,6.1982,3201.8,239.964,95.964,749.73,34992.8,3.6636,3.0877,0.559,0.5,0.659,6.686999999999999,26.559,22.082,381.8,0.007700000000000018,0.005900000000000006,-0.0018000000000000117
synthetic_telemetry,SYN_001342,134.20000000000002,STAGE_1_FLIGHT,6.1984,3201.6,239.968,95.968,749.76,34993.6,3.6632000000000002,3.0874,0.5579999999999998,0.5,0.6579999999999998,6.694000000000001,26.558,22.084,381.59999999999997,0.007399999999999948,0.005799999999999983,-0.001599999999999966
synthetic_telemetry,SYN_001343,134.3,STAGE_1_FLIGHT,6.1986,3201.4,239.972,95.972,749.79,34994.4,3.6628000000000003,3.0871,0.5569999999999998,0.5,0.6569999999999998,6.7010000000000005,26.557000000000002,22.086,381.4,0.007099999999999966,0.005699999999999989,-0.0013999999999999777
synthetic_telemetry,SYN_001344,134.4,STAGE_1_FLIGHT,6.1988,3201.2,239.976,95.976,749.82,34995.2,3.6624000000000003,3.0867999999999998,0.5559999999999999,0.5,0.6559999999999999,6.708,26.556,22.088,381.2,0.006799999999999983,0.005599999999999995,-0.0011999999999999893
synthetic_telemetry,SYN_001345,134.5,STAGE_1_FLIGHT,6.199,3201.0,239.98,95.98,749.85,34996.0,3.662,3.0865,0.5549999999999999,0.5,0.6549999999999999,6.715,26.555,22.09,381.0,0.006500000000000001,0.0055,-0.0009999999999999992
synthetic_telemetry,SYN_001346,134.6,STAGE_1_FLIGHT,6.1992,3200.8,239.984,95.984,749.88,34996.8,3.6616,3.0862,0.554,0.5,0.654,6.7219999999999995,26.554000000000002,22.092,380.8,0.006200000000000018,0.0054000000000000055,-0.0008000000000000108
synthetic_telemetry,SYN_001347,134.70000000000002,STAGE_1_FLIGHT,6.1994,3200.6,239.988,95.988,749.91,34997.6,3.6612,3.0859,0.5529999999999998,0.5,0.6529999999999998,6.729000000000001,26.553,22.094,380.59999999999997,0.005899999999999949,0.005299999999999983,-0.0005999999999999651
synthetic_telemetry,SYN_001348,134.8,STAGE_1_FLIGHT,6.1996,3200.4,239.992,95.992,749.94,34998.4,3.6608,3.0856,0.5519999999999998,0.5,0.6519999999999998,6.736000000000001,26.552,22.096,380.4,0.005599999999999966,0.0051999999999999885,-0.00039999999999997676
synthetic_telemetry,SYN_001349,134.9,STAGE_1_FLIGHT,6.1998,3200.2,239.996,95.996,749.97,34999.2,3.6604,3.0853,0.5509999999999999,0.5,0.6509999999999999,6.743,26.551000000000002,22.098,380.2,0.0052999999999999835,0.005099999999999994,-0.00019999999999998838
synthetic_telemetry,SYN_001350,135.0,STAGE_1_FLIGHT,6.2,3200.0,240.0,96.0,750.0,35000.0,3.66,3.085,0.55,0.5,0.6499999999999999,6.75,26.55,22.1,380.0,0.005000000000000001,0.005,0.0
synthetic_telemetry,SYN_001351,135.1,STAGE_1_FLIGHT,6.200200000000001,3199.8,240.004,96.004,750.03,35000.8,3.6596,3.0846999999999998,0.549,0.5,0.649,6.757,26.549,22.102,379.8,0.004700000000000017,0.004900000000000006,0.00019999999999998838
synthetic_telemetry,SYN_001352,135.20000000000002,STAGE_1_FLIGHT,6.2004,3199.6,240.008,96.008,750.0600000000001,35001.6,3.6592000000000002,3.0844,0.5479999999999998,0.5,0.6479999999999998,6.764000000000001,26.548000000000002,22.104,379.59999999999997,0.004399999999999949,0.004799999999999983,0.000400000000000034
synthetic_telemetry,SYN_001353,135.3,STAGE_1_FLIGHT,6.2006000000000006,3199.4,240.012,96.012,750.09,35002.4,3.6588000000000003,3.0841,0.5469999999999999,0.5,0.6469999999999998,6.771000000000001,26.547,22.105999999999998,379.4,0.004099999999999965,0.004699999999999989,0.0006000000000000224
synthetic_telemetry,SYN_001354,135.4,STAGE_1_FLIGHT,6.2008,3199.2,240.016,96.016,750.12,35003.2,3.6584000000000003,3.0838,0.5459999999999999,0.5,0.6459999999999999,6.7780000000000005,26.546,22.108,379.2,0.003799999999999984,0.004599999999999995,0.0008000000000000108
synthetic_telemetry,SYN_001355,135.5,STAGE_1_FLIGHT,6.2010000000000005,3199.0,240.02,96.02,750.15,35004.0,3.6580000000000004,3.0835,0.5449999999999999,0.5,0.645,6.785,26.545,22.11,379.0,0.0034999999999999996,0.0045000000000000005,0.0009999999999999992
synthetic_telemetry,SYN_001356,135.6,STAGE_1_FLIGHT,6.2012,3198.8,240.024,96.024,750.18,35004.8,3.6576,3.0832,0.544,0.5,0.644,6.792,26.544,22.112,378.8,0.003200000000000019,0.0044000000000000055,0.0011999999999999893
synthetic_telemetry,SYN_001357,135.70000000000002,STAGE_1_FLIGHT,6.2014000000000005,3198.6,240.028,96.028,750.21,35005.6,3.6572,3.0829,0.5429999999999998,0.5,0.6429999999999998,6.799000000000001,26.543,22.114,378.59999999999997,0.0028999999999999478,0.004299999999999983,0.001400000000000035
synthetic_telemetry,SYN_001358,135.8,STAGE_1_FLIGHT,6.2016,3198.4,240.032,96.032,750.24,35006.4,3.6568,3.0826,0.5419999999999998,0.5,0.6419999999999999,6.806000000000001,26.542,22.116,378.4,0.002599999999999967,0.0041999999999999885,0.0016000000000000233
synthetic_telemetry,SYN_001359,135.9,STAGE_1_FLIGHT,6.2018,3198.2,240.036,96.036,750.27,35007.2,3.6564,3.0823,0.5409999999999999,0.5,0.6409999999999999,6.813000000000001,26.541,22.118,378.2,0.0022999999999999826,0.004099999999999994,0.0018000000000000117
synthetic_telemetry,SYN_001360,136.0,STAGE_1_FLIGHT,6.202,3198.0,240.04,96.04,750.3,35008.0,3.656,3.082,0.54,0.5,0.64,6.82,26.54,22.12,378.0,0.0019999999999999983,0.004,0.002
synthetic_telemetry,SYN_001361,136.1,STAGE_1_FLIGHT,6.2022,3197.8,240.044,96.044,750.33,35008.8,3.6556,3.0817,0.539,0.5,0.639,6.827,26.539,22.122,377.8,0.0017000000000000175,0.003900000000000006,0.0021999999999999884
synthetic_telemetry,SYN_001362,136.20000000000002,STAGE_1_FLIGHT,6.2024,3197.6,240.048,96.048,750.36,35009.6,3.6552000000000002,3.0814,0.5379999999999998,0.5,0.6379999999999998,6.834000000000001,26.538,22.124,377.59999999999997,0.00139999999999995,0.003799999999999983,0.002400000000000034
synthetic_telemetry,SYN_001363,136.3,STAGE_1_FLIGHT,6.2026,3197.4,240.052,96.052,750.39,35010.4,3.6548000000000003,3.0810999999999997,0.5369999999999999,0.5,0.6369999999999999,6.841000000000001,26.537,22.126,377.4,0.0010999999999999656,0.003699999999999989,0.0026000000000000224
synthetic_telemetry,SYN_001364,136.4,STAGE_1_FLIGHT,6.2028,3197.2,240.05599999999998,96.056,750.42,35011.2,3.6544000000000003,3.0808,0.5359999999999999,0.5,0.6359999999999999,6.848,26.536,22.128,377.2,0.0007999999999999813,0.0035999999999999947,0.002800000000000011
synthetic_telemetry,SYN_001365,136.5,STAGE_1_FLIGHT,6.203,3197.0,240.06,96.06,750.45,35012.0,3.654,3.0805,0.535,0.5,0.635,6.8549999999999995,26.535,22.13,377.0,0.0005000000000000004,0.0034999999999999996,0.003000000000000001
synthetic_telemetry,SYN_001366,136.6,STAGE_1_FLIGHT,6.2032,3196.8,240.064,96.06400000000001,750.48,35012.8,3.6536,3.0802,0.534,0.5,0.634,6.861999999999999,26.534,22.131999999999998,376.8,0.00020000000000001614,0.0034000000000000054,0.0031999999999999893
synthetic_telemetry,SYN_001367,136.70000000000002,STAGE_1_FLIGHT,6.2034,3196.6,240.06799999999998,96.068,750.51,35013.6,3.6532,3.0799,0.5329999999999998,0.5,0.6329999999999998,6.869000000000001,26.533,22.134,376.59999999999997,-0.00010000000000005144,0.0032999999999999826,0.003400000000000035
synthetic_telemetry,SYN_001368,136.8,STAGE_1_FLIGHT,6.2036,3196.4,240.072,96.072,750.54,35014.4,3.6528,3.0795999999999997,0.5319999999999999,0.5,0.6319999999999999,6.876,26.532,22.136,376.4,-0.00040000000000003574,0.0031999999999999884,0.0036000000000000233
synthetic_telemetry,SYN_001369,136.9,STAGE_1_FLIGHT,6.2038,3196.2,240.076,96.07600000000001,750.57,35015.2,3.6524,3.0793,0.5309999999999999,0.5,0.6309999999999999,6.883,26.531,22.137999999999998,376.2,-0.0007000000000000166,0.0030999999999999943,0.0038000000000000117
synthetic_telemetry,SYN_001370,137.0,STAGE_1_FLIGHT,6.204,3196.0,240.07999999999998,96.08,750.6,35016.0,3.652,3.0789999999999997,0.53,0.5,0.63,6.89,26.53,22.14,376.0,-0.0010000000000000009,0.003,0.004
synthetic_telemetry,SYN_001371,137.1,STAGE_1_FLIGHT,6.2042,3195.8,240.084,96.084,750.63,35016.8,3.6516,3.0787,0.529,0.5,0.629,6.896999999999999,26.529,22.142,375.8,-0.0012999999999999817,0.002900000000000006,0.0041999999999999885
synthetic_telemetry,SYN_001372,137.20000000000002,STAGE_1_FLIGHT,6.2044,3195.6,240.088,96.08800000000001,750.66,35017.6,3.6512000000000002,3.0784,0.5279999999999998,0.5,0.6279999999999998,6.904000000000001,26.528,22.144,375.59999999999997,-0.0016000000000000528,0.002799999999999983,0.004400000000000034
synthetic_telemetry,SYN_001373,137.3,STAGE_1_FLIGHT,6.2046,3195.4,240.09199999999998,96.092,750.69,35018.4,3.6508000000000003,3.0781,0.5269999999999999,0.5,0.6269999999999999,6.9110000000000005,26.527,22.146,375.4,-0.0019000000000000336,0.002699999999999989,0.0046000000000000225
synthetic_telemetry,SYN_001374,137.4,STAGE_1_FLIGHT,6.2048,3195.2,240.096,96.096,750.72,35019.2,3.6504000000000003,3.0778,0.5259999999999999,0.5,0.6259999999999999,6.918,26.526,22.148,375.2,-0.002200000000000018,0.0025999999999999947,0.004800000000000011
synthetic_telemetry,SYN_001375,137.5,STAGE_1_FLIGHT,6.205,3195.0,240.1,96.1,750.75,35020.0,3.6500000000000004,3.0774999999999997,0.525,0.5,0.625,6.925,26.525,22.15,375.0,-0.0024999999999999988,0.0025000000000000005,0.004999999999999999
synthetic_telemetry,SYN_001376,137.6,STAGE_1_FLIGHT,6.2052000000000005,3194.8,240.10399999999998,96.104,750.78,35020.8,3.6496,3.0772,0.524,0.5,0.624,6.9319999999999995,26.524,22.152,374.8,-0.002799999999999983,0.0024000000000000054,0.005199999999999989
synthetic_telemetry,SYN_001377,137.70000000000002,STAGE_1_FLIGHT,6.2054,3194.6,240.108,96.108,750.8100000000001,35021.6,3.6492,3.0768999999999997,0.5229999999999998,0.5,0.6229999999999998,6.939000000000001,26.523,22.154,374.59999999999997,-0.0031000000000000506,0.0022999999999999826,0.005400000000000035
synthetic_telemetry,SYN_001378,137.8,STAGE_1_FLIGHT,6.2056000000000004,3194.4,240.112,96.11200000000001,750.84,35022.4,3.6488,3.0766,0.5219999999999999,0.5,0.6219999999999999,6.946000000000001,26.522,22.156,374.4,-0.003400000000000035,0.0021999999999999884,0.005600000000000023
synthetic_telemetry,SYN_001379,137.9,STAGE_1_FLIGHT,6.2058,3194.2,240.11599999999999,96.116,750.87,35023.2,3.6484,3.0763,0.5209999999999999,0.5,0.6209999999999999,6.953,26.521,22.158,374.2,-0.0037000000000000158,0.0020999999999999942,0.005800000000000012
synthetic_telemetry,SYN_001380,138.0,STAGE_1_FLIGHT,6.206,3194.0,240.12,96.12,750.9,35024.0,3.648,3.076,0.52,0.5,0.62,6.96,26.52,22.16,374.0,-0.004,0.002,0.006
synthetic_telemetry,SYN_001381,138.1,STAGE_1_FLIGHT,6.2062,3193.8,240.124,96.124,750.93,35024.8,3.6476,3.0757,0.519,0.5,0.619,6.967,26.519000000000002,22.162,373.8,-0.004299999999999984,0.0019000000000000059,0.0061999999999999885
synthetic_telemetry,SYN_001382,138.20000000000002,STAGE_1_FLIGHT,6.2064,3193.6,240.128,96.128,750.96,35025.6,3.6472,3.0753999999999997,0.5179999999999998,0.5,0.6179999999999998,6.974000000000001,26.518,22.164,373.59999999999997,-0.004600000000000052,0.0017999999999999822,0.006400000000000036
synthetic_telemetry,SYN_001383,138.3,STAGE_1_FLIGHT,6.2066,3193.4,240.132,96.132,750.99,35026.4,3.6468000000000003,3.0751,0.5169999999999999,0.5,0.6169999999999999,6.981000000000001,26.517,22.166,373.4,-0.004900000000000033,0.001699999999999988,0.006600000000000024
synthetic_telemetry,SYN_001384,138.4,STAGE_1_FLIGHT,6.2068,3193.2,240.136,96.136,751.02,35027.2,3.6464000000000003,3.0747999999999998,0.5159999999999999,0.5,0.6159999999999999,6.988,26.516000000000002,22.168,373.2,-0.005200000000000017,0.0015999999999999938,0.006800000000000013
synthetic_telemetry,SYN_001385,138.5,STAGE_1_FLIGHT,6.207,3193.0,240.14,96.14,751.05,35028.0,3.646,3.0745,0.515,0.5,0.615,6.994999999999999,26.515,22.169999999999998,373.0,-0.005500000000000001,0.0014999999999999996,0.007000000000000001
synthetic_telemetry,SYN_001386,138.6,STAGE_1_FLIGHT,6.2072,3192.8,240.144,96.144,751.08,35028.8,3.6456,3.0742,0.514,0.5,0.614,7.001999999999999,26.514,22.172,372.8,-0.005799999999999982,0.0014000000000000054,0.007199999999999989
synthetic_telemetry,SYN_001387,138.70000000000002,STAGE_1_FLIGHT,6.2074,3192.6,240.148,96.148,751.11,35029.6,3.6452,3.0738999999999996,0.5129999999999998,0.5,0.6129999999999998,7.009000000000001,26.513,22.174,372.59999999999997,-0.00610000000000005,0.0012999999999999835,0.007400000000000033
synthetic_telemetry,SYN_001388,138.8,STAGE_1_FLIGHT,6.2076,3192.4,240.152,96.152,751.14,35030.4,3.6448,3.0736,0.5119999999999999,0.5,0.6119999999999999,7.016,26.512,22.176,372.4,-0.006400000000000034,0.0011999999999999893,0.007600000000000022
synthetic_telemetry,SYN_001389,138.9,STAGE_1_FLIGHT,6.2078,3192.2,240.15599999999998,96.156,751.17,35031.2,3.6444,3.0732999999999997,0.5109999999999999,0.5,0.6109999999999999,7.023,26.511,22.178,372.2,-0.0067000000000000184,0.001099999999999995,0.00780000000000001
synthetic_telemetry,SYN_001390,139.0,STAGE_1_FLIGHT,6.208,3192.0,240.16,96.16,751.2,35032.0,3.644,3.073,0.51,0.5,0.61,7.029999999999999,26.51,22.18,372.0,-0.006999999999999999,0.0009999999999999992,0.008000000000000002
synthetic_telemetry,SYN_001391,139.1,STAGE_1_FLIGHT,6.2082,3191.8,240.164,96.164,751.23,35032.8,3.6436,3.0726999999999998,0.509,0.5,0.609,7.036999999999999,26.509,22.182,371.8,-0.007299999999999984,0.000900000000000005,0.00819999999999999
synthetic_telemetry,SYN_001392,139.20000000000002,STAGE_1_FLIGHT,6.2084,3191.6,240.16799999999998,96.168,751.26,35033.6,3.6432,3.0724,0.5079999999999998,0.5,0.6079999999999998,7.0440000000000005,26.508,22.184,371.59999999999997,-0.007600000000000051,0.000799999999999983,0.008400000000000034
synthetic_telemetry,SYN_001393,139.3,STAGE_1_FLIGHT,6.2086,3191.4,240.172,96.172,751.29,35034.4,3.6428000000000003,3.0721,0.5069999999999999,0.5,0.6069999999999999,7.051,26.507,22.186,371.4,-0.007900000000000035,0.0006999999999999888,0.008600000000000023
synthetic_telemetry,SYN_001394,139.4,STAGE_1_FLIGHT,6.2088,3191.2,240.176,96.176,751.32,35035.2,3.6424000000000003,3.0717999999999996,0.5059999999999999,0.5,0.6059999999999999,7.058,26.506,22.188,371.2,-0.008200000000000016,0.0005999999999999946,0.008800000000000011
synthetic_telemetry,SYN_001395,139.5,STAGE_1_FLIGHT,6.209,3191.0,240.17999999999998,96.18,751.35,35036.0,3.6420000000000003,3.0715,0.505,0.5,0.605,7.0649999999999995,26.505,22.189999999999998,371.0,-0.0085,0.0005000000000000004,0.009
synthetic_telemetry,SYN_001396,139.6,STAGE_1_FLIGHT,6.2092,3190.8,240.184,96.184,751.38,35036.8,3.6416,3.0711999999999997,0.504,0.5,0.604,7.071999999999999,26.504,22.192,370.8,-0.008799999999999981,0.00040000000000000625,0.009199999999999988
synthetic_telemetry,SYN_001397,139.70000000000002,STAGE_1_FLIGHT,6.2094,3190.6,240.188,96.188,751.41,35037.6,3.6412,3.0709,0.5029999999999998,0.5,0.6029999999999998,7.079000000000001,26.503,22.194,370.59999999999997,-0.009100000000000052,0.00029999999999998257,0.009400000000000035
synthetic_telemetry,SYN_001398,139.8,STAGE_1_FLIGHT,6.2096,3190.4,240.19199999999998,96.19200000000001,751.44,35038.4,3.6408,3.0705999999999998,0.5019999999999999,0.5,0.6019999999999999,7.086,26.502,22.195999999999998,370.4,-0.009400000000000033,0.00019999999999998838,0.009600000000000023
synthetic_telemetry,SYN_001399,139.9,STAGE_1_FLIGHT,6.2097999999999995,3190.2,240.196,96.196,751.47,35039.2,3.6404,3.0703,0.5009999999999999,0.5,0.6009999999999999,7.093,26.501,22.198,370.2,-0.009700000000000018,9.999999999999419e-05,0.009800000000000012
synthetic_telemetry,SYN_001400,140.0,STAGE_1_FLIGHT,6.21,3190.0,240.2,96.2,751.5,35040.0,3.64,3.07,0.5,0.5,0.6,7.1,26.5,22.2,370.0,-0.01,0.0,0.01
synthetic_telemetry,SYN_001401,140.1,STAGE_1_FLIGHT,6.1479000000000035,3161.1000000000017,237.79800000000012,95.23800000000006,743.9850000000005,34689.60000000002,3.6396,3.0696999999999997,0.6199999999999932,0.6129999999999936,0.7259999999999929,7.0290000000000035,26.499,22.158,369.8,-0.009400000000000035,0.00039999999999997725,0.010199999999999989
synthetic_telemetry,SYN_001402,140.20000000000002,STAGE_1_FLIGHT,6.085799999999989,3132.1999999999953,235.3959999999996,94.27599999999984,736.4699999999987,34339.19999999994,3.6392,3.0694,0.7400000000000204,0.7260000000000193,0.8520000000000214,6.957999999999988,26.498,22.115999999999993,369.59999999999997,-0.008799999999999898,0.0008000000000000682,0.010400000000000034
synthetic_telemetry,SYN_001403,140.3,STAGE_1_FLIGHT,6.023699999999993,3103.2999999999965,232.99399999999972,93.3139999999999,728.9549999999991,33988.79999999996,3.6388000000000003,3.0690999999999997,0.8600000000000136,0.8390000000000128,0.9780000000000143,6.886999999999992,26.497,22.073999999999995,369.4,-0.008199999999999931,0.0012000000000000454,0.010600000000000023
synthetic_telemetry,SYN_001404,140.4,STAGE_1_FLIGHT,5.961599999999996,3074.3999999999983,230.59199999999984,92.35199999999995,721.4399999999996,33638.39999999998,3.6384000000000003,3.0688,0.9800000000000069,0.9520000000000064,1.1040000000000072,6.815999999999995,26.496,22.031999999999996,369.2,-0.007599999999999966,0.0016000000000000228,0.010800000000000011
synthetic_telemetry,SYN_001405,140.5,STAGE_1_FLIGHT,5.8995,3045.5,228.19,91.39,713.925,33288.0,3.638,3.0685,1.1,1.065,1.23,6.744999999999999,26.495,21.99,369.0,-0.007,0.002,0.011
synthetic_telemetry,SYN_001406,140.6,STAGE_1_FLIGHT,5.837400000000003,3016.6000000000017,225.78800000000012,90.42800000000005,706.4100000000004,32937.60000000002,3.6376,3.0682,1.219999999999993,1.1779999999999937,1.3559999999999928,6.674000000000004,26.494,21.948,368.8,-0.006400000000000034,0.0023999999999999772,0.011199999999999988
synthetic_telemetry,SYN_001407,140.70000000000002,STAGE_1_FLIGHT,5.775299999999989,2987.6999999999953,223.38599999999957,89.46599999999984,698.8949999999987,32587.19999999994,3.6372,3.0679,1.3400000000000203,1.2910000000000195,1.4820000000000215,6.602999999999987,26.493,21.90599999999999,368.59999999999997,-0.005799999999999898,0.002800000000000068,0.011400000000000033
synthetic_telemetry,SYN_001408,140.8,STAGE_1_FLIGHT,5.7131999999999925,2958.7999999999965,220.98399999999972,88.50399999999989,691.3799999999992,32236.79999999996,3.6368,3.0675999999999997,1.4600000000000137,1.4040000000000128,1.6080000000000143,6.531999999999991,26.492,21.863999999999994,368.4,-0.005199999999999932,0.0032000000000000457,0.011600000000000023
synthetic_telemetry,SYN_001409,140.9,STAGE_1_FLIGHT,5.651099999999996,2929.8999999999983,218.58199999999985,87.54199999999994,683.8649999999996,31886.39999999998,3.6364,3.0673,1.5800000000000067,1.5170000000000066,1.734000000000007,6.460999999999996,26.491,21.821999999999996,368.2,-0.004599999999999966,0.003600000000000023,0.011800000000000012
synthetic_telemetry,SYN_001410,141.0,STAGE_1_FLIGHT,5.589,2901.0,216.17999999999998,86.58,676.35,31536.0,3.636,3.0669999999999997,1.7,1.6300000000000001,1.8599999999999999,6.39,26.49,21.78,368.0,-0.004,0.004,0.012
synthetic_telemetry,SYN_001411,141.1,STAGE_1_FLIGHT,5.526900000000003,2872.1000000000017,213.77800000000013,85.61800000000005,668.8350000000004,31185.60000000002,3.6356,3.0667,1.8199999999999932,1.7429999999999937,1.9859999999999927,6.3190000000000035,26.489,21.738000000000003,367.8,-0.003400000000000034,0.004399999999999978,0.012199999999999989
synthetic_telemetry,SYN_001412,141.20000000000002,STAGE_1_FLIGHT,5.46479999999999,2843.1999999999953,211.37599999999958,84.65599999999984,661.3199999999987,30835.19999999994,3.6352,3.0664,1.9400000000000204,1.8560000000000194,2.1120000000000214,6.247999999999988,26.488,21.69599999999999,367.59999999999997,-0.002799999999999898,0.004800000000000068,0.012400000000000034
synthetic_telemetry,SYN_001413,141.3,STAGE_1_FLIGHT,5.402699999999993,2814.2999999999965,208.9739999999997,83.69399999999989,653.8049999999992,30484.79999999996,3.6348000000000003,3.0661,2.060000000000014,1.969000000000013,2.238000000000014,6.176999999999992,26.487,21.653999999999996,367.4,-0.002199999999999932,0.005200000000000046,0.012600000000000023
synthetic_telemetry,SYN_001414,141.4,STAGE_1_FLIGHT,5.340599999999997,2785.3999999999983,206.57199999999986,82.73199999999994,646.2899999999995,30134.39999999998,3.6344000000000003,3.0658,2.180000000000007,2.0820000000000065,2.364000000000007,6.105999999999995,26.486,21.612,367.2,-0.001599999999999966,0.0056000000000000225,0.012800000000000011
synthetic_telemetry,SYN_001415,141.5,STAGE_1_FLIGHT,5.2785,2756.5,204.17,81.77,638.775,29784.0,3.6340000000000003,3.0654999999999997,2.3,2.1950000000000003,2.49,6.035,26.485,21.57,367.0,-0.0009999999999999992,0.006,0.013
synthetic_telemetry,SYN_001416,141.6,STAGE_1_FLIGHT,5.216400000000004,2727.6000000000017,201.76800000000014,80.80800000000005,631.2600000000004,29433.60000000002,3.6336,3.0652,2.419999999999993,2.3079999999999936,2.615999999999993,5.964000000000004,26.483999999999998,21.528000000000002,366.8,-0.000400000000000034,0.006399999999999978,0.013199999999999988
synthetic_telemetry,SYN_001417,141.70000000000002,STAGE_1_FLIGHT,5.1542999999999894,2698.6999999999953,199.3659999999996,79.84599999999983,623.7449999999988,29083.19999999994,3.6332,3.0648999999999997,2.5400000000000205,2.4210000000000194,2.7420000000000218,5.892999999999987,26.483,21.485999999999994,366.59999999999997,0.00020000000000010287,0.006800000000000068,0.013400000000000033
synthetic_telemetry,SYN_001418,141.8,STAGE_1_FLIGHT,5.092199999999993,2669.7999999999965,196.96399999999971,78.88399999999989,616.2299999999991,28732.79999999996,3.6328,3.0646,2.6600000000000135,2.534000000000013,2.8680000000000145,5.821999999999992,26.482,21.443999999999996,366.4,0.000800000000000068,0.007200000000000046,0.013600000000000022
synthetic_telemetry,SYN_001419,141.9,STAGE_1_FLIGHT,5.0300999999999965,2640.8999999999983,194.56199999999984,77.92199999999994,608.7149999999996,28382.39999999998,3.6324,3.0643,2.780000000000007,2.6470000000000065,2.9940000000000073,5.750999999999996,26.480999999999998,21.401999999999997,366.2,0.001400000000000035,0.0076000000000000225,0.01380000000000001
synthetic_telemetry,SYN_001420,142.0,STAGE_1_FLIGHT,4.968,2612.0,192.16,76.96000000000001,601.2,28032.0,3.632,3.064,2.9,2.7600000000000002,3.12,5.68,26.48,21.36,366.0,0.002,0.008,0.013999999999999999
synthetic_telemetry,SYN_001421,142.1,STAGE_1_FLIGHT,4.9059000000000035,2583.1000000000017,189.75800000000012,75.99800000000005,593.6850000000004,27681.60000000002,3.6316,3.0637,3.019999999999993,2.872999999999994,3.245999999999993,5.6090000000000035,26.479,21.318,365.8,0.002599999999999965,0.008399999999999977,0.014199999999999987
synthetic_telemetry,SYN_001422,142.20000000000002,STAGE_1_FLIGHT,4.843799999999989,2554.1999999999953,187.3559999999996,75.03599999999983,586.1699999999987,27331.19999999994,3.6312,3.0633999999999997,3.1400000000000206,2.9860000000000193,3.3720000000000216,5.537999999999988,26.477999999999998,21.275999999999993,365.59999999999997,0.003200000000000102,0.008800000000000068,0.014400000000000034
synthetic_telemetry,SYN_001423,142.3,STAGE_1_FLIGHT,4.781699999999993,2525.2999999999965,184.95399999999972,74.0739999999999,578.6549999999991,26980.79999999996,3.6308000000000002,3.0631,3.2600000000000136,3.099000000000013,3.4980000000000144,5.466999999999992,26.477,21.233999999999995,365.4,0.003800000000000069,0.009200000000000045,0.014600000000000023
synthetic_telemetry,SYN_001424,142.4,STAGE_1_FLIGHT,4.719599999999996,2496.3999999999983,182.55199999999985,73.11199999999994,571.1399999999995,26630.39999999998,3.6304000000000003,3.0627999999999997,3.3800000000000066,3.212000000000007,3.624000000000007,5.3959999999999955,26.476,21.191999999999997,365.2,0.004400000000000034,0.009600000000000023,0.014800000000000011
synthetic_telemetry,SYN_001425,142.5,STAGE_1_FLIGHT,4.6575,2467.5,180.14999999999998,72.15,563.625,26280.0,3.63,3.0625,3.5,3.325,3.75,5.324999999999999,26.475,21.15,365.0,0.004999999999999999,0.01,0.015
synthetic_telemetry,SYN_001426,142.6,STAGE_1_FLIGHT,4.595400000000003,2438.6000000000017,177.74800000000013,71.18800000000006,556.1100000000004,25929.60000000002,3.6296,3.0622,3.619999999999993,3.437999999999994,3.875999999999993,5.254000000000004,26.474,21.108,364.8,0.005599999999999966,0.010399999999999977,0.015199999999999988
synthetic_telemetry,SYN_001427,142.70000000000002,STAGE_1_FLIGHT,4.53329999999999,2409.6999999999953,175.34599999999958,70.22599999999983,548.5949999999987,25579.19999999994,3.6292,3.0618999999999996,3.74000000000002,3.5510000000000197,4.002000000000021,5.182999999999987,26.473,21.065999999999992,364.59999999999997,0.006200000000000103,0.010800000000000068,0.015400000000000033
synthetic_telemetry,SYN_001428,142.8,STAGE_1_FLIGHT,4.4711999999999925,2380.7999999999965,172.94399999999973,69.2639999999999,541.0799999999991,25228.79999999996,3.6288,3.0616,3.8600000000000136,3.664000000000013,4.128000000000014,5.111999999999991,26.471999999999998,21.023999999999994,364.4,0.006800000000000068,0.011200000000000045,0.015600000000000022
synthetic_telemetry,SYN_001429,142.9,STAGE_1_FLIGHT,4.409099999999997,2351.8999999999983,170.54199999999986,68.30199999999995,533.5649999999996,24878.39999999998,3.6284,3.0612999999999997,3.9800000000000066,3.777000000000007,4.254000000000007,5.040999999999996,26.471,20.981999999999996,364.2,0.007400000000000033,0.011600000000000023,0.01580000000000001
synthetic_telemetry,SYN_001430,143.0,STAGE_1_FLIGHT,4.3469999999999995,2323.0,168.14,67.34,526.05,24528.0,3.628,3.061,4.1,3.8900000000000006,4.38,4.97,26.47,20.939999999999998,364.0,0.008000000000000002,0.012,0.016
synthetic_telemetry,SYN_001431,143.1,STAGE_1_FLIGHT,4.284900000000004,2294.1000000000017,165.7380000000001,66.37800000000006,518.5350000000004,24177.60000000002,3.6276,3.0606999999999998,4.2199999999999935,4.002999999999994,4.505999999999993,4.899000000000004,26.469,20.898000000000003,363.8,0.008599999999999967,0.012399999999999977,0.01619999999999999
synthetic_telemetry,SYN_001432,143.20000000000002,STAGE_1_FLIGHT,4.22279999999999,2265.1999999999953,163.3359999999996,65.41599999999984,511.01999999999873,23827.19999999994,3.6272,3.0604,4.34000000000002,4.116000000000019,4.632000000000021,4.827999999999988,26.468,20.85599999999999,363.59999999999997,0.009200000000000102,0.012800000000000068,0.016400000000000033
synthetic_telemetry,SYN_001433,143.3,STAGE_1_FLIGHT,4.160699999999993,2236.2999999999965,160.9339999999997,64.4539999999999,503.5049999999991,23476.79999999996,3.6268000000000002,3.0601,4.460000000000013,4.229000000000013,4.758000000000014,4.756999999999992,26.467,20.813999999999993,363.4,0.009800000000000067,0.013200000000000045,0.01660000000000002
synthetic_telemetry,SYN_001434,143.4,STAGE_1_FLIGHT,4.098599999999996,2207.3999999999983,158.53199999999987,63.49199999999995,495.98999999999955,23126.39999999998,3.6264000000000003,3.0598,4.580000000000006,4.342000000000007,4.884000000000007,4.685999999999996,26.466,20.772,363.2,0.010400000000000036,0.013600000000000024,0.01680000000000001
synthetic_telemetry,SYN_001435,143.5,STAGE_1_FLIGHT,4.0365,2178.5,156.13,62.53,488.47499999999997,22776.0,3.6260000000000003,3.0595,4.7,4.455,5.01,4.615,26.465,20.73,363.0,0.011000000000000001,0.014,0.016999999999999998
synthetic_telemetry,SYN_001436,143.6,STAGE_1_FLIGHT,3.9744000000000037,2149.6000000000017,153.72800000000012,61.568000000000055,480.96000000000043,22425.60000000002,3.6256,3.0592,4.819999999999993,4.567999999999994,5.135999999999992,4.544000000000004,26.464,20.688000000000002,362.8,0.011599999999999966,0.014399999999999977,0.017199999999999986
synthetic_telemetry,SYN_001437,143.70000000000002,STAGE_1_FLIGHT,3.9122999999999895,2120.6999999999953,151.32599999999957,60.60599999999984,473.4449999999987,22075.19999999994,3.6252,3.0589,4.94000000000002,4.68100000000002,5.262000000000021,4.472999999999988,26.463,20.645999999999994,362.59999999999997,0.012200000000000101,0.014800000000000068,0.017400000000000033
synthetic_telemetry,SYN_001438,143.8,STAGE_1_FLIGHT,3.850199999999993,2091.7999999999965,148.92399999999972,59.64399999999989,465.9299999999991,21724.79999999996,3.6248,3.0585999999999998,5.060000000000014,4.794000000000013,5.388000000000014,4.401999999999992,26.462,20.603999999999996,362.4,0.01280000000000007,0.015200000000000045,0.017600000000000022
synthetic_telemetry,SYN_001439,143.9,STAGE_1_FLIGHT,3.7880999999999965,2062.8999999999983,146.52199999999985,58.681999999999945,458.41499999999957,21374.39999999998,3.6244,3.0583,5.180000000000007,4.907000000000007,5.5140000000000065,4.330999999999996,26.461,20.561999999999998,362.2,0.013400000000000035,0.015600000000000024,0.01780000000000001
synthetic_telemetry,SYN_001440,144.0,STAGE_1_FLIGHT,3.726,2034.0,144.12,57.72,450.9,21024.0,3.624,3.058,5.3,5.0200000000000005,5.64,4.26,26.46,20.52,362.0,0.014,0.016,0.018
synthetic_telemetry,SYN_001441,144.1,STAGE_1_FLIGHT,3.6639000000000035,2005.1000000000017,141.71800000000013,56.75800000000005,443.3850000000004,20673.60000000002,3.6236,3.0577,5.419999999999993,5.132999999999994,5.765999999999993,4.189000000000004,26.459,20.478,361.8,0.014599999999999965,0.016399999999999977,0.018199999999999987
synthetic_telemetry,SYN_001442,144.20000000000002,STAGE_1_FLIGHT,3.6017999999999892,1976.199999999995,139.31599999999958,55.795999999999836,435.8699999999987,20323.19999999994,3.6232,3.0574,5.5400000000000205,5.24600000000002,5.892000000000021,4.117999999999988,26.458,20.435999999999993,361.59999999999997,0.015200000000000104,0.01680000000000007,0.018400000000000034
synthetic_telemetry,SYN_001443,144.3,STAGE_1_FLIGHT,3.5396999999999927,1947.2999999999968,136.9139999999997,54.83399999999989,428.3549999999991,19972.79999999996,3.6228000000000002,3.0570999999999997,5.6600000000000135,5.359000000000013,6.018000000000014,4.046999999999992,26.457,20.393999999999995,361.4,0.01580000000000007,0.017200000000000045,0.01860000000000002
synthetic_telemetry,SYN_001444,144.4,STAGE_1_FLIGHT,3.4775999999999962,1918.3999999999983,134.51199999999986,53.87199999999994,420.8399999999995,19622.39999999998,3.6224000000000003,3.0568,5.7800000000000065,5.472000000000007,6.144000000000007,3.975999999999996,26.456,20.351999999999997,361.2,0.016400000000000033,0.017600000000000022,0.01880000000000001
synthetic_telemetry,SYN_001445,144.5,STAGE_1_FLIGHT,3.4154999999999998,1889.5,132.10999999999999,52.91,413.325,19272.0,3.622,3.0564999999999998,5.8999999999999995,5.585000000000001,6.27,3.905,26.455,20.31,361.0,0.017,0.018000000000000002,0.018999999999999996
synthetic_telemetry,SYN_001446,144.6,STAGE_1_FLIGHT,3.3534000000000037,1860.6000000000017,129.70800000000014,51.94800000000005,405.8100000000004,18921.60000000002,3.6216,3.0562,6.019999999999993,5.697999999999994,6.395999999999993,3.8340000000000036,26.454,20.268,360.8,0.017599999999999963,0.01839999999999998,0.019199999999999988
synthetic_telemetry,SYN_001447,144.70000000000002,STAGE_1_FLIGHT,3.2912999999999895,1831.699999999995,127.30599999999959,50.985999999999834,398.2949999999987,18571.19999999994,3.6212,3.0559,6.14000000000002,5.8110000000000195,6.522000000000022,3.762999999999988,26.453,20.225999999999992,360.59999999999997,0.018200000000000105,0.01880000000000007,0.019400000000000032
synthetic_telemetry,SYN_001448,144.8,STAGE_1_FLIGHT,3.229199999999993,1802.7999999999968,124.90399999999971,50.02399999999989,390.7799999999991,18220.79999999996,3.6208,3.0556,6.260000000000013,5.924000000000014,6.648000000000014,3.6919999999999917,26.451999999999998,20.183999999999994,360.4,0.018800000000000067,0.019200000000000047,0.01960000000000002
synthetic_telemetry,SYN_001449,144.9,STAGE_1_FLIGHT,3.1670999999999965,1773.8999999999983,122.50199999999985,49.06199999999994,383.26499999999953,17870.39999999998,3.6204,3.0553,6.380000000000007,6.037000000000007,6.774000000000007,3.620999999999996,26.451,20.141999999999996,360.2,0.019400000000000035,0.019600000000000024,0.019800000000000012
synthetic_telemetry,SYN_001450,145.0,STAGE_1_FLIGHT,3.105,1745.0,120.1,48.099999999999994,375.75,17520.0,3.62,3.0549999999999997,6.5,6.15,6.8999999999999995,3.55,26.45,20.1,360.0,0.019999999999999997,0.02,0.019999999999999997
synthetic_telemetry,SYN_001451,145.1,STAGE_1_FLIGHT,3.0429000000000035,1716.1000000000017,117.69800000000012,47.138000000000055,368.2350000000004,17169.60000000002,3.6196,3.0547,6.619999999999993,6.262999999999995,7.025999999999993,3.4790000000000036,26.448999999999998,20.058000000000003,359.8,0.020599999999999966,0.020399999999999977,0.02019999999999999
synthetic_telemetry,SYN_001452,145.20000000000002,STAGE_1_FLIGHT,2.9807999999999892,1687.199999999995,115.29599999999958,46.17599999999983,360.71999999999866,16819.19999999994,3.6192,3.0544,6.740000000000021,6.37600000000002,7.1520000000000215,3.407999999999988,26.448,20.01599999999999,359.59999999999997,0.0212000000000001,0.02080000000000007,0.020400000000000033
synthetic_telemetry,SYN_001453,145.3,STAGE_1_FLIGHT,2.9186999999999927,1658.2999999999968,112.89399999999972,45.213999999999885,353.20499999999913,16468.79999999996,3.6188000000000002,3.0541,6.860000000000014,6.489000000000013,7.278000000000014,3.3369999999999918,26.447,19.973999999999997,359.4,0.02180000000000007,0.021200000000000045,0.02060000000000002
synthetic_telemetry,SYN_001454,145.4,STAGE_1_FLIGHT,2.8565999999999963,1629.3999999999983,110.49199999999985,44.251999999999946,345.68999999999954,16118.39999999998,3.6184000000000003,3.0538,6.980000000000007,6.602000000000007,7.404000000000007,3.265999999999996,26.445999999999998,19.932,359.2,0.02240000000000003,0.021600000000000022,0.02080000000000001
synthetic_telemetry,SYN_001455,145.5,STAGE_1_FLIGHT,2.7945,1600.5,108.09,43.29,338.17499999999995,15768.0,3.6180000000000003,3.0535,7.1,6.715000000000001,7.529999999999999,3.195,26.445,19.89,359.0,0.023,0.022,0.020999999999999998
synthetic_telemetry,SYN_001456,145.6,STAGE_1_FLIGHT,2.7324000000000037,1571.6000000000017,105.68800000000013,42.32800000000005,330.6600000000004,15417.60000000002,3.6176,3.0532,7.219999999999993,6.827999999999994,7.655999999999993,3.1240000000000037,26.444,19.848000000000003,358.8,0.02359999999999996,0.02239999999999998,0.021199999999999986
synthetic_telemetry,SYN_001457,145.70000000000002,STAGE_1_FLIGHT,2.6702999999999895,1542.699999999995,103.28599999999958,41.365999999999836,323.1449999999987,15067.199999999939,3.6172,3.0528999999999997,7.34000000000002,6.94100000000002,7.782000000000021,3.0529999999999875,26.442999999999998,19.805999999999994,358.59999999999997,0.024200000000000103,0.02280000000000007,0.02140000000000003
synthetic_telemetry,SYN_001458,145.8,STAGE_1_FLIGHT,2.608199999999993,1513.7999999999968,100.88399999999973,40.40399999999989,315.6299999999991,14716.79999999996,3.6168,3.0526,7.460000000000013,7.054000000000014,7.908000000000014,2.981999999999992,26.442,19.763999999999996,358.4,0.024800000000000065,0.023200000000000047,0.021600000000000022
synthetic_telemetry,SYN_001459,145.9,STAGE_1_FLIGHT,2.5460999999999965,1484.8999999999983,98.48199999999986,39.44199999999994,308.11499999999955,14366.39999999998,3.6164,3.0523,7.580000000000006,7.167000000000007,8.034000000000008,2.910999999999996,26.441,19.721999999999998,358.2,0.025400000000000034,0.023600000000000024,0.021800000000000007
synthetic_telemetry,SYN_001460,146.0,STAGE_1_FLIGHT,2.484,1456.0,96.07999999999998,38.48,300.59999999999997,14016.0,3.616,3.052,7.699999999999999,7.280000000000001,8.16,2.84,26.439999999999998,19.68,358.0,0.026000000000000002,0.024,0.022
synthetic_telemetry,SYN_001461,146.1,STAGE_1_FLIGHT,2.4219000000000035,1427.1000000000017,93.67800000000014,37.51800000000005,293.0850000000004,13665.60000000002,3.6156,3.0517,7.819999999999993,7.3929999999999945,8.285999999999992,2.7690000000000037,26.439,19.638,357.8,0.026599999999999964,0.024399999999999977,0.022199999999999987
synthetic_telemetry,SYN_001462,146.20000000000002,STAGE_1_FLIGHT,2.3597999999999892,1398.199999999995,91.27599999999958,36.555999999999834,285.5699999999987,13315.199999999939,3.6152,3.0514,7.94000000000002,7.50600000000002,8.412000000000022,2.697999999999988,26.438,19.595999999999993,357.59999999999997,0.0272000000000001,0.02480000000000007,0.02240000000000003
synthetic_telemetry,SYN_001463,146.3,STAGE_1_FLIGHT,2.2976999999999927,1369.2999999999968,88.87399999999971,35.59399999999989,278.0549999999991,12964.79999999996,3.6148000000000002,3.0511,8.060000000000013,7.619000000000014,8.538000000000014,2.626999999999992,26.436999999999998,19.553999999999995,357.4,0.027800000000000068,0.025200000000000045,0.022600000000000023
synthetic_telemetry,SYN_001464,146.4,STAGE_1_FLIGHT,2.2355999999999963,1340.3999999999983,86.47199999999987,34.63199999999994,270.5399999999995,12614.39999999998,3.6144000000000003,3.0507999999999997,8.180000000000007,7.732000000000007,8.664000000000007,2.5559999999999956,26.436,19.511999999999997,357.2,0.028400000000000036,0.025600000000000022,0.022800000000000008
synthetic_telemetry,SYN_001465,146.5,STAGE_1_FLIGHT,2.1734999999999998,1311.5,84.07,33.669999999999995,263.025,12264.0,3.614,3.0505,8.3,7.845000000000001,8.79,2.4849999999999994,26.435,19.47,357.0,0.028999999999999998,0.026000000000000002,0.023
synthetic_telemetry,SYN_001466,146.6,STAGE_1_FLIGHT,2.1114000000000033,1282.6000000000017,81.66800000000012,32.70800000000005,255.5100000000004,11913.60000000002,3.6136,3.0502,8.419999999999993,7.957999999999994,8.915999999999993,2.414000000000004,26.433999999999997,19.428,356.8,0.029599999999999967,0.02639999999999998,0.023199999999999985
synthetic_telemetry,SYN_001467,146.70000000000002,STAGE_1_FLIGHT,2.049299999999989,1253.699999999995,79.2659999999996,31.74599999999984,247.9949999999987,11563.199999999939,3.6132,3.0499,8.54000000000002,8.07100000000002,9.042000000000021,2.3429999999999875,26.433,19.385999999999992,356.59999999999997,0.030200000000000102,0.02680000000000007,0.023400000000000032
synthetic_telemetry,SYN_001468,146.8,STAGE_1_FLIGHT,1.9871999999999925,1224.7999999999968,76.86399999999972,30.783999999999892,240.4799999999991,11212.79999999996,3.6128,3.0496,8.660000000000013,8.184000000000013,9.168000000000013,2.2719999999999922,26.432,19.343999999999994,356.4,0.03080000000000007,0.027200000000000047,0.02360000000000002
synthetic_telemetry,SYN_001469,146.9,STAGE_1_FLIGHT,1.925099999999996,1195.8999999999983,74.46199999999985,29.821999999999946,232.96499999999958,10862.39999999998,3.6124,3.0493,8.780000000000006,8.297000000000008,9.294000000000008,2.200999999999996,26.430999999999997,19.301999999999996,356.2,0.03140000000000003,0.027600000000000024,0.02380000000000001
synthetic_telemetry,SYN_001470,147.0,STAGE_1_FLIGHT,1.8630000000000004,1167.0,72.06,28.86,225.44999999999993,10512.0,3.612,3.049,8.9,8.41,9.42,2.13,26.43,19.259999999999998,356.0,0.032,0.028,0.023999999999999997
synthetic_telemetry,SYN_001471,147.1,STAGE_1_FLIGHT,1.800900000000004,1138.1000000000017,69.65800000000013,27.898000000000053,217.9350000000004,10161.60000000002,3.6116,3.0487,9.019999999999992,8.522999999999994,9.545999999999992,2.0590000000000037,26.429,19.218000000000004,355.8,0.03259999999999996,0.028399999999999977,0.024199999999999985
synthetic_telemetry,SYN_001472,147.20000000000002,STAGE_1_FLIGHT,1.7387999999999897,1109.1999999999953,67.25599999999957,26.935999999999837,210.4199999999987,9811.199999999939,3.6112,3.0484,9.14000000000002,8.63600000000002,9.672000000000022,1.987999999999988,26.427999999999997,19.17599999999999,355.59999999999997,0.033200000000000104,0.02880000000000007,0.024400000000000033
synthetic_telemetry,SYN_001473,147.3,STAGE_1_FLIGHT,1.6766999999999932,1080.2999999999965,64.85399999999973,25.97399999999989,202.90499999999906,9460.79999999996,3.6108000000000002,3.0481,9.260000000000014,8.749000000000013,9.798000000000014,1.9169999999999918,26.427,19.133999999999993,355.4,0.033800000000000066,0.029200000000000045,0.024600000000000018
synthetic_telemetry,SYN_001474,147.4,STAGE_1_FLIGHT,1.6145999999999967,1051.3999999999983,62.451999999999856,25.011999999999944,195.38999999999953,9110.39999999998,3.6104000000000003,3.0478,9.380000000000006,8.862000000000007,9.924000000000007,1.8459999999999956,26.426,19.092,355.2,0.034400000000000035,0.029600000000000022,0.02480000000000001
synthetic_telemetry,SYN_001475,147.5,STAGE_1_FLIGHT,1.5525000000000002,1022.5,60.04999999999998,24.049999999999997,187.875,8760.0,3.6100000000000003,3.0475,9.5,8.975000000000001,10.049999999999999,1.7750000000000004,26.424999999999997,19.05,355.0,0.034999999999999996,0.03,0.024999999999999998
synthetic_telemetry,SYN_001476,147.6,STAGE_1_FLIGHT,1.4904000000000037,993.6000000000017,57.64800000000014,23.08800000000005,180.36000000000035,8409.60000000002,3.6096,3.0472,9.619999999999992,9.087999999999994,10.175999999999993,1.7040000000000042,26.424,19.008000000000003,354.8,0.035599999999999965,0.03039999999999998,0.025199999999999986
synthetic_telemetry,SYN_001477,147.70000000000002,STAGE_1_FLIGHT,1.4282999999999895,964.6999999999953,55.24599999999958,22.125999999999834,172.84499999999866,8059.199999999939,3.6092,3.0469,9.74000000000002,9.20100000000002,10.302000000000021,1.6329999999999876,26.423,18.965999999999994,354.59999999999997,0.0362000000000001,0.03080000000000007,0.025400000000000034
synthetic_telemetry,SYN_001478,147.8,STAGE_1_FLIGHT,1.366199999999993,935.7999999999965,52.84399999999971,21.163999999999888,165.32999999999913,7708.799999999959,3.6088,3.0465999999999998,9.860000000000014,9.314000000000014,10.428000000000013,1.5619999999999923,26.421999999999997,18.923999999999996,354.4,0.03680000000000007,0.031200000000000047,0.02560000000000002
synthetic_telemetry,SYN_001479,147.9,STAGE_1_FLIGHT,1.3040999999999965,906.8999999999983,50.441999999999865,20.20199999999994,157.8149999999995,7358.39999999998,3.6084,3.0463,9.980000000000006,9.427000000000007,10.554000000000007,1.490999999999996,26.421,18.881999999999998,354.2,0.03740000000000003,0.031600000000000024,0.02580000000000001
synthetic_telemetry,SYN_001480,148.0,STAGE_1_FLIGHT,1.242,878.0,48.03999999999999,19.239999999999995,150.29999999999995,7008.0,3.608,3.046,10.1,9.540000000000001,10.68,1.42,26.419999999999998,18.84,354.0,0.038,0.032,0.025999999999999995
synthetic_telemetry,SYN_001481,148.1,STAGE_1_FLIGHT,1.1799000000000035,849.1000000000017,45.63800000000012,18.27800000000005,142.78500000000042,6657.60000000002,3.6076,3.0457,10.219999999999994,9.652999999999995,10.805999999999992,1.3490000000000038,26.419,18.798000000000002,353.8,0.03859999999999997,0.03239999999999998,0.026199999999999987
synthetic_telemetry,SYN_001482,148.20000000000002,STAGE_1_FLIGHT,1.1177999999999892,820.1999999999953,43.23599999999959,17.315999999999832,135.26999999999862,6307.199999999939,3.6072,3.0454,10.34000000000002,9.76600000000002,10.932000000000022,1.277999999999988,26.418,18.755999999999993,353.59999999999997,0.0392000000000001,0.03280000000000007,0.026400000000000035
synthetic_telemetry,SYN_001483,148.3,STAGE_1_FLIGHT,1.0556999999999928,791.2999999999965,40.83399999999972,16.353999999999886,127.75499999999909,5956.799999999959,3.6068000000000002,3.0451,10.460000000000013,9.879000000000014,11.058000000000014,1.2069999999999919,26.416999999999998,18.713999999999995,353.4,0.039800000000000064,0.03320000000000005,0.02660000000000002
synthetic_telemetry,SYN_001484,148.4,STAGE_1_FLIGHT,0.9935999999999963,762.3999999999983,38.431999999999846,15.391999999999939,120.23999999999955,5606.39999999998,3.6064000000000003,3.0448,10.580000000000007,9.992000000000008,11.184000000000006,1.1359999999999957,26.416,18.671999999999997,353.2,0.04040000000000003,0.033600000000000026,0.02680000000000001
synthetic_telemetry,SYN_001485,148.5,STAGE_1_FLIGHT,0.9314999999999998,733.5,36.03,14.429999999999993,112.72499999999991,5256.0,3.606,3.0445,10.7,10.105,11.31,1.0649999999999995,26.415,18.63,353.0,0.041,0.034,0.026999999999999996
synthetic_telemetry,SYN_001486,148.6,STAGE_1_FLIGHT,0.8694000000000033,704.6000000000017,33.62800000000013,13.468000000000046,105.21000000000038,4905.60000000002,3.6056,3.0442,10.819999999999993,10.217999999999995,11.435999999999993,0.9940000000000042,26.413999999999998,18.588,352.8,0.04159999999999996,0.03439999999999998,0.027199999999999988
synthetic_telemetry,SYN_001487,148.70000000000002,STAGE_1_FLIGHT,0.807299999999989,675.6999999999953,31.225999999999573,12.50599999999983,97.69499999999869,4555.199999999939,3.6052,3.0439,10.94000000000002,10.33100000000002,11.56200000000002,0.9229999999999876,26.413,18.545999999999992,352.59999999999997,0.0422000000000001,0.03480000000000007,0.02740000000000003
synthetic_telemetry,SYN_001488,148.8,STAGE_1_FLIGHT,0.7451999999999925,646.7999999999965,28.823999999999728,11.543999999999883,90.17999999999904,4204.799999999959,3.6048,3.0436,11.060000000000013,10.444000000000013,11.688000000000015,0.8519999999999923,26.412,18.503999999999994,352.4,0.04280000000000007,0.035200000000000044,0.02760000000000002
synthetic_telemetry,SYN_001489,148.9,STAGE_1_FLIGHT,0.683099999999996,617.8999999999983,26.421999999999855,10.581999999999937,82.66499999999951,3854.3999999999796,3.6044,3.0433,11.180000000000007,10.557000000000007,11.814000000000007,0.7809999999999961,26.410999999999998,18.461999999999996,352.2,0.043400000000000036,0.03560000000000002,0.027800000000000005
synthetic_telemetry,SYN_001490,149.0,STAGE_1_FLIGHT,0.6209999999999996,589.0,24.019999999999982,9.61999999999999,75.14999999999998,3504.0,3.604,3.043,11.299999999999999,10.670000000000002,11.94,0.71,26.41,18.42,352.0,0.044,0.036000000000000004,0.027999999999999997
synthetic_telemetry,SYN_001491,149.1,STAGE_1_FLIGHT,0.558900000000004,560.1000000000017,21.618000000000137,8.658000000000044,67.63500000000033,3153.6000000000204,3.6036,3.0427,11.419999999999993,10.782999999999994,12.065999999999992,0.6390000000000038,26.409,18.378000000000004,351.8,0.044599999999999966,0.03639999999999998,0.028199999999999982
synthetic_telemetry,SYN_001492,149.20000000000002,STAGE_1_FLIGHT,0.4967999999999897,531.1999999999953,19.215999999999582,7.695999999999827,60.11999999999864,2803.199999999939,3.6032,3.0423999999999998,11.54000000000002,10.89600000000002,12.192000000000021,0.5679999999999881,26.407999999999998,18.33599999999999,351.59999999999997,0.0452000000000001,0.03680000000000007,0.02840000000000003
synthetic_telemetry,SYN_001493,149.3,STAGE_1_FLIGHT,0.4346999999999932,502.29999999999654,16.81399999999971,6.733999999999881,52.60499999999911,2452.7999999999593,3.6028000000000002,3.0421,11.660000000000013,11.009000000000015,12.318000000000014,0.4969999999999919,26.407,18.293999999999997,351.4,0.04580000000000007,0.037200000000000046,0.02860000000000002
synthetic_telemetry,SYN_001494,149.4,STAGE_1_FLIGHT,0.3725999999999967,473.3999999999983,14.411999999999864,5.7719999999999345,45.08999999999946,2102.3999999999796,3.6024000000000003,3.0418,11.780000000000006,11.122000000000007,12.444000000000006,0.4259999999999957,26.406,18.252,351.2,0.04640000000000003,0.03760000000000002,0.028800000000000006
synthetic_telemetry,SYN_001495,149.5,STAGE_1_FLIGHT,0.3105000000000002,444.5,12.009999999999991,4.809999999999988,37.57499999999993,1752.0,3.6020000000000003,3.0415,11.9,11.235000000000001,12.57,0.3550000000000004,26.404999999999998,18.21,351.0,0.047,0.038,0.028999999999999998
synthetic_telemetry,SYN_001496,149.6,STAGE_1_FLIGHT,0.24840000000000373,415.6000000000017,9.608000000000118,3.8480000000000416,30.0600000000004,1401.6000000000204,3.6016,3.0412,12.019999999999992,11.347999999999995,12.695999999999993,0.28400000000000425,26.404,18.168000000000003,350.8,0.04759999999999996,0.038399999999999976,0.029199999999999983
synthetic_telemetry,SYN_001497,149.70000000000002,STAGE_1_FLIGHT,0.18629999999998947,386.69999999999527,7.205999999999591,2.885999999999825,22.54499999999871,1051.1999999999389,3.6012,3.0409,12.14000000000002,11.46100000000002,12.82200000000002,0.21299999999998764,26.403,18.125999999999994,350.59999999999997,0.048200000000000104,0.03880000000000007,0.02940000000000003
synthetic_telemetry,SYN_001498,149.8,STAGE_1_FLIGHT,0.12419999999999298,357.79999999999654,4.803999999999718,1.9239999999998787,15.029999999999063,700.7999999999593,3.6008,3.0406,12.260000000000014,11.574000000000014,12.948000000000015,0.14199999999999235,26.401999999999997,18.083999999999996,350.4,0.048800000000000066,0.03920000000000005,0.029600000000000022
synthetic_telemetry,SYN_001499,149.9,STAGE_1_FLIGHT,0.06209999999999649,328.8999999999983,2.4019999999998447,0.9619999999999322,7.514999999999532,350.3999999999796,3.6004,3.0403000000000002,12.380000000000006,11.687000000000008,13.074000000000007,0.07099999999999618,26.401,18.041999999999998,350.2,0.049400000000000034,0.039600000000000024,0.029800000000000007
synthetic_telemetry,SYN_001500,150.0,STAGE_1_FLIGHT,0.0,300.0,0.0,0.0,0.0,0.0,3.6,3.04,12.5,11.8,13.2,0.0,26.4,18.0,350.0,0.05,0.04,0.03
synthetic_telemetry,SYN_001501,150.1,STAGE_SEPARATION,0.046499999999997356,320.9999999999988,1.7999999999998977,0.7199999999999591,5.62499999999968,262.4999999999851,3.5995,3.0396,12.379000000000007,11.686000000000007,13.073000000000006,0.020999999999998808,26.398999999999997,18.029999999999998,349.8,0.04950000000000003,0.039600000000000024,0.029700000000000015
synthetic_telemetry,SYN_001502,150.20000000000002,STAGE_SEPARATION,0.09300000000000794,342.0000000000036,3.600000000000307,1.4400000000001227,11.25000000000096,525.0000000000448,3.599,3.0392,12.25799999999998,11.571999999999981,12.945999999999978,0.04200000000000358,26.398,18.060000000000006,349.59999999999997,0.04899999999999992,0.03919999999999993,0.029399999999999947
synthetic_telemetry,SYN_001503,150.3,STAGE_SEPARATION,0.1395000000000053,363.0000000000024,5.400000000000205,2.160000000000082,16.87500000000064,787.5000000000298,3.5985,3.0388,12.136999999999986,11.457999999999988,12.818999999999985,0.06300000000000239,26.397,18.090000000000003,349.4,0.048499999999999946,0.03879999999999995,0.029099999999999966
synthetic_telemetry,SYN_001504,150.4,STAGE_SEPARATION,0.18600000000000266,384.0000000000012,7.200000000000102,2.880000000000041,22.50000000000032,1050.000000000015,3.598,3.0384,12.015999999999993,11.343999999999994,12.691999999999991,0.0840000000000012,26.395999999999997,18.12,349.2,0.04799999999999997,0.038399999999999976,0.028799999999999982
synthetic_telemetry,SYN_001505,150.5,STAGE_SEPARATION,0.2325,405.0,9.0,3.6,28.125,1312.5,3.5975,3.0380000000000003,11.895,11.23,12.565,0.10500000000000001,26.395,18.15,349.0,0.0475,0.038,0.028499999999999998
synthetic_telemetry,SYN_001506,150.6,STAGE_SEPARATION,0.27899999999999736,425.9999999999988,10.799999999999898,4.319999999999959,33.74999999999968,1574.999999999985,3.597,3.0376,11.774000000000006,11.116000000000007,12.438000000000006,0.1259999999999988,26.394,18.18,348.8,0.04700000000000003,0.03760000000000002,0.028200000000000017
synthetic_telemetry,SYN_001507,150.70000000000002,STAGE_SEPARATION,0.32550000000000795,447.0000000000036,12.600000000000307,5.040000000000123,39.37500000000096,1837.5000000000448,3.5965,3.0372,11.65299999999998,11.001999999999981,12.310999999999977,0.1470000000000036,26.392999999999997,18.210000000000004,348.59999999999997,0.046499999999999916,0.037199999999999935,0.02789999999999995
synthetic_telemetry,SYN_001508,150.8,STAGE_SEPARATION,0.3720000000000053,468.0000000000024,14.400000000000205,5.760000000000082,45.00000000000064,2100.00000000003,3.596,3.0368,11.531999999999986,10.887999999999987,12.183999999999985,0.1680000000000024,26.392,18.240000000000002,348.4,0.045999999999999944,0.03679999999999996,0.027599999999999965
synthetic_telemetry,SYN_001509,150.9,STAGE_SEPARATION,0.41850000000000265,489.0000000000012,16.200000000000102,6.480000000000041,50.62500000000032,2362.500000000015,3.5955,3.0364,11.410999999999992,10.773999999999994,12.056999999999992,0.18900000000000122,26.391,18.270000000000003,348.2,0.04549999999999997,0.03639999999999998,0.02729999999999998
synthetic_telemetry,SYN_001510,151.0,STAGE_SEPARATION,0.465,510.0,18.0,7.2,56.25,2625.0,3.595,3.036,11.29,10.66,11.93,0.21000000000000002,26.39,18.3,348.0,0.045000000000000005,0.036000000000000004,0.027
synthetic_telemetry,SYN_001511,151.1,STAGE_SEPARATION,0.5114999999999974,530.9999999999989,19.799999999999898,7.919999999999959,61.87499999999968,2887.499999999985,3.5945,3.0356,11.169000000000008,10.546000000000006,11.803000000000006,0.23099999999999882,26.389,18.33,347.8,0.04450000000000003,0.03560000000000002,0.026700000000000015
synthetic_telemetry,SYN_001512,151.20000000000002,STAGE_SEPARATION,0.5580000000000079,552.0000000000036,21.600000000000307,8.640000000000123,67.50000000000097,3150.0000000000446,3.594,3.0352,11.047999999999979,10.43199999999998,11.675999999999977,0.2520000000000036,26.387999999999998,18.360000000000007,347.59999999999997,0.043999999999999914,0.03519999999999993,0.026399999999999948
synthetic_telemetry,SYN_001513,151.3,STAGE_SEPARATION,0.6045000000000054,573.0000000000024,23.400000000000205,9.360000000000083,73.12500000000064,3412.50000000003,3.5935,3.0348,10.926999999999985,10.317999999999987,11.548999999999985,0.2730000000000024,26.387,18.390000000000004,347.4,0.04349999999999995,0.034799999999999956,0.026099999999999964
synthetic_telemetry,SYN_001514,151.4,STAGE_SEPARATION,0.6510000000000027,594.0000000000011,25.200000000000102,10.080000000000041,78.75000000000031,3675.000000000015,3.593,3.0344,10.805999999999994,10.203999999999994,11.421999999999992,0.2940000000000012,26.386,18.42,347.2,0.042999999999999976,0.03439999999999998,0.025799999999999983
synthetic_telemetry,SYN_001515,151.5,STAGE_SEPARATION,0.6975,615.0,27.0,10.8,84.375,3937.5,3.5925000000000002,3.034,10.685,10.09,11.295,0.31500000000000006,26.384999999999998,18.45,347.0,0.0425,0.034,0.0255
synthetic_telemetry,SYN_001516,151.6,STAGE_SEPARATION,0.7439999999999974,635.9999999999989,28.799999999999898,11.519999999999959,89.99999999999969,4199.999999999985,3.592,3.0336,10.564000000000007,9.976000000000006,11.168000000000006,0.33599999999999886,26.384,18.479999999999997,346.8,0.04200000000000003,0.033600000000000026,0.025200000000000014
synthetic_telemetry,SYN_001517,151.70000000000002,STAGE_SEPARATION,0.790500000000008,657.0000000000036,30.600000000000307,12.240000000000123,95.62500000000097,4462.500000000045,3.5915,3.0332,10.44299999999998,9.86199999999998,11.040999999999977,0.3570000000000036,26.383,18.510000000000005,346.59999999999997,0.04149999999999992,0.03319999999999993,0.024899999999999946
synthetic_telemetry,SYN_001518,151.8,STAGE_SEPARATION,0.8370000000000053,678.0000000000024,32.400000000000205,12.960000000000083,101.25000000000064,4725.00000000003,3.591,3.0328,10.321999999999987,9.747999999999987,10.913999999999984,0.37800000000000245,26.381999999999998,18.540000000000003,346.4,0.040999999999999946,0.032799999999999954,0.024599999999999966
synthetic_telemetry,SYN_001519,151.9,STAGE_SEPARATION,0.8835000000000027,699.0000000000011,34.2000000000001,13.68000000000004,106.87500000000031,4987.500000000015,3.5905,3.0324,10.200999999999993,9.633999999999993,10.786999999999992,0.39900000000000124,26.381,18.57,346.2,0.040499999999999974,0.03239999999999998,0.02429999999999998
synthetic_telemetry,SYN_001520,152.0,STAGE_SEPARATION,0.93,720.0,36.0,14.4,112.5,5250.0,3.59,3.032,10.08,9.52,10.66,0.42000000000000004,26.38,18.6,346.0,0.04,0.032,0.024
synthetic_telemetry,SYN_001521,152.1,STAGE_SEPARATION,0.9764999999999974,740.9999999999989,37.7999999999999,15.11999999999996,118.12499999999969,5512.499999999985,3.5895,3.0316,9.959000000000007,9.406000000000006,10.533000000000007,0.44099999999999884,26.378999999999998,18.63,345.8,0.039500000000000035,0.031600000000000024,0.023700000000000016
synthetic_telemetry,SYN_001522,152.20000000000002,STAGE_SEPARATION,1.023000000000008,762.0000000000036,39.60000000000031,15.840000000000122,123.75000000000097,5775.000000000045,3.589,3.0312,9.83799999999998,9.29199999999998,10.405999999999977,0.46200000000000363,26.378,18.660000000000004,345.59999999999997,0.03899999999999992,0.031199999999999933,0.02339999999999995
synthetic_telemetry,SYN_001523,152.3,STAGE_SEPARATION,1.0695000000000054,783.0000000000024,41.400000000000205,16.560000000000084,129.37500000000063,6037.50000000003,3.5885,3.0308,9.716999999999986,9.177999999999987,10.278999999999986,0.4830000000000024,26.377,18.690000000000005,345.4,0.038499999999999944,0.030799999999999956,0.023099999999999964
synthetic_telemetry,SYN_001524,152.4,STAGE_SEPARATION,1.1160000000000028,804.0000000000011,43.2000000000001,17.28000000000004,135.0000000000003,6300.000000000015,3.588,3.0304,9.595999999999993,9.063999999999993,10.151999999999992,0.5040000000000012,26.375999999999998,18.720000000000002,345.2,0.03799999999999998,0.030399999999999976,0.02279999999999998
synthetic_telemetry,SYN_001525,152.5,STAGE_SEPARATION,1.1625,825.0,45.0,18.0,140.625,6562.5,3.5875,3.0300000000000002,9.475,8.95,10.024999999999999,0.525,26.375,18.75,345.0,0.037500000000000006,0.03,0.0225
synthetic_telemetry,SYN_001526,152.6,STAGE_SEPARATION,1.2089999999999974,845.9999999999989,46.7999999999999,18.71999999999996,146.2499999999997,6824.999999999985,3.587,3.0296,9.354000000000006,8.836000000000007,9.898000000000007,0.5459999999999988,26.374,18.779999999999998,344.8,0.03700000000000003,0.029600000000000022,0.022200000000000015
synthetic_telemetry,SYN_001527,152.70000000000002,STAGE_SEPARATION,1.255500000000008,867.0000000000036,48.60000000000031,19.440000000000122,151.87500000000097,7087.500000000045,3.5865,3.0292,9.23299999999998,8.72199999999998,9.770999999999978,0.5670000000000036,26.372999999999998,18.810000000000006,344.59999999999997,0.03649999999999992,0.029199999999999934,0.021899999999999947
synthetic_telemetry,SYN_001528,152.8,STAGE_SEPARATION,1.3020000000000054,888.0000000000024,50.400000000000205,20.160000000000082,157.50000000000063,7350.00000000003,3.586,3.0288,9.111999999999986,8.607999999999986,9.643999999999984,0.5880000000000024,26.372,18.840000000000003,344.4,0.03599999999999995,0.028799999999999958,0.021599999999999966
synthetic_telemetry,SYN_001529,152.9,STAGE_SEPARATION,1.3485000000000027,909.0000000000011,52.2000000000001,20.88000000000004,163.1250000000003,7612.500000000015,3.5855,3.0284,8.990999999999993,8.493999999999994,9.516999999999992,0.6090000000000012,26.371,18.87,344.2,0.035499999999999976,0.028399999999999977,0.021299999999999982
synthetic_telemetry,SYN_001530,153.0,STAGE_SEPARATION,1.395,930.0,54.0,21.6,168.75,7875.0,3.585,3.028,8.870000000000001,8.38,9.389999999999999,0.6300000000000001,26.369999999999997,18.9,344.0,0.035,0.028,0.020999999999999998
synthetic_telemetry,SYN_001531,153.1,STAGE_SEPARATION,1.4414999999999973,950.9999999999989,55.7999999999999,22.31999999999996,174.3749999999997,8137.499999999985,3.5845000000000002,3.0276,8.749000000000006,8.266000000000007,9.263000000000007,0.6509999999999989,26.369,18.93,343.8,0.03450000000000003,0.027600000000000024,0.020700000000000017
synthetic_telemetry,SYN_001532,153.20000000000002,STAGE_SEPARATION,1.488000000000008,972.0000000000036,57.60000000000031,23.040000000000123,180.00000000000097,8400.000000000045,3.584,3.0272,8.627999999999979,8.151999999999981,9.135999999999978,0.6720000000000036,26.368,18.960000000000004,343.59999999999997,0.03399999999999992,0.027199999999999933,0.020399999999999946
synthetic_telemetry,SYN_001533,153.3,STAGE_SEPARATION,1.5345000000000053,993.0000000000024,59.400000000000205,23.760000000000083,185.62500000000063,8662.50000000003,3.5835,3.0268,8.506999999999987,8.037999999999988,9.008999999999984,0.6930000000000025,26.367,18.990000000000002,343.4,0.033499999999999946,0.026799999999999956,0.020099999999999965
synthetic_telemetry,SYN_001534,153.4,STAGE_SEPARATION,1.5810000000000026,1014.0000000000011,61.2000000000001,24.480000000000043,191.2500000000003,8925.000000000015,3.583,3.0264,8.385999999999992,7.923999999999994,8.88199999999999,0.7140000000000013,26.366,19.020000000000003,343.2,0.032999999999999974,0.02639999999999998,0.01979999999999998
synthetic_telemetry,SYN_001535,153.5,STAGE_SEPARATION,1.6275000000000002,1035.0,63.0,25.2,196.875,9187.5,3.5825,3.026,8.265,7.8100000000000005,8.754999999999999,0.7350000000000001,26.365,19.05,343.0,0.0325,0.026000000000000002,0.019499999999999997
synthetic_telemetry,SYN_001536,153.60000000000002,STAGE_SEPARATION,1.6740000000000106,1056.0000000000048,64.80000000000041,25.920000000000165,202.50000000000128,9450.00000000006,3.582,3.0256,8.143999999999973,7.695999999999974,8.62799999999997,0.7560000000000049,26.364,19.080000000000005,342.79999999999995,0.03199999999999989,0.025599999999999908,0.019199999999999932
synthetic_telemetry,SYN_001537,153.70000000000002,STAGE_SEPARATION,1.720500000000008,1077.0000000000036,66.6000000000003,26.640000000000125,208.12500000000097,9712.500000000045,3.5814999999999997,3.0252,8.022999999999978,7.581999999999981,8.500999999999976,0.7770000000000037,26.363,19.110000000000007,342.59999999999997,0.03149999999999992,0.02519999999999993,0.018899999999999948
synthetic_telemetry,SYN_001538,153.8,STAGE_SEPARATION,1.7670000000000055,1098.0000000000023,68.4000000000002,27.36000000000008,213.75000000000063,9975.00000000003,3.581,3.0248,7.901999999999987,7.4679999999999875,8.373999999999985,0.7980000000000025,26.362,19.140000000000004,342.4,0.030999999999999944,0.024799999999999954,0.018599999999999964
synthetic_telemetry,SYN_001539,153.9,STAGE_SEPARATION,1.8135000000000028,1119.0000000000011,70.2000000000001,28.08000000000004,219.3750000000003,10237.500000000015,3.5805,3.0244,7.7809999999999935,7.353999999999994,8.246999999999993,0.8190000000000013,26.361,19.17,342.2,0.030499999999999975,0.024399999999999977,0.018299999999999983
synthetic_telemetry,SYN_001540,154.0,STAGE_SEPARATION,1.86,1140.0,72.0,28.8,225.0,10500.0,3.58,3.024,7.66,7.24,8.12,0.8400000000000001,26.36,19.2,342.0,0.030000000000000002,0.024,0.018
synthetic_telemetry,SYN_001541,154.10000000000002,STAGE_SEPARATION,1.9065000000000107,1161.0000000000048,73.80000000000041,29.520000000000163,230.62500000000128,10762.50000000006,3.5795,3.0236,7.538999999999973,7.125999999999975,7.99299999999997,0.8610000000000049,26.358999999999998,19.230000000000008,341.79999999999995,0.029499999999999887,0.02359999999999991,0.01769999999999993
synthetic_telemetry,SYN_001542,154.20000000000002,STAGE_SEPARATION,1.953000000000008,1182.0000000000036,75.6000000000003,30.240000000000123,236.25000000000097,11025.000000000045,3.5789999999999997,3.0232,7.41799999999998,7.011999999999981,7.8659999999999775,0.8820000000000037,26.358,19.260000000000005,341.59999999999997,0.028999999999999918,0.023199999999999932,0.017399999999999947
synthetic_telemetry,SYN_001543,154.3,STAGE_SEPARATION,1.9995000000000054,1203.0000000000023,77.4000000000002,30.960000000000083,241.87500000000063,11287.50000000003,3.5785,3.0228,7.296999999999986,6.897999999999987,7.738999999999985,0.9030000000000025,26.357,19.290000000000003,341.4,0.028499999999999946,0.022799999999999956,0.017099999999999962
synthetic_telemetry,SYN_001544,154.4,STAGE_SEPARATION,2.046000000000003,1224.0000000000011,79.2000000000001,31.680000000000042,247.5000000000003,11550.000000000015,3.578,3.0224,7.175999999999993,6.783999999999994,7.611999999999992,0.9240000000000013,26.355999999999998,19.32,341.2,0.027999999999999973,0.02239999999999998,0.01679999999999998
synthetic_telemetry,SYN_001545,154.5,STAGE_SEPARATION,2.0925000000000002,1245.0,81.0,32.4,253.125,11812.5,3.5775,3.0220000000000002,7.055,6.67,7.484999999999999,0.9450000000000001,26.355,19.35,341.0,0.027500000000000004,0.022,0.0165
synthetic_telemetry,SYN_001546,154.60000000000002,STAGE_SEPARATION,2.139000000000011,1266.0000000000048,82.80000000000041,33.12000000000017,258.75000000000125,12075.00000000006,3.577,3.0216,6.933999999999973,6.555999999999974,7.35799999999997,0.9660000000000049,26.354,19.380000000000006,340.79999999999995,0.02699999999999989,0.02159999999999991,0.01619999999999993
synthetic_telemetry,SYN_001547,154.70000000000002,STAGE_SEPARATION,2.185500000000008,1287.0000000000036,84.6000000000003,33.840000000000124,264.37500000000097,12337.500000000045,3.5765,3.0212,6.812999999999979,6.441999999999981,7.230999999999978,0.9870000000000037,26.352999999999998,19.410000000000004,340.59999999999997,0.026499999999999916,0.02119999999999993,0.01589999999999995
synthetic_telemetry,SYN_001548,154.8,STAGE_SEPARATION,2.2320000000000055,1308.0000000000023,86.4000000000002,34.56000000000008,270.0000000000006,12600.00000000003,3.576,3.0208,6.691999999999987,6.327999999999987,7.103999999999985,1.0080000000000024,26.352,19.440000000000005,340.4,0.025999999999999947,0.020799999999999954,0.015599999999999965
synthetic_telemetry,SYN_001549,154.9,STAGE_SEPARATION,2.278500000000003,1329.0000000000011,88.2000000000001,35.280000000000044,275.62500000000034,12862.500000000015,3.5755,3.0204,6.5709999999999935,6.213999999999993,6.976999999999992,1.0290000000000012,26.351,19.470000000000002,340.2,0.025499999999999974,0.020399999999999977,0.015299999999999982
synthetic_telemetry,SYN_001550,155.0,STAGE_SEPARATION,2.325,1350.0,90.0,36.0,281.25,13125.0,3.575,3.02,6.45,6.1,6.85,1.05,26.35,19.5,340.0,0.025,0.02,0.015
synthetic_telemetry,SYN_001551,155.10000000000002,STAGE_SEPARATION,2.371500000000011,1371.0000000000048,91.80000000000041,36.72000000000016,286.87500000000125,13387.50000000006,3.5745,3.0196,6.328999999999973,5.985999999999974,6.7229999999999706,1.0710000000000048,26.349,19.53000000000001,339.79999999999995,0.02449999999999989,0.01959999999999991,0.01469999999999993
synthetic_telemetry,SYN_001552,155.20000000000002,STAGE_SEPARATION,2.418000000000008,1392.0000000000036,93.6000000000003,37.440000000000126,292.50000000000097,13650.000000000045,3.574,3.0192,6.20799999999998,5.87199999999998,6.595999999999978,1.0920000000000036,26.348,19.560000000000006,339.59999999999997,0.023999999999999917,0.019199999999999932,0.014399999999999948
synthetic_telemetry,SYN_001553,155.3,STAGE_SEPARATION,2.4645000000000055,1413.0000000000023,95.4000000000002,38.16000000000008,298.1250000000006,13912.50000000003,3.5734999999999997,3.0188,6.086999999999986,5.757999999999987,6.468999999999984,1.1130000000000024,26.347,19.590000000000003,339.4,0.023499999999999945,0.018799999999999956,0.014099999999999963
synthetic_telemetry,SYN_001554,155.4,STAGE_SEPARATION,2.511000000000003,1434.0000000000011,97.2000000000001,38.880000000000045,303.75000000000034,14175.000000000015,3.573,3.0184,5.965999999999993,5.643999999999994,6.341999999999992,1.1340000000000012,26.346,19.62,339.2,0.022999999999999975,0.01839999999999998,0.013799999999999982
synthetic_telemetry,SYN_001555,155.5,STAGE_SEPARATION,2.5575,1455.0,99.0,39.6,309.375,14437.5,3.5725,3.018,5.845000000000001,5.53,6.214999999999999,1.155,26.345,19.65,339.0,0.022500000000000003,0.018000000000000002,0.013499999999999998
synthetic_telemetry,SYN_001556,155.60000000000002,STAGE_SEPARATION,2.6040000000000108,1476.0000000000048,100.80000000000041,40.320000000000164,315.00000000000125,14700.00000000006,3.5719999999999996,3.0176,5.723999999999973,5.415999999999974,6.08799999999997,1.1760000000000048,26.344,19.680000000000007,338.79999999999995,0.021999999999999888,0.01759999999999991,0.01319999999999993
synthetic_telemetry,SYN_001557,155.70000000000002,STAGE_SEPARATION,2.650500000000008,1497.0000000000036,102.6000000000003,41.04000000000013,320.62500000000097,14962.500000000045,3.5715,3.0172,5.602999999999979,5.301999999999981,5.960999999999977,1.1970000000000036,26.343,19.710000000000004,338.59999999999997,0.02149999999999992,0.01719999999999993,0.012899999999999946
synthetic_telemetry,SYN_001558,155.8,STAGE_SEPARATION,2.6970000000000054,1518.0000000000023,104.4000000000002,41.76000000000008,326.2500000000006,15225.00000000003,3.5709999999999997,3.0168,5.481999999999987,5.187999999999987,5.8339999999999845,1.2180000000000024,26.342,19.740000000000002,338.4,0.020999999999999946,0.016799999999999954,0.012599999999999965
synthetic_telemetry,SYN_001559,155.9,STAGE_SEPARATION,2.7435000000000027,1539.0000000000011,106.2000000000001,42.48000000000004,331.87500000000034,15487.500000000015,3.5705,3.0164,5.3609999999999935,5.073999999999994,5.706999999999992,1.2390000000000012,26.341,19.770000000000003,338.2,0.020499999999999973,0.016399999999999977,0.012299999999999981
synthetic_telemetry,SYN_001560,156.0,STAGE_SEPARATION,2.79,1560.0,108.0,43.2,337.5,15750.0,3.57,3.016,5.24,4.96,5.579999999999999,1.2600000000000002,26.34,19.8,338.0,0.020000000000000004,0.016,0.011999999999999997
synthetic_telemetry,SYN_001561,156.10000000000002,STAGE_SEPARATION,2.8365000000000107,1581.0000000000048,109.80000000000041,43.920000000000165,343.12500000000125,16012.50000000006,3.5694999999999997,3.0156,5.118999999999973,4.845999999999974,5.45299999999997,1.2810000000000048,26.339,19.830000000000005,337.79999999999995,0.01949999999999989,0.015599999999999909,0.01169999999999993
synthetic_telemetry,SYN_001562,156.20000000000002,STAGE_SEPARATION,2.883000000000008,1602.0000000000036,111.6000000000003,44.64000000000012,348.75000000000097,16275.000000000045,3.569,3.0152,4.99799999999998,4.731999999999981,5.325999999999977,1.3020000000000036,26.338,19.860000000000007,337.59999999999997,0.018999999999999916,0.015199999999999932,0.011399999999999948
synthetic_telemetry,SYN_001563,156.3,STAGE_SEPARATION,2.9295000000000053,1623.0000000000023,113.4000000000002,45.360000000000085,354.3750000000006,16537.50000000003,3.5685,3.0148,4.8769999999999865,4.617999999999987,5.198999999999984,1.3230000000000026,26.337,19.890000000000004,337.4,0.018499999999999947,0.014799999999999956,0.011099999999999964
synthetic_telemetry,SYN_001564,156.4,STAGE_SEPARATION,2.9760000000000026,1644.0000000000011,115.2000000000001,46.08000000000004,360.00000000000034,16800.000000000015,3.568,3.0144,4.755999999999993,4.503999999999993,5.071999999999992,1.3440000000000014,26.336,19.92,337.2,0.017999999999999974,0.014399999999999979,0.01079999999999998
synthetic_telemetry,SYN_001565,156.5,STAGE_SEPARATION,3.0225,1665.0,117.0,46.800000000000004,365.625,17062.5,3.5675,3.0140000000000002,4.635,4.39,4.9449999999999985,1.3650000000000002,26.335,19.95,337.0,0.0175,0.013999999999999999,0.010499999999999999
synthetic_telemetry,SYN_001566,156.60000000000002,STAGE_SEPARATION,3.0690000000000106,1686.0000000000048,118.80000000000041,47.52000000000017,371.25000000000125,17325.00000000006,3.5669999999999997,3.0136,4.513999999999973,4.275999999999974,4.817999999999969,1.386000000000005,26.334,19.980000000000008,336.79999999999995,0.01699999999999989,0.01359999999999991,0.010199999999999931
synthetic_telemetry,SYN_001567,156.70000000000002,STAGE_SEPARATION,3.115500000000008,1707.0000000000036,120.6000000000003,48.24000000000012,376.87500000000097,17587.500000000044,3.5665,3.0132,4.392999999999979,4.16199999999998,4.690999999999978,1.4070000000000038,26.333,20.010000000000005,336.59999999999997,0.016499999999999918,0.01319999999999993,0.009899999999999947
synthetic_telemetry,SYN_001568,156.8,STAGE_SEPARATION,3.1620000000000053,1728.0000000000023,122.4000000000002,48.960000000000086,382.5000000000006,17850.00000000003,3.566,3.0128,4.271999999999986,4.047999999999987,4.563999999999984,1.4280000000000026,26.332,20.040000000000003,336.4,0.015999999999999945,0.012799999999999954,0.009599999999999963
synthetic_telemetry,SYN_001569,156.9,STAGE_SEPARATION,3.208500000000003,1749.0000000000011,124.2000000000001,49.68000000000004,388.12500000000034,18112.500000000015,3.5654999999999997,3.0124,4.150999999999993,3.933999999999993,4.436999999999992,1.4490000000000014,26.331,20.07,336.2,0.015499999999999972,0.012399999999999977,0.009299999999999982
synthetic_telemetry,SYN_001570,157.0,STAGE_SEPARATION,3.2550000000000003,1770.0,126.0,50.4,393.75,18375.0,3.565,3.012,4.030000000000001,3.8200000000000003,4.309999999999999,1.4700000000000002,26.33,20.1,336.0,0.015,0.012,0.008999999999999998
synthetic_telemetry,SYN_001571,157.10000000000002,STAGE_SEPARATION,3.3015000000000105,1791.0000000000048,127.80000000000041,51.12000000000017,399.37500000000125,18637.50000000006,3.5645,3.0116,3.9089999999999723,3.7059999999999746,4.18299999999997,1.491000000000005,26.329,20.130000000000006,335.79999999999995,0.014499999999999888,0.011599999999999909,0.00869999999999993
synthetic_telemetry,SYN_001572,157.20000000000002,STAGE_SEPARATION,3.3480000000000083,1812.0000000000036,129.6000000000003,51.840000000000124,405.00000000000097,18900.000000000044,3.5639999999999996,3.0112,3.787999999999979,3.591999999999981,4.055999999999978,1.5120000000000038,26.328,20.160000000000004,335.59999999999997,0.013999999999999915,0.011199999999999932,0.008399999999999946
synthetic_telemetry,SYN_001573,157.3,STAGE_SEPARATION,3.3945000000000056,1833.0000000000023,131.4000000000002,52.56000000000008,410.6250000000006,19162.50000000003,3.5635,3.0108,3.6669999999999874,3.4779999999999873,3.9289999999999843,1.5330000000000026,26.327,20.190000000000005,335.4,0.013499999999999943,0.010799999999999955,0.008099999999999965
synthetic_telemetry,SYN_001574,157.4,STAGE_SEPARATION,3.441000000000003,1854.0000000000011,133.2000000000001,53.280000000000044,416.25000000000034,19425.000000000015,3.5629999999999997,3.0104,3.545999999999994,3.3639999999999937,3.8019999999999925,1.5540000000000014,26.326,20.220000000000002,335.2,0.012999999999999977,0.010399999999999979,0.0077999999999999806
synthetic_telemetry,SYN_001575,157.5,STAGE_SEPARATION,3.4875000000000003,1875.0,135.0,54.0,421.875,19687.5,3.5625,3.01,3.4250000000000007,3.25,3.674999999999999,1.5750000000000002,26.325,20.25,335.0,0.012500000000000004,0.010000000000000002,0.0075
synthetic_telemetry,SYN_001576,157.60000000000002,STAGE_SEPARATION,3.534000000000011,1896.0000000000048,136.8000000000004,54.72000000000016,427.50000000000125,19950.00000000006,3.562,3.0096,3.3039999999999736,3.1359999999999744,3.54799999999997,1.596000000000005,26.324,20.28000000000001,334.79999999999995,0.011999999999999886,0.00959999999999991,0.007199999999999929
synthetic_telemetry,SYN_001577,157.70000000000002,STAGE_SEPARATION,3.5805000000000082,1917.0000000000036,138.6000000000003,55.440000000000126,433.12500000000097,20212.500000000044,3.5614999999999997,3.0092,3.1829999999999803,3.0219999999999807,3.420999999999978,1.6170000000000038,26.323,20.310000000000006,334.59999999999997,0.01149999999999992,0.00919999999999993,0.006899999999999948
synthetic_telemetry,SYN_001578,157.8,STAGE_SEPARATION,3.6270000000000056,1938.0000000000023,140.4000000000002,56.16000000000008,438.7500000000006,20475.00000000003,3.561,3.0088,3.061999999999987,2.907999999999987,3.2939999999999845,1.6380000000000026,26.322,20.340000000000003,334.4,0.010999999999999947,0.008799999999999954,0.0065999999999999635
synthetic_telemetry,SYN_001579,157.9,STAGE_SEPARATION,3.673500000000003,1959.0000000000011,142.2000000000001,56.880000000000045,444.37500000000034,20737.500000000015,3.5604999999999998,3.0084,2.9409999999999936,2.7939999999999934,3.1669999999999927,1.6590000000000014,26.321,20.37,334.2,0.010499999999999975,0.008399999999999977,0.006299999999999983
synthetic_telemetry,SYN_001580,158.0,STAGE_SEPARATION,3.72,1980.0,144.0,57.6,450.0,21000.0,3.56,3.008,2.8200000000000003,2.6799999999999997,3.039999999999999,1.6800000000000002,26.32,20.4,334.0,0.010000000000000002,0.008,0.005999999999999998
synthetic_telemetry,SYN_001581,158.10000000000002,STAGE_SEPARATION,3.766500000000011,2001.0000000000048,145.8000000000004,58.320000000000164,455.62500000000125,21262.50000000006,3.5595,3.0076,2.698999999999973,2.565999999999974,2.91299999999997,1.701000000000005,26.319,20.430000000000007,333.79999999999995,0.00949999999999989,0.007599999999999912,0.005699999999999931
synthetic_telemetry,SYN_001582,158.20000000000002,STAGE_SEPARATION,3.813000000000008,2022.0000000000036,147.6000000000003,59.04000000000013,461.25000000000097,21525.000000000044,3.5589999999999997,3.0072,2.57799999999998,2.4519999999999804,2.7859999999999783,1.7220000000000037,26.318,20.460000000000004,333.59999999999997,0.008999999999999918,0.007199999999999929,0.0053999999999999465
synthetic_telemetry,SYN_001583,158.3,STAGE_SEPARATION,3.8595000000000055,2043.0000000000023,149.4000000000002,59.76000000000008,466.8750000000006,21787.50000000003,3.5585,3.0068,2.4569999999999865,2.3379999999999868,2.6589999999999847,1.7430000000000025,26.317,20.490000000000002,333.4,0.008499999999999945,0.006799999999999952,0.005099999999999966
synthetic_telemetry,SYN_001584,158.4,STAGE_SEPARATION,3.906000000000003,2064.000000000001,151.2000000000001,60.48000000000004,472.50000000000034,22050.000000000015,3.558,3.0064,2.335999999999993,2.223999999999993,2.531999999999991,1.7640000000000013,26.316,20.520000000000003,333.2,0.007999999999999972,0.006399999999999975,0.004799999999999981
synthetic_telemetry,SYN_001585,158.5,STAGE_SEPARATION,3.9525,2085.0,153.0,61.2,478.125,22312.5,3.5574999999999997,3.0060000000000002,2.215,2.1099999999999994,2.4049999999999994,1.7850000000000001,26.315,20.55,333.0,0.0075,0.005999999999999998,0.004499999999999997
synthetic_telemetry,SYN_001586,158.60000000000002,STAGE_SEPARATION,3.9990000000000108,2106.0000000000045,154.8000000000004,61.920000000000165,483.75000000000125,22575.00000000006,3.557,3.0056,2.0939999999999728,1.9959999999999738,2.2779999999999703,1.806000000000005,26.314,20.580000000000005,332.79999999999995,0.006999999999999888,0.005599999999999911,0.0041999999999999295
synthetic_telemetry,SYN_001587,158.70000000000002,STAGE_SEPARATION,4.0455000000000085,2127.0000000000036,156.6000000000003,62.64000000000012,489.37500000000097,22837.500000000044,3.5564999999999998,3.0052,1.9729999999999794,1.8819999999999801,2.1509999999999767,1.8270000000000037,26.313,20.610000000000007,332.59999999999997,0.006499999999999916,0.005199999999999934,0.0038999999999999486
synthetic_telemetry,SYN_001588,158.8,STAGE_SEPARATION,4.092000000000006,2148.0000000000023,158.4000000000002,63.360000000000085,495.0000000000006,23100.00000000003,3.5559999999999996,3.0048,1.851999999999986,1.7679999999999865,2.023999999999985,1.8480000000000025,26.312,20.640000000000004,332.4,0.005999999999999943,0.004799999999999957,0.0035999999999999643
synthetic_telemetry,SYN_001589,158.9,STAGE_SEPARATION,4.138500000000003,2169.000000000001,160.2000000000001,64.08000000000004,500.62500000000034,23362.500000000015,3.5555,3.0044,1.7309999999999928,1.6539999999999928,1.8969999999999914,1.8690000000000013,26.311,20.67,332.2,0.00549999999999997,0.00439999999999998,0.00329999999999998
synthetic_telemetry,SYN_001590,159.0,STAGE_SEPARATION,4.1850000000000005,2190.0,162.0,64.8,506.25,23625.0,3.5549999999999997,3.004,1.6099999999999994,1.5399999999999991,1.7699999999999996,1.8900000000000001,26.310000000000002,20.7,332.0,0.0050000000000000044,0.003999999999999997,0.002999999999999999
synthetic_telemetry,SYN_001591,159.10000000000002,STAGE_SEPARATION,4.231500000000011,2211.0000000000045,163.8000000000004,65.52000000000017,511.87500000000125,23887.50000000006,3.5544999999999995,3.0036,1.4889999999999723,1.4259999999999735,1.6429999999999705,1.911000000000005,26.309,20.730000000000008,331.79999999999995,0.004499999999999886,0.003599999999999909,0.0026999999999999316
synthetic_telemetry,SYN_001592,159.20000000000002,STAGE_SEPARATION,4.2780000000000085,2232.0000000000036,165.6000000000003,66.24000000000012,517.5000000000009,24150.000000000044,3.554,3.0032,1.367999999999979,1.3119999999999798,1.515999999999977,1.9320000000000037,26.308,20.760000000000005,331.59999999999997,0.003999999999999913,0.003199999999999932,0.0023999999999999473
synthetic_telemetry,SYN_001593,159.3,STAGE_SEPARATION,4.324500000000006,2253.0000000000023,167.4000000000002,66.96000000000008,523.1250000000007,24412.50000000003,3.5534999999999997,3.0028,1.2469999999999875,1.1979999999999862,1.3889999999999851,1.9530000000000025,26.307000000000002,20.790000000000003,331.4,0.0034999999999999476,0.0027999999999999553,0.002099999999999963
synthetic_telemetry,SYN_001594,159.4,STAGE_SEPARATION,4.371000000000003,2274.000000000001,169.2000000000001,67.68000000000005,528.7500000000003,24675.000000000015,3.553,3.0024,1.1259999999999941,1.0839999999999925,1.2619999999999916,1.9740000000000013,26.306,20.82,331.2,0.002999999999999975,0.0023999999999999785,0.0017999999999999822
synthetic_telemetry,SYN_001595,159.5,STAGE_SEPARATION,4.4175,2295.0,171.0,68.4,534.375,24937.5,3.5524999999999998,3.002,1.0050000000000008,0.9699999999999989,1.1349999999999998,1.995,26.305,20.85,331.0,0.0025000000000000022,0.0020000000000000018,0.0014999999999999979
synthetic_telemetry,SYN_001596,159.60000000000002,STAGE_SEPARATION,4.464000000000011,2316.0000000000045,172.8000000000004,69.12000000000016,540.0000000000013,25200.00000000006,3.5519999999999996,3.0016,0.8839999999999737,0.8559999999999732,1.0079999999999707,2.016000000000005,26.304000000000002,20.880000000000006,330.79999999999995,0.0019999999999998908,0.001599999999999907,0.0011999999999999303
synthetic_telemetry,SYN_001597,159.70000000000002,STAGE_SEPARATION,4.510500000000008,2337.0000000000036,174.6000000000003,69.84000000000013,545.6250000000009,25462.500000000044,3.5515,3.0012,0.7629999999999804,0.7419999999999796,0.8809999999999771,2.037000000000004,26.303,20.910000000000004,330.59999999999997,0.001499999999999918,0.0011999999999999303,0.000899999999999946
synthetic_telemetry,SYN_001598,159.8,STAGE_SEPARATION,4.557000000000006,2358.0000000000023,176.4000000000002,70.56000000000009,551.2500000000007,25725.00000000003,3.5509999999999997,3.0008,0.641999999999987,0.6279999999999859,0.7539999999999853,2.0580000000000025,26.302,20.940000000000005,330.4,0.0009999999999999454,0.0007999999999999535,0.0005999999999999651
synthetic_telemetry,SYN_001599,159.9,STAGE_SEPARATION,4.603500000000003,2379.0000000000014,178.2000000000001,71.28000000000004,556.8750000000003,25987.500000000015,3.5505,3.0004,0.5209999999999937,0.5139999999999922,0.6269999999999918,2.0790000000000015,26.301000000000002,20.970000000000002,330.2,0.0004999999999999727,0.00039999999999997676,0.00029999999999998084
synthetic_telemetry,SYN_001600,160.0,STAGE_SEPARATION,4.65,2400.0,180.0,72.0,562.5,26250.0,3.55,3.0,0.4,0.4,0.5,2.1,26.3,21.0,330.0,0.0,0.0,0.0
synthetic_telemetry,SYN_001601,160.10000000000002,STAGE_2_FLIGHT,4.65,2400.0,180.0,72.0,562.5,26250.0,3.5494999999999997,2.9996,0.3989999999999998,0.3989999999999998,0.4989999999999998,2.104000000000001,26.299,21.0,329.9,0.0,0.0,0.0
synthetic_telemetry,SYN_001602,160.20000000000002,STAGE_2_FLIGHT,4.65,2400.0,180.0,72.0,562.5,26250.0,3.549,2.9992,0.39799999999999985,0.39799999999999985,0.49799999999999983,2.108000000000001,26.298000000000002,21.0,329.79999999999995,0.0,0.0,0.0
synthetic_telemetry,SYN_001603,160.3,STAGE_2_FLIGHT,4.65,2400.0,180.0,72.0,562.5,26250.0,3.5484999999999998,2.9988,0.3969999999999999,0.3969999999999999,0.4969999999999999,2.1120000000000005,26.297,21.0,329.7,0.0,0.0,0.0
synthetic_telemetry,SYN_001604,160.4,STAGE_2_FLIGHT,4.65,2400.0,180.0,72.0,562.5,26250.0,3.5479999999999996,2.9984,0.39599999999999996,0.39599999999999996,0.49599999999999994,2.116,26.296,21.0,329.6,0.0,0.0,0.0
synthetic_telemetry,SYN_001605,160.5,STAGE_2_FLIGHT,4.65,2400.0,180.0,72.0,562.5,26250.0,3.5475,2.998,0.395,0.395,0.495,2.12,26.295,21.0,329.5,0.0,0.0,0.0
synthetic_telemetry,SYN_001606,160.60000000000002,STAGE_2_FLIGHT,4.65,2400.0,180.0,72.0,562.5,26250.0,3.5469999999999997,2.9976,0.3939999999999998,0.3939999999999998,0.4939999999999998,2.124000000000001,26.294,21.0,329.4,0.0,0.0,0.0
synthetic_telemetry,SYN_001607,160.70000000000002,STAGE_2_FLIGHT,4.65,2400.0,180.0,72.0,562.5,26250.0,3.5464999999999995,2.9972,0.39299999999999985,0.39299999999999985,0.4929999999999998,2.1280000000000006,26.293,21.0,329.29999999999995,0.0,0.0,0.0
synthetic_telemetry,SYN_001608,160.8,STAGE_2_FLIGHT,4.65,2400.0,180.0,72.0,562.5,26250.0,3.546,2.9968,0.3919999999999999,0.3919999999999999,0.4919999999999999,2.1320000000000006,26.292,21.0,329.2,0.0,0.0,0.0
synthetic_telemetry,SYN_001609,160.9,STAGE_2_FLIGHT,4.65,2400.0,180.0,72.0,562.5,26250.0,3.5454999999999997,2.9964,0.39099999999999996,0.39099999999999996,0.49099999999999994,2.136,26.291,21.0,329.1,0.0,0.0,0.0
synthetic_telemetry,SYN_001610,161.0,STAGE_2_FLIGHT,4.65,2400.0,180.0,72.0,562.5,26250.0,3.545,2.996,0.39,0.39,0.49,2.14,26.29,21.0,329.0,0.0,0.0,0.0
synthetic_telemetry,SYN_001611,161.10000000000002,STAGE_2_FLIGHT,4.65,2400.0,180.0,72.0,562.5,26250.0,3.5444999999999998,2.9956,0.3889999999999998,0.3889999999999998,0.48899999999999977,2.144000000000001,26.289,21.0,328.9,0.0,0.0,0.0
synthetic_telemetry,SYN_001612,161.20000000000002,STAGE_2_FLIGHT,4.65,2400.0,180.0,72.0,562.5,26250.0,3.5439999999999996,2.9952,0.38799999999999985,0.38799999999999985,0.4879999999999998,2.1480000000000006,26.288,21.0,328.79999999999995,0.0,0.0,0.0
synthetic_telemetry,SYN_001613,161.3,STAGE_2_FLIGHT,4.65,2400.0,180.0,72.0,562.5,26250.0,3.5435,2.9948,0.3869999999999999,0.3869999999999999,0.4869999999999999,2.1520000000000006,26.287,21.0,328.7,0.0,0.0,0.0
synthetic_telemetry,SYN_001614,161.4,STAGE_2_FLIGHT,4.65,2400.0,180.0,72.0,562.5,26250.0,3.5429999999999997,2.9944,0.38599999999999995,0.38599999999999995,0.48599999999999993,2.156,26.286,21.0,328.6,0.0,0.0,0.0
synthetic_telemetry,SYN_001615,161.5,STAGE_2_FLIGHT,4.65,2400.0,180.0,72.0,562.5,26250.0,3.5425,2.9939999999999998,0.385,0.385,0.485,2.16,26.285,21.0,328.5,0.0,0.0,0.0
synthetic_telemetry,SYN_001616,161.60000000000002,STAGE_2_FLIGHT,4.65,2400.0,180.0,72.0,562.5,26250.0,3.542,2.9936,0.3839999999999998,0.3839999999999998,0.48399999999999976,2.164000000000001,26.284,21.0,328.4,0.0,0.0,0.0
synthetic_telemetry,SYN_001617,161.70000000000002,STAGE_2_FLIGHT,4.65,2400.0,180.0,72.0,562.5,26250.0,3.5414999999999996,2.9932,0.38299999999999984,0.38299999999999984,0.4829999999999998,2.1680000000000006,26.283,21.0,328.29999999999995,0.0,0.0,0.0
synthetic_telemetry,SYN_001618,161.8,STAGE_2_FLIGHT,4.65,2400.0,180.0,72.0,562.5,26250.0,3.541,2.9928,0.3819999999999999,0.3819999999999999,0.4819999999999999,2.1720000000000006,26.282,21.0,328.2,0.0,0.0,0.0
synthetic_telemetry,SYN_001619,161.9,STAGE_2_FLIGHT,4.65,2400.0,180.0,72.0,562.5,26250.0,3.5404999999999998,2.9924,0.38099999999999995,0.38099999999999995,0.4809999999999999,2.176,26.281,21.0,328.1,0.0,0.0,0.0
synthetic_telemetry,SYN_001620,162.0,STAGE_2_FLIGHT,4.65,2400.0,180.0,72.0,562.5,26250.0,3.54,2.992,0.38,0.38,0.48,2.18,26.28,21.0,328.0,0.0,0.0,0.0
synthetic_telemetry,SYN_001621,162.10000000000002,STAGE_2_FLIGHT,4.65,2400.0,180.0,72.0,562.5,26250.0,3.5395,2.9916,0.3789999999999998,0.3789999999999998,0.47899999999999976,2.184000000000001,26.279,21.0,327.9,0.0,0.0,0.0
synthetic_telemetry,SYN_001622,162.20000000000002,STAGE_2_FLIGHT,4.65,2400.0,180.0,72.0,562.5,26250.0,3.5389999999999997,2.9912,0.37799999999999984,0.37799999999999984,0.4779999999999998,2.1880000000000006,26.278,21.0,327.79999999999995,0.0,0.0,0.0
synthetic_telemetry,SYN_001623,162.3,STAGE_2_FLIGHT,4.65,2400.0,180.0,72.0,562.5,26250.0,3.5385,2.9908,0.3769999999999999,0.3769999999999999,0.47699999999999987,2.1920000000000006,26.277,21.0,327.7,0.0,0.0,0.0
synthetic_telemetry,SYN_001624,162.4,STAGE_2_FLIGHT,4.65,2400.0,180.0,72.0,562.5,26250.0,3.538,2.9904,0.37599999999999995,0.37599999999999995,0.4759999999999999,2.196,26.276,21.0,327.6,0.0,0.0,0.0
synthetic_telemetry,SYN_001625,162.5,STAGE_2_FLIGHT,4.65,2400.0,180.0,72.0,562.5,26250.0,3.5374999999999996,2.99,0.375,0.375,0.475,2.2,26.275,21.0,327.5,0.0,0.0,0.0
synthetic_telemetry,SYN_001626,162.60000000000002,STAGE_2_FLIGHT,4.65,2400.0,180.0,72.0,562.5,26250.0,3.537,2.9896,0.3739999999999998,0.3739999999999998,0.47399999999999975,2.204000000000001,26.274,21.0,327.4,0.0,0.0,0.0
synthetic_telemetry,SYN_001627,162.70000000000002,STAGE_2_FLIGHT,4.65,2400.0,180.0,72.0,562.5,26250.0,3.5364999999999998,2.9892,0.37299999999999983,0.37299999999999983,0.4729999999999998,2.2080000000000006,26.273,21.0,327.29999999999995,0.0,0.0,0.0
synthetic_telemetry,SYN_001628,162.8,STAGE_2_FLIGHT,4.65,2400.0,180.0,72.0,562.5,26250.0,3.536,2.9888,0.3719999999999999,0.3719999999999999,0.47199999999999986,2.2120000000000006,26.272,21.0,327.2,0.0,0.0,0.0
synthetic_telemetry,SYN_001629,162.9,STAGE_2_FLIGHT,4.65,2400.0,180.0,72.0,562.5,26250.0,3.5355,2.9884,0.37099999999999994,0.37099999999999994,0.471,2.216,26.271,21.0,327.1,0.0,0.0,0.0
synthetic_telemetry,SYN_001630,163.0,STAGE_2_FLIGHT,4.65,2400.0,180.0,72.0,562.5,26250.0,3.5349999999999997,2.988,0.37,0.37,0.47000000000000003,2.22,26.27,21.0,327.0,0.0,0.0,0.0
synthetic_telemetry,SYN_001631,163.10000000000002,STAGE_2_FLIGHT,4.65,2400.0,180.0,72.0,562.5,26250.0,3.5345,2.9876,0.3689999999999998,0.3689999999999998,0.46899999999999975,2.224000000000001,26.269,21.0,326.9,0.0,0.0,0.0
synthetic_telemetry,SYN_001632,163.20000000000002,STAGE_2_FLIGHT,4.65,2400.0,180.0,72.0,562.5,26250.0,3.534,2.9872,0.3679999999999998,0.3679999999999998,0.46799999999999986,2.2280000000000006,26.268,21.0,326.79999999999995,0.0,0.0,0.0
synthetic_telemetry,SYN_001633,163.3,STAGE_2_FLIGHT,4.65,2400.0,180.0,72.0,562.5,26250.0,3.5334999999999996,2.9868,0.3669999999999999,0.3669999999999999,0.4669999999999999,2.2320000000000007,26.267,21.0,326.7,0.0,0.0,0.0
synthetic_telemetry,SYN_001634,163.4,STAGE_2_FLIGHT,4.65,2400.0,180.0,72.0,562.5,26250.0,3.533,2.9864,0.36599999999999994,0.36599999999999994,0.46599999999999997,2.236,26.266000000000002,21.0,326.6,0.0,0.0,0.0
synthetic_telemetry,SYN_001635,163.5,STAGE_2_FLIGHT,4.65,2400.0,180.0,72.0,562.5,26250.0,3.5324999999999998,2.9859999999999998,0.365,0.365,0.465,2.24,26.265,21.0,326.5,0.0,0.0,0.0
synthetic_telemetry,SYN_001636,163.60000000000002,STAGE_2_FLIGHT,4.65,2400.0,180.0,72.0,562.5,26250.0,3.5319999999999996,2.9856,0.36399999999999977,0.36399999999999977,0.4639999999999998,2.244000000000001,26.264,21.0,326.4,0.0,0.0,0.0
synthetic_telemetry,SYN_001637,163.70000000000002,STAGE_2_FLIGHT,4.65,2400.0,180.0,72.0,562.5,26250.0,3.5315,2.9852,0.3629999999999998,0.3629999999999998,0.46299999999999986,2.2480000000000007,26.263,21.0,326.29999999999995,0.0,0.0,0.0
synthetic_telemetry,SYN_001638,163.8,STAGE_2_FLIGHT,4.65,2400.0,180.0,72.0,562.5,26250.0,3.5309999999999997,2.9848,0.3619999999999999,0.3619999999999999,0.4619999999999999,2.2520000000000007,26.262,21.0,326.2,0.0,0.0,0.0
synthetic_telemetry,SYN_001639,163.9,STAGE_2_FLIGHT,4.65,2400.0,180.0,72.0,562.5,26250.0,3.5305,2.9844,0.36099999999999993,0.36099999999999993,0.46099999999999997,2.2560000000000002,26.261,21.0,326.1,0.0,0.0,0.0
synthetic_telemetry,SYN_001640,164.0,STAGE_2_FLIGHT,4.65,2400.0,180.0,72.0,562.5,26250.0,3.53,2.984,0.36,0.36,0.46,2.2600000000000002,26.26,21.0,326.0,0.0,0.0,0.0
synthetic_telemetry,SYN_001641,164.10000000000002,STAGE_2_FLIGHT,4.65,2400.0,180.0,72.0,562.5,26250.0,3.5294999999999996,2.9836,0.35899999999999976,0.35899999999999976,0.4589999999999998,2.264000000000001,26.259,21.0,325.9,0.0,0.0,0.0
synthetic_telemetry,SYN_001642,164.20000000000002,STAGE_2_FLIGHT,4.65,2400.0,180.0,72.0,562.5,26250.0,3.529,2.9832,0.3579999999999998,0.3579999999999998,0.45799999999999985,2.2680000000000007,26.258,21.0,325.79999999999995,0.0,0.0,0.0
synthetic_telemetry,SYN_001643,164.3,STAGE_2_FLIGHT,4.65,2400.0,180.0,72.0,562.5,26250.0,3.5284999999999997,2.9828,0.3569999999999999,0.3569999999999999,0.4569999999999999,2.2720000000000007,26.257,21.0,325.7,0.0,0.0,0.0
synthetic_telemetry,SYN_001644,164.4,STAGE_2_FLIGHT,4.65,2400.0,180.0,72.0,562.5,26250.0,3.528,2.9824,0.3559999999999999,0.3559999999999999,0.45599999999999996,2.2760000000000002,26.256,21.0,325.6,0.0,0.0,0.0
synthetic_telemetry,SYN_001645,164.5,STAGE_2_FLIGHT,4.65,2400.0,180.0,72.0,562.5,26250.0,3.5275,2.982,0.355,0.355,0.455,2.2800000000000002,26.255,21.0,325.5,0.0,0.0,0.0
synthetic_telemetry,SYN_001646,164.60000000000002,STAGE_2_FLIGHT,4.65,2400.0,180.0,72.0,562.5,26250.0,3.5269999999999997,2.9816,0.35399999999999976,0.35399999999999976,0.4539999999999998,2.284000000000001,26.254,21.0,325.4,0.0,0.0,0.0
synthetic_telemetry,SYN_001647,164.70000000000002,STAGE_2_FLIGHT,4.65,2400.0,180.0,72.0,562.5,26250.0,3.5265,2.9812,0.3529999999999998,0.3529999999999998,0.45299999999999985,2.2880000000000007,26.253,21.0,325.29999999999995,0.0,0.0,0.0
synthetic_telemetry,SYN_001648,164.8,STAGE_2_FLIGHT,4.65,2400.0,180.0,72.0,562.5,26250.0,3.526,2.9808,0.35199999999999987,0.35199999999999987,0.4519999999999999,2.2920000000000007,26.252,21.0,325.2,0.0,0.0,0.0
synthetic_telemetry,SYN_001649,164.9,STAGE_2_FLIGHT,4.65,2400.0,180.0,72.0,562.5,26250.0,3.5255,2.9804,0.3509999999999999,0.3509999999999999,0.45099999999999996,2.2960000000000003,26.251,21.0,325.1,0.0,0.0,0.0
synthetic_telemetry,SYN_001650,165.0,STAGE_2_FLIGHT,4.65,2400.0,180.0,72.0,562.5,26250.0,3.525,2.98,0.35,0.35,0.45,2.3,26.25,21.0,325.0,0.0,0.0,0.0
synthetic_telemetry,SYN_001651,165.10000000000002,STAGE_2_FLIGHT,4.65,2400.0,180.0,72.0,562.5,26250.0,3.5244999999999997,2.9796,0.34899999999999975,0.34899999999999975,0.4489999999999998,2.304000000000001,26.249,21.0,324.9,0.0,0.0,0.0
synthetic_telemetry,SYN_001652,165.20000000000002,STAGE_2_FLIGHT,4.65,2400.0,180.0,72.0,562.5,26250.0,3.524,2.9792,0.3479999999999998,0.3479999999999998,0.44799999999999984,2.3080000000000007,26.248,21.0,324.79999999999995,0.0,0.0,0.0
synthetic_telemetry,SYN_001653,165.3,STAGE_2_FLIGHT,4.65,2400.0,180.0,72.0,562.5,26250.0,3.5235,2.9788,0.34699999999999986,0.34699999999999986,0.4469999999999999,2.3120000000000003,26.247,21.0,324.7,0.0,0.0,0.0
synthetic_telemetry,SYN_001654,165.4,STAGE_2_FLIGHT,4.65,2400.0,180.0,72.0,562.5,26250.0,3.5229999999999997,2.9784,0.346,0.346,0.44599999999999995,2.3160000000000003,26.246,21.0,324.6,0.0,0.0,0.0
synthetic_telemetry,SYN_001655,165.5,STAGE_2_FLIGHT,4.65,2400.0,180.0,72.0,562.5,26250.0,3.5225,2.9779999999999998,0.345,0.345,0.445,2.3200000000000003,26.245,21.0,324.5,0.0,0.0,0.0
synthetic_telemetry,SYN_001656,165.60000000000002,STAGE_2_FLIGHT,4.65,2400.0,180.0,72.0,562.5,26250.0,3.522,2.9776,0.34399999999999975,0.34399999999999975,0.4439999999999998,2.3240000000000007,26.244,21.0,324.4,0.0,0.0,0.0
synthetic_telemetry,SYN_001657,165.70000000000002,STAGE_2_FLIGHT,4.65,2400.0,180.0,72.0,562.5,26250.0,3.5214999999999996,2.9772,0.34299999999999986,0.34299999999999986,0.44299999999999984,2.3280000000000007,26.243,21.0,324.29999999999995,0.0,0.0,0.0
synthetic_telemetry,SYN_001658,165.8,STAGE_2_FLIGHT,4.65,2400.0,180.0,72.0,562.5,26250.0,3.521,2.9768,0.34199999999999986,0.34199999999999986,0.4419999999999999,2.3320000000000007,26.242,21.0,324.2,0.0,0.0,0.0
synthetic_telemetry,SYN_001659,165.9,STAGE_2_FLIGHT,4.65,2400.0,180.0,72.0,562.5,26250.0,3.5204999999999997,2.9764,0.34099999999999997,0.34099999999999997,0.44099999999999995,2.3360000000000003,26.241,21.0,324.1,0.0,0.0,0.0
synthetic_telemetry,SYN_001660,166.0,STAGE_2_FLIGHT,4.65,2400.0,180.0,72.0,562.5,26250.0,3.52,2.976,0.33999999999999997,0.33999999999999997,0.44,2.34,26.24,21.0,324.0,0.0,0.0,0.0
synthetic_telemetry,SYN_001661,166.10000000000002,STAGE_2_FLIGHT,4.65,2400.0,180.0,72.0,562.5,26250.0,3.5195,2.9756,0.33899999999999975,0.33899999999999975,0.4389999999999998,2.344000000000001,26.239,21.0,323.9,0.0,0.0,0.0
synthetic_telemetry,SYN_001662,166.20000000000002,STAGE_2_FLIGHT,4.65,2400.0,180.0,72.0,562.5,26250.0,3.5189999999999997,2.9752,0.33799999999999986,0.33799999999999986,0.43799999999999983,2.3480000000000008,26.238,21.0,323.79999999999995,0.0,0.0,0.0
synthetic_telemetry,SYN_001663,166.3,STAGE_2_FLIGHT,4.65,2400.0,180.0,72.0,562.5,26250.0,3.5185,2.9748,0.33699999999999986,0.33699999999999986,0.4369999999999999,2.3520000000000003,26.237,21.0,323.7,0.0,0.0,0.0
synthetic_telemetry,SYN_001664,166.4,STAGE_2_FLIGHT,4.65,2400.0,180.0,72.0,562.5,26250.0,3.518,2.9744,0.33599999999999997,0.33599999999999997,0.43599999999999994,2.3560000000000003,26.236,21.0,323.6,0.0,0.0,0.0
synthetic_telemetry,SYN_001665,166.5,STAGE_2_FLIGHT,4.65,2400.0,180.0,72.0,562.5,26250.0,3.5175,2.974,0.33499999999999996,0.33499999999999996,0.435,2.36,26.235,21.0,323.5,0.0,0.0,0.0
synthetic_telemetry,SYN_001666,166.60000000000002,STAGE_2_FLIGHT,4.65,2400.0,180.0,72.0,562.5,26250.0,3.517,2.9736,0.33399999999999974,0.33399999999999974,0.4339999999999998,2.3640000000000008,26.233999999999998,21.0,323.4,0.0,0.0,0.0
synthetic_telemetry,SYN_001667,166.70000000000002,STAGE_2_FLIGHT,4.65,2400.0,180.0,72.0,562.5,26250.0,3.5164999999999997,2.9732,0.33299999999999985,0.33299999999999985,0.43299999999999983,2.3680000000000008,26.233,21.0,323.29999999999995,0.0,0.0,0.0
synthetic_telemetry,SYN_001668,166.8,STAGE_2_FLIGHT,4.65,2400.0,180.0,72.0,562.5,26250.0,3.516,2.9728,0.33199999999999985,0.33199999999999985,0.4319999999999999,2.3720000000000003,26.232,21.0,323.2,0.0,0.0,0.0
synthetic_telemetry,SYN_001669,166.9,STAGE_2_FLIGHT,4.65,2400.0,180.0,72.0,562.5,26250.0,3.5155,2.9724,0.33099999999999996,0.33099999999999996,0.43099999999999994,2.3760000000000003,26.230999999999998,21.0,323.1,0.0,0.0,0.0
synthetic_telemetry,SYN_001670,167.0,STAGE_2_FLIGHT,4.65,2400.0,180.0,72.0,562.5,26250.0,3.515,2.972,0.33,0.33,0.43,2.38,26.23,21.0,323.0,0.0,0.0,0.0
synthetic_telemetry,SYN_001671,167.10000000000002,STAGE_2_FLIGHT,4.65,2400.0,180.0,72.0,562.5,26250.0,3.5145,2.9716,0.32899999999999974,0.32899999999999974,0.42899999999999977,2.384000000000001,26.229,21.0,322.9,0.0,0.0,0.0
synthetic_telemetry,SYN_001672,167.20000000000002,STAGE_2_FLIGHT,4.65,2400.0,180.0,72.0,562.5,26250.0,3.514,2.9712,0.32799999999999985,0.32799999999999985,0.4279999999999998,2.388000000000001,26.227999999999998,21.0,322.79999999999995,0.0,0.0,0.0
synthetic_telemetry,SYN_001673,167.3,STAGE_2_FLIGHT,4.65,2400.0,180.0,72.0,562.5,26250.0,3.5135,2.9708,0.3269999999999999,0.3269999999999999,0.4269999999999999,2.3920000000000003,26.227,21.0,322.7,0.0,0.0,0.0
synthetic_telemetry,SYN_001674,167.4,STAGE_2_FLIGHT,4.65,2400.0,180.0,72.0,562.5,26250.0,3.513,2.9704,0.32599999999999996,0.32599999999999996,0.42599999999999993,2.3960000000000004,26.226,21.0,322.6,0.0,0.0,0.0
synthetic_telemetry,SYN_001675,167.5,STAGE_2_FLIGHT,4.65,2400.0,180.0,72.0,562.5,26250.0,3.5125,2.9699999999999998,0.325,0.325,0.42500000000000004,2.4,26.225,21.0,322.5,0.0,0.0,0.0
synthetic_telemetry,SYN_001676,167.60000000000002,STAGE_2_FLIGHT,4.65,2400.0,180.0,72.0,562.5,26250.0,3.512,2.9696,0.32399999999999973,0.32399999999999973,0.42399999999999977,2.404000000000001,26.224,21.0,322.4,0.0,0.0,0.0
synthetic_telemetry,SYN_001677,167.70000000000002,STAGE_2_FLIGHT,4.65,2400.0,180.0,72.0,562.5,26250.0,3.5115,2.9692,0.32299999999999984,0.32299999999999984,0.4229999999999998,2.408000000000001,26.223,21.0,322.29999999999995,0.0,0.0,0.0
synthetic_telemetry,SYN_001678,167.8,STAGE_2_FLIGHT,4.65,2400.0,180.0,72.0,562.5,26250.0,3.511,2.9688,0.3219999999999999,0.3219999999999999,0.42199999999999993,2.4120000000000004,26.221999999999998,21.0,322.2,0.0,0.0,0.0
synthetic_telemetry,SYN_001679,167.9,STAGE_2_FLIGHT,4.65,2400.0,180.0,72.0,562.5,26250.0,3.5105,2.9684,0.32099999999999995,0.32099999999999995,0.42099999999999993,2.4160000000000004,26.221,21.0,322.1,0.0,0.0,0.0
synthetic_telemetry,SYN_001680,168.0,STAGE_2_FLIGHT,4.65,2400.0,180.0,72.0,562.5,26250.0,3.51,2.968,0.32,0.32,0.42000000000000004,2.42,26.22,21.0,322.0,0.0,0.0,0.0
synthetic_telemetry,SYN_001681,168.10000000000002,STAGE_2_FLIGHT,4.65,2400.0,180.0,72.0,562.5,26250.0,3.5095,2.9676,0.3189999999999998,0.3189999999999998,0.4189999999999998,2.424000000000001,26.218999999999998,21.0,321.9,0.0,0.0,0.0
synthetic_telemetry,SYN_001682,168.20000000000002,STAGE_2_FLIGHT,4.65,2400.0,180.0,72.0,562.5,26250.0,3.509,2.9672,0.31799999999999984,0.31799999999999984,0.4179999999999998,2.428000000000001,26.218,21.0,321.79999999999995,0.0,0.0,0.0
synthetic_telemetry,SYN_001683,168.3,STAGE_2_FLIGHT,4.65,2400.0,180.0,72.0,562.5,26250.0,3.5084999999999997,2.9668,0.3169999999999999,0.3169999999999999,0.4169999999999999,2.4320000000000004,26.217,21.0,321.7,0.0,0.0,0.0
synthetic_telemetry,SYN_001684,168.4,STAGE_2_FLIGHT,4.65,2400.0,180.0,72.0,562.5,26250.0,3.508,2.9664,0.31599999999999995,0.31599999999999995,0.4159999999999999,2.4360000000000004,26.216,21.0,321.6,0.0,0.0,0.0
synthetic_telemetry,SYN_001685,168.5,STAGE_2_FLIGHT,4.65,2400.0,180.0,72.0,562.5,26250.0,3.5075,2.966,0.315,0.315,0.41500000000000004,2.44,26.215,21.0,321.5,0.0,0.0,0.0
synthetic_telemetry,SYN_001686,168.60000000000002,STAGE_2_FLIGHT,4.65,2400.0,180.0,72.0,562.5,26250.0,3.5069999999999997,2.9656,0.3139999999999998,0.3139999999999998,0.4139999999999998,2.444000000000001,26.214,21.0,321.4,0.0,0.0,0.0
synthetic_telemetry,SYN_001687,168.70000000000002,STAGE_2_FLIGHT,4.65,2400.0,180.0,72.0,562.5,26250.0,3.5065,2.9652,0.31299999999999983,0.31299999999999983,0.4129999999999998,2.448000000000001,26.213,21.0,321.29999999999995,0.0,0.0,0.0
synthetic_telemetry,SYN_001688,168.8,STAGE_2_FLIGHT,4.65,2400.0,180.0,72.0,562.5,26250.0,3.506,2.9648,0.3119999999999999,0.3119999999999999,0.4119999999999999,2.4520000000000004,26.212,21.0,321.2,0.0,0.0,0.0
synthetic_telemetry,SYN_001689,168.9,STAGE_2_FLIGHT,4.65,2400.0,180.0,72.0,562.5,26250.0,3.5055,2.9644,0.31099999999999994,0.31099999999999994,0.411,2.4560000000000004,26.211,21.0,321.1,0.0,0.0,0.0
synthetic_telemetry,SYN_001690,169.0,STAGE_2_FLIGHT,4.65,2400.0,180.0,72.0,562.5,26250.0,3.505,2.964,0.31,0.31,0.41000000000000003,2.46,26.21,21.0,321.0,0.0,0.0,0.0
synthetic_telemetry,SYN_001691,169.10000000000002,STAGE_2_FLIGHT,4.65,2400.0,180.0,72.0,562.5,26250.0,3.5044999999999997,2.9636,0.3089999999999998,0.3089999999999998,0.4089999999999998,2.464000000000001,26.209,21.0,320.9,0.0,0.0,0.0
synthetic_telemetry,SYN_001692,169.20000000000002,STAGE_2_FLIGHT,4.65,2400.0,180.0,72.0,562.5,26250.0,3.504,2.9632,0.30799999999999983,0.30799999999999983,0.40799999999999986,2.468000000000001,26.208,21.0,320.79999999999995,0.0,0.0,0.0
synthetic_telemetry,SYN_001693,169.3,STAGE_2_FLIGHT,4.65,2400.0,180.0,72.0,562.5,26250.0,3.5035,2.9628,0.3069999999999999,0.3069999999999999,0.4069999999999999,2.4720000000000004,26.207,21.0,320.7,0.0,0.0,0.0
synthetic_telemetry,SYN_001694,169.4,STAGE_2_FLIGHT,4.65,2400.0,180.0,72.0,562.5,26250.0,3.503,2.9624,0.30599999999999994,0.30599999999999994,0.40599999999999997,2.4760000000000004,26.206,21.0,320.6,0.0,0.0,0.0
synthetic_telemetry,SYN_001695,169.5,STAGE_2_FLIGHT,4.65,2400.0,180.0,72.0,562.5,26250.0,3.5025,2.9619999999999997,0.305,0.305,0.405,2.48,26.205,21.0,320.5,0.0,0.0,0.0
synthetic_telemetry,SYN_001696,169.60000000000002,STAGE_2_FLIGHT,4.65,2400.0,180.0,72.0,562.5,26250.0,3.502,2.9616,0.30399999999999977,0.30399999999999977,0.4039999999999998,2.484000000000001,26.204,21.0,320.4,0.0,0.0,0.0
synthetic_telemetry,SYN_001697,169.70000000000002,STAGE_2_FLIGHT,4.65,2400.0,180.0,72.0,562.5,26250.0,3.5015,2.9612,0.3029999999999998,0.3029999999999998,0.40299999999999986,2.488000000000001,26.203,21.0,320.29999999999995,0.0,0.0,0.0
synthetic_telemetry,SYN_001698,169.8,STAGE_2_FLIGHT,4.65,2400.0,180.0,72.0,562.5,26250.0,3.501,2.9608,0.3019999999999999,0.3019999999999999,0.4019999999999999,2.4920000000000004,26.201999999999998,21.0,320.2,0.0,0.0,0.0
synthetic_telemetry,SYN_001699,169.9,STAGE_2_FLIGHT,4.65,2400.0,180.0,72.0,562.5,26250.0,3.5005,2.9604,0.30099999999999993,0.30099999999999993,0.40099999999999997,2.4960000000000004,26.201,21.0,320.1,0.0,0.0,0.0
synthetic_telemetry,SYN_001700,170.0,STAGE_2_FLIGHT,4.65,2400.0,180.0,72.0,562.5,26250.0,3.5,2.96,0.3,0.3,0.4,2.5,26.2,21.0,320.0,0.0,0.0,0.0
synthetic_telemetry,SYN_001701,170.10000000000002,STAGE_2_FLIGHT,4.65,2400.0,180.0,72.0,562.5,26250.0,3.4995,2.9596,0.3,0.3,0.4,2.5030000000000006,26.212000000000003,21.0,319.9,0.0,0.0,0.0
synthetic_telemetry,SYN_001702,170.20000000000002,STAGE_2_FLIGHT,4.65,2400.0,180.0,72.0,562.5,26250.0,3.499,2.9592,0.3,0.3,0.4,2.5060000000000007,26.224,21.0,319.79999999999995,0.0,0.0,0.0
synthetic_telemetry,SYN_001703,170.3,STAGE_2_FLIGHT,4.65,2400.0,180.0,72.0,562.5,26250.0,3.4985,2.9588,0.3,0.3,0.4,2.5090000000000003,26.236,21.0,319.7,0.0,0.0,0.0
synthetic_telemetry,SYN_001704,170.4,STAGE_2_FLIGHT,4.65,2400.0,180.0,72.0,562.5,26250.0,3.4979999999999998,2.9584,0.3,0.3,0.4,2.512,26.248,21.0,319.6,0.0,0.0,0.0
synthetic_telemetry,SYN_001705,170.5,STAGE_2_FLIGHT,4.65,2400.0,180.0,72.0,562.5,26250.0,3.4975,2.958,0.3,0.3,0.4,2.515,26.259999999999998,21.0,319.5,0.0,0.0,0.0
synthetic_telemetry,SYN_001706,170.60000000000002,STAGE_2_FLIGHT,4.65,2400.0,180.0,72.0,562.5,26250.0,3.497,2.9576,0.3,0.3,0.4,2.5180000000000007,26.272000000000002,21.0,319.4,0.0,0.0,0.0
synthetic_telemetry,SYN_001707,170.70000000000002,STAGE_2_FLIGHT,4.65,2400.0,180.0,72.0,562.5,26250.0,3.4964999999999997,2.9572,0.3,0.3,0.4,2.5210000000000004,26.284000000000002,21.0,319.29999999999995,0.0,0.0,0.0
synthetic_telemetry,SYN_001708,170.8,STAGE_2_FLIGHT,4.65,2400.0,180.0,72.0,562.5,26250.0,3.496,2.9568,0.3,0.3,0.4,2.5240000000000005,26.296,21.0,319.2,0.0,0.0,0.0
synthetic_telemetry,SYN_001709,170.9,STAGE_2_FLIGHT,4.65,2400.0,180.0,72.0,562.5,26250.0,3.4955,2.9564,0.3,0.3,0.4,2.527,26.308,21.0,319.1,0.0,0.0,0.0
synthetic_telemetry,SYN_001710,171.0,STAGE_2_FLIGHT,4.65,2400.0,180.0,72.0,562.5,26250.0,3.495,2.956,0.3,0.3,0.4,2.53,26.32,21.0,319.0,0.0,0.0,0.0
synthetic_telemetry,SYN_001711,171.10000000000002,STAGE_2_FLIGHT,4.65,2400.0,180.0,72.0,562.5,26250.0,3.4945,2.9556,0.3,0.3,0.4,2.533000000000001,26.332,21.0,318.9,0.0,0.0,0.0
synthetic_telemetry,SYN_001712,171.20000000000002,STAGE_2_FLIGHT,4.65,2400.0,180.0,72.0,562.5,26250.0,3.4939999999999998,2.9552,0.3,0.3,0.4,2.5360000000000005,26.344,21.0,318.79999999999995,0.0,0.0,0.0
synthetic_telemetry,SYN_001713,171.3,STAGE_2_FLIGHT,4.65,2400.0,180.0,72.0,562.5,26250.0,3.4935,2.9548,0.3,0.3,0.4,2.539,26.356,21.0,318.7,0.0,0.0,0.0
synthetic_telemetry,SYN_001714,171.4,STAGE_2_FLIGHT,4.65,2400.0,180.0,72.0,562.5,26250.0,3.493,2.9544,0.3,0.3,0.4,2.5420000000000003,26.368,21.0,318.6,0.0,0.0,0.0
synthetic_telemetry,SYN_001715,171.5,STAGE_2_FLIGHT,4.65,2400.0,180.0,72.0,562.5,26250.0,3.4925,2.9539999999999997,0.3,0.3,0.4,2.545,26.38,21.0,318.5,0.0,0.0,0.0
synthetic_telemetry,SYN_001716,171.60000000000002,STAGE_2_FLIGHT,4.65,2400.0,180.0,72.0,562.5,26250.0,3.492,2.9536,0.3,0.3,0.4,2.5480000000000005,26.392000000000003,21.0,318.4,0.0,0.0,0.0
synthetic_telemetry,SYN_001717,171.70000000000002,STAGE_2_FLIGHT,4.65,2400.0,180.0,72.0,562.5,26250.0,3.4915,2.9532,0.3,0.3,0.4,2.5510000000000006,26.404,21.0,318.29999999999995,0.0,0.0,0.0
synthetic_telemetry,SYN_001718,171.8,STAGE_2_FLIGHT,4.65,2400.0,180.0,72.0,562.5,26250.0,3.491,2.9528,0.3,0.3,0.4,2.5540000000000003,26.416,21.0,318.2,0.0,0.0,0.0
synthetic_telemetry,SYN_001719,171.9,STAGE_2_FLIGHT,4.65,2400.0,180.0,72.0,562.5,26250.0,3.4905,2.9524,0.3,0.3,0.4,2.557,26.428,21.0,318.1,0.0,0.0,0.0
synthetic_telemetry,SYN_001720,172.0,STAGE_2_FLIGHT,4.65,2400.0,180.0,72.0,562.5,26250.0,3.49,2.952,0.3,0.3,0.4,2.56,26.439999999999998,21.0,318.0,0.0,0.0,0.0
synthetic_telemetry,SYN_001721,172.10000000000002,STAGE_2_FLIGHT,4.65,2400.0,180.0,72.0,562.5,26250.0,3.4895,2.9516,0.3,0.3,0.4,2.5630000000000006,26.452,21.0,317.9,0.0,0.0,0.0
synthetic_telemetry,SYN_001722,172.20000000000002,STAGE_2_FLIGHT,4.65,2400.0,180.0,72.0,562.5,26250.0,3.489,2.9512,0.3,0.3,0.4,2.5660000000000003,26.464000000000002,21.0,317.79999999999995,0.0,0.0,0.0
synthetic_telemetry,SYN_001723,172.3,STAGE_2_FLIGHT,4.65,2400.0,180.0,72.0,562.5,26250.0,3.4885,2.9508,0.3,0.3,0.4,2.5690000000000004,26.476,21.0,317.7,0.0,0.0,0.0
synthetic_telemetry,SYN_001724,172.4,STAGE_2_FLIGHT,4.65,2400.0,180.0,72.0,562.5,26250.0,3.488,2.9504,0.3,0.3,0.4,2.572,26.488,21.0,317.6,0.0,0.0,0.0
synthetic_telemetry,SYN_001725,172.5,STAGE_2_FLIGHT,4.65,2400.0,180.0,72.0,562.5,26250.0,3.4875,2.95,0.3,0.3,0.4,2.575,26.5,21.0,317.5,0.0,0.0,0.0
synthetic_telemetry,SYN_001726,172.60000000000002,STAGE_2_FLIGHT,4.65,2400.0,180.0,72.0,562.5,26250.0,3.487,2.9495999999999998,0.3,0.3,0.4,2.5780000000000007,26.512,21.0,317.4,0.0,0.0,0.0
synthetic_telemetry,SYN_001727,172.70000000000002,STAGE_2_FLIGHT,4.65,2400.0,180.0,72.0,562.5,26250.0,3.4865,2.9492,0.3,0.3,0.4,2.5810000000000004,26.524,21.0,317.29999999999995,0.0,0.0,0.0
synthetic_telemetry,SYN_001728,172.8,STAGE_2_FLIGHT,4.65,2400.0,180.0,72.0,562.5,26250.0,3.486,2.9488,0.3,0.3,0.4,2.584,26.536,21.0,317.2,0.0,0.0,0.0
synthetic_telemetry,SYN_001729,172.9,STAGE_2_FLIGHT,4.65,2400.0,180.0,72.0,562.5,26250.0,3.4855,2.9484,0.3,0.3,0.4,2.587,26.548,21.0,317.1,0.0,0.0,0.0
synthetic_telemetry,SYN_001730,173.0,STAGE_2_FLIGHT,4.65,2400.0,180.0,72.0,562.5,26250.0,3.485,2.948,0.3,0.3,0.4,2.59,26.56,21.0,317.0,0.0,0.0,0.0
synthetic_telemetry,SYN_001731,173.10000000000002,STAGE_2_FLIGHT,4.65,2400.0,180.0,72.0,562.5,26250.0,3.4845,2.9476,0.3,0.3,0.4,2.5930000000000004,26.572000000000003,21.0,316.9,0.0,0.0,0.0
synthetic_telemetry,SYN_001732,173.20000000000002,STAGE_2_FLIGHT,4.65,2400.0,180.0,72.0,562.5,26250.0,3.484,2.9472,0.3,0.3,0.4,2.5960000000000005,26.584,21.0,316.79999999999995,0.0,0.0,0.0
synthetic_telemetry,SYN_001733,173.3,STAGE_2_FLIGHT,4.65,2400.0,180.0,72.0,562.5,26250.0,3.4835,2.9468,0.3,0.3,0.4,2.599,26.596,21.0,316.7,0.0,0.0,0.0
synthetic_telemetry,SYN_001734,173.4,STAGE_2_FLIGHT,4.65,2400.0,180.0,72.0,562.5,26250.0,3.483,2.9464,0.3,0.3,0.4,2.6020000000000003,26.608,21.0,316.6,0.0,0.0,0.0
synthetic_telemetry,SYN_001735,173.5,STAGE_2_FLIGHT,4.65,2400.0,180.0,72.0,562.5,26250.0,3.4825,2.9459999999999997,0.3,0.3,0.4,2.605,26.619999999999997,21.0,316.5,0.0,0.0,0.0
synthetic_telemetry,SYN_001736,173.60000000000002,STAGE_2_FLIGHT,4.65,2400.0,180.0,72.0,562.5,26250.0,3.4819999999999998,2.9455999999999998,0.3,0.3,0.4,2.6080000000000005,26.632,21.0,316.4,0.0,0.0,0.0
synthetic_telemetry,SYN_001737,173.70000000000002,STAGE_2_FLIGHT,4.65,2400.0,180.0,72.0,562.5,26250.0,3.4815,2.9452,0.3,0.3,0.4,2.6110000000000007,26.644000000000002,21.0,316.29999999999995,0.0,0.0,0.0
synthetic_telemetry,SYN_001738,173.8,STAGE_2_FLIGHT,4.65,2400.0,180.0,72.0,562.5,26250.0,3.481,2.9448,0.3,0.3,0.4,2.6140000000000003,26.656,21.0,316.2,0.0,0.0,0.0
synthetic_telemetry,SYN_001739,173.9,STAGE_2_FLIGHT,4.65,2400.0,180.0,72.0,562.5,26250.0,3.4805,2.9444,0.3,0.3,0.4,2.617,26.668,21.0,316.1,0.0,0.0,0.0
synthetic_telemetry,SYN_001740,174.0,STAGE_2_FLIGHT,4.65,2400.0,180.0,72.0,562.5,26250.0,3.48,2.944,0.3,0.3,0.4,2.62,26.68,21.0,316.0,0.0,0.0,0.0
synthetic_telemetry,SYN_001741,174.10000000000002,STAGE_2_FLIGHT,4.65,2400.0,180.0,72.0,562.5,26250.0,3.4795,2.9436,0.3,0.3,0.4,2.6230000000000007,26.692,21.0,315.9,0.0,0.0,0.0
synthetic_telemetry,SYN_001742,174.20000000000002,STAGE_2_FLIGHT,4.65,2400.0,180.0,72.0,562.5,26250.0,3.479,2.9432,0.3,0.3,0.4,2.6260000000000003,26.704,21.0,315.79999999999995,0.0,0.0,0.0
synthetic_telemetry,SYN_001743,174.3,STAGE_2_FLIGHT,4.65,2400.0,180.0,72.0,562.5,26250.0,3.4785,2.9428,0.3,0.3,0.4,2.6290000000000004,26.716,21.0,315.7,0.0,0.0,0.0
synthetic_telemetry,SYN_001744,174.4,STAGE_2_FLIGHT,4.65,2400.0,180.0,72.0,562.5,26250.0,3.478,2.9424,0.3,0.3,0.4,2.632,26.727999999999998,21.0,315.6,0.0,0.0,0.0
synthetic_telemetry,SYN_001745,174.5,STAGE_2_FLIGHT,4.65,2400.0,180.0,72.0,562.5,26250.0,3.4775,2.942,0.3,0.3,0.4,2.635,26.74,21.0,315.5,0.0,0.0,0.0
synthetic_telemetry,SYN_001746,174.60000000000002,STAGE_2_FLIGHT,4.65,2400.0,180.0,72.0,562.5,26250.0,3.477,2.9415999999999998,0.3,0.3,0.4,2.638000000000001,26.752000000000002,21.0,315.4,0.0,0.0,0.0
synthetic_telemetry,SYN_001747,174.70000000000002,STAGE_2_FLIGHT,4.65,2400.0,180.0,72.0,562.5,26250.0,3.4765,2.9412,0.3,0.3,0.4,2.6410000000000005,26.764,21.0,315.29999999999995,0.0,0.0,0.0
synthetic_telemetry,SYN_001748,174.8,STAGE_2_FLIGHT,4.65,2400.0,180.0,72.0,562.5,26250.0,3.476,2.9408,0.3,0.3,0.4,2.644,26.776,21.0,315.2,0.0,0.0,0.0
synthetic_telemetry,SYN_001749,174.9,STAGE_2_FLIGHT,4.65,2400.0,180.0,72.0,562.5,26250.0,3.4755000000000003,2.9404,0.3,0.3,0.4,2.6470000000000002,26.788,21.0,315.1,0.0,0.0,0.0
synthetic_telemetry,SYN_001750,175.0,STAGE_2_FLIGHT,4.65,2400.0,180.0,72.0,562.5,26250.0,3.475,2.94,0.3,0.3,0.4,2.65,26.799999999999997,21.0,315.0,0.0,0.0,0.0
synthetic_telemetry,SYN_001751,175.10000000000002,STAGE_2_FLIGHT,4.65,2400.0,180.0,72.0,562.5,26250.0,3.4745,2.9396,0.3,0.3,0.4,2.6530000000000005,26.812,21.0,314.9,0.0,0.0,0.0
synthetic_telemetry,SYN_001752,175.20000000000002,STAGE_2_FLIGHT,4.65,2400.0,180.0,72.0,562.5,26250.0,3.474,2.9392,0.3,0.3,0.4,2.6560000000000006,26.824,21.0,314.79999999999995,0.0,0.0,0.0
synthetic_telemetry,SYN_001753,175.3,STAGE_2_FLIGHT,4.65,2400.0,180.0,72.0,562.5,26250.0,3.4735,2.9388,0.3,0.3,0.4,2.6590000000000003,26.836,21.0,314.7,0.0,0.0,0.0
synthetic_telemetry,SYN_001754,175.4,STAGE_2_FLIGHT,4.65,2400.0,180.0,72.0,562.5,26250.0,3.473,2.9384,0.3,0.3,0.4,2.662,26.848,21.0,314.6,0.0,0.0,0.0
synthetic_telemetry,SYN_001755,175.5,STAGE_2_FLIGHT,4.65,2400.0,180.0,72.0,562.5,26250.0,3.4725,2.9379999999999997,0.3,0.3,0.4,2.665,26.86,21.0,314.5,0.0,0.0,0.0
synthetic_telemetry,SYN_001756,175.60000000000002,STAGE_2_FLIGHT,4.65,2400.0,180.0,72.0,562.5,26250.0,3.472,2.9375999999999998,0.3,0.3,0.4,2.6680000000000006,26.872,21.0,314.4,0.0,0.0,0.0
synthetic_telemetry,SYN_001757,175.70000000000002,STAGE_2_FLIGHT,4.65,2400.0,180.0,72.0,562.5,26250.0,3.4715,2.9372,0.3,0.3,0.4,2.6710000000000003,26.884,21.0,314.29999999999995,0.0,0.0,0.0
synthetic_telemetry,SYN_001758,175.8,STAGE_2_FLIGHT,4.65,2400.0,180.0,72.0,562.5,26250.0,3.471,2.9368,0.3,0.3,0.4,2.6740000000000004,26.896,21.0,314.2,0.0,0.0,0.0
synthetic_telemetry,SYN_001759,175.9,STAGE_2_FLIGHT,4.65,2400.0,180.0,72.0,562.5,26250.0,3.4705,2.9364,0.3,0.3,0.4,2.677,26.908,21.0,314.1,0.0,0.0,0.0
synthetic_telemetry,SYN_001760,176.0,STAGE_2_FLIGHT,4.65,2400.0,180.0,72.0,562.5,26250.0,3.47,2.936,0.3,0.3,0.4,2.6799999999999997,26.919999999999998,21.0,314.0,0.0,0.0,0.0
synthetic_telemetry,SYN_001761,176.10000000000002,STAGE_2_FLIGHT,4.65,2400.0,180.0,72.0,562.5,26250.0,3.4695,2.9356,0.3,0.3,0.4,2.6830000000000007,26.932000000000002,21.0,313.9,0.0,0.0,0.0
synthetic_telemetry,SYN_001762,176.20000000000002,STAGE_2_FLIGHT,4.65,2400.0,180.0,72.0,562.5,26250.0,3.469,2.9352,0.3,0.3,0.4,2.6860000000000004,26.944000000000003,21.0,313.79999999999995,0.0,0.0,0.0
synthetic_telemetry,SYN_001763,176.3,STAGE_2_FLIGHT,4.65,2400.0,180.0,72.0,562.5,26250.0,3.4685,2.9348,0.3,0.3,0.4,2.689,26.956,21.0,313.7,0.0,0.0,0.0
synthetic_telemetry,SYN_001764,176.4,STAGE_2_FLIGHT,4.65,2400.0,180.0,72.0,562.5,26250.0,3.468,2.9344,0.3,0.3,0.4,2.692,26.968,21.0,313.6,0.0,0.0,0.0
synthetic_telemetry,SYN_001765,176.5,STAGE_2_FLIGHT,4.65,2400.0,180.0,72.0,562.5,26250.0,3.4675000000000002,2.934,0.3,0.3,0.4,2.695,26.98,21.0,313.5,0.0,0.0,0.0
synthetic_telemetry,SYN_001766,176.60000000000002,STAGE_2_FLIGHT,4.65,2400.0,180.0,72.0,562.5,26250.0,3.467,2.9335999999999998,0.3,0.3,0.4,2.6980000000000004,26.992,21.0,313.4,0.0,0.0,0.0
synthetic_telemetry,SYN_001767,176.70000000000002,STAGE_2_FLIGHT,4.65,2400.0,180.0,72.0,562.5,26250.0,3.4665,2.9332,0.3,0.3,0.4,2.7010000000000005,27.004,21.0,313.29999999999995,0.0,0.0,0.0
synthetic_telemetry,SYN_001768,176.8,STAGE_2_FLIGHT,4.65,2400.0,180.0,72.0,562.5,26250.0,3.466,2.9328,0.3,0.3,0.4,2.704,27.016000000000002,21.0,313.2,0.0,0.0,0.0
synthetic_telemetry,SYN_001769,176.9,STAGE_2_FLIGHT,4.65,2400.0,180.0,72.0,562.5,26250.0,3.4655,2.9324,0.3,0.3,0.4,2.707,27.028,21.0,313.1,0.0,0.0,0.0
synthetic_telemetry,SYN_001770,177.0,STAGE_2_FLIGHT,4.65,2400.0,180.0,72.0,562.5,26250.0,3.4650000000000003,2.932,0.3,0.3,0.4,2.71,27.04,21.0,313.0,0.0,0.0,0.0
synthetic_telemetry,SYN_001771,177.10000000000002,STAGE_2_FLIGHT,4.65,2400.0,180.0,72.0,562.5,26250.0,3.4645,2.9316,0.3,0.3,0.4,2.7130000000000005,27.052000000000003,21.0,312.9,0.0,0.0,0.0
synthetic_telemetry,SYN_001772,177.20000000000002,STAGE_2_FLIGHT,4.65,2400.0,180.0,72.0,562.5,26250.0,3.464,2.9312,0.3,0.3,0.4,2.716,27.064,21.0,312.79999999999995,0.0,0.0,0.0
synthetic_telemetry,SYN_001773,177.3,STAGE_2_FLIGHT,4.65,2400.0,180.0,72.0,562.5,26250.0,3.4635000000000002,2.9308,0.3,0.3,0.4,2.7190000000000003,27.076,21.0,312.7,0.0,0.0,0.0
synthetic_telemetry,SYN_001774,177.4,STAGE_2_FLIGHT,4.65,2400.0,180.0,72.0,562.5,26250.0,3.463,2.9304,0.3,0.3,0.4,2.722,27.088,21.0,312.6,0.0,0.0,0.0
synthetic_telemetry,SYN_001775,177.5,STAGE_2_FLIGHT,4.65,2400.0,180.0,72.0,562.5,26250.0,3.4625000000000004,2.9299999999999997,0.3,0.3,0.4,2.7249999999999996,27.099999999999998,21.0,312.5,0.0,0.0,0.0
synthetic_telemetry,SYN_001776,177.60000000000002,STAGE_2_FLIGHT,4.65,2400.0,180.0,72.0,562.5,26250.0,3.462,2.9295999999999998,0.3,0.3,0.4,2.7280000000000006,27.112000000000002,21.0,312.4,0.0,0.0,0.0
synthetic_telemetry,SYN_001777,177.70000000000002,STAGE_2_FLIGHT,4.65,2400.0,180.0,72.0,562.5,26250.0,3.4615,2.9292,0.3,0.3,0.4,2.7310000000000003,27.124000000000002,21.0,312.29999999999995,0.0,0.0,0.0
synthetic_telemetry,SYN_001778,177.8,STAGE_2_FLIGHT,4.65,2400.0,180.0,72.0,562.5,26250.0,3.4610000000000003,2.9288,0.3,0.3,0.4,2.734,27.136,21.0,312.2,0.0,0.0,0.0
synthetic_telemetry,SYN_001779,177.9,STAGE_2_FLIGHT,4.65,2400.0,180.0,72.0,562.5,26250.0,3.4605,2.9284,0.3,0.3,0.4,2.737,27.148,21.0,312.1,0.0,0.0,0.0
synthetic_telemetry,SYN_001780,178.0,STAGE_2_FLIGHT,4.65,2400.0,180.0,72.0,562.5,26250.0,3.46,2.928,0.3,0.3,0.4,2.7399999999999998,27.16,21.0,312.0,0.0,0.0,0.0
synthetic_telemetry,SYN_001781,178.10000000000002,STAGE_2_FLIGHT,4.65,2400.0,180.0,72.0,562.5,26250.0,3.4595000000000002,2.9276,0.3,0.3,0.4,2.7430000000000003,27.172,21.0,311.9,0.0,0.0,0.0
synthetic_telemetry,SYN_001782,178.20000000000002,STAGE_2_FLIGHT,4.65,2400.0,180.0,72.0,562.5,26250.0,3.459,2.9272,0.3,0.3,0.4,2.7460000000000004,27.184,21.0,311.79999999999995,0.0,0.0,0.0
synthetic_telemetry,SYN_001783,178.3,STAGE_2_FLIGHT,4.65,2400.0,180.0,72.0,562.5,26250.0,3.4585,2.9268,0.3,0.3,0.4,2.749,27.196,21.0,311.7,0.0,0.0,0.0
synthetic_telemetry,SYN_001784,178.4,STAGE_2_FLIGHT,4.65,2400.0,180.0,72.0,562.5,26250.0,3.458,2.9264,0.3,0.3,0.4,2.752,27.208,21.0,311.6,0.0,0.0,0.0
synthetic_telemetry,SYN_001785,178.5,STAGE_2_FLIGHT,4.65,2400.0,180.0,72.0,562.5,26250.0,3.4575,2.926,0.3,0.3,0.4,2.755,27.22,21.0,311.5,0.0,0.0,0.0
synthetic_telemetry,SYN_001786,178.60000000000002,STAGE_2_FLIGHT,4.65,2400.0,180.0,72.0,562.5,26250.0,3.457,2.9255999999999998,0.3,0.3,0.4,2.7580000000000005,27.232000000000003,21.0,311.4,0.0,0.0,0.0
synthetic_telemetry,SYN_001787,178.70000000000002,STAGE_2_FLIGHT,4.65,2400.0,180.0,72.0,562.5,26250.0,3.4565,2.9252,0.3,0.3,0.4,2.761,27.244,21.0,311.29999999999995,0.0,0.0,0.0
synthetic_telemetry,SYN_001788,178.8,STAGE_2_FLIGHT,4.65,2400.0,180.0,72.0,562.5,26250.0,3.456,2.9248,0.3,0.3,0.4,2.7640000000000002,27.256,21.0,311.2,0.0,0.0,0.0
synthetic_telemetry,SYN_001789,178.9,STAGE_2_FLIGHT,4.65,2400.0,180.0,72.0,562.5,26250.0,3.4555000000000002,2.9244,0.3,0.3,0.4,2.767,27.268,21.0,311.1,0.0,0.0,0.0
synthetic_telemetry,SYN_001790,179.0,STAGE_2_FLIGHT,4.65,2400.0,180.0,72.0,562.5,26250.0,3.455,2.924,0.3,0.3,0.4,2.77,27.279999999999998,21.0,311.0,0.0,0.0,0.0
synthetic_telemetry,SYN_001791,179.10000000000002,STAGE_2_FLIGHT,4.65,2400.0,180.0,72.0,562.5,26250.0,3.4545,2.9236,0.3,0.3,0.4,2.7730000000000006,27.292,21.0,310.9,0.0,0.0,0.0
synthetic_telemetry,SYN_001792,179.20000000000002,STAGE_2_FLIGHT,4.65,2400.0,180.0,72.0,562.5,26250.0,3.454,2.9232,0.3,0.3,0.4,2.7760000000000002,27.304000000000002,21.0,310.79999999999995,0.0,0.0,0.0
synthetic_telemetry,SYN_001793,179.3,STAGE_2_FLIGHT,4.65,2400.0,180.0,72.0,562.5,26250.0,3.4535,2.9228,0.3,0.3,0.4,2.7790000000000004,27.316,21.0,310.7,0.0,0.0,0.0
synthetic_telemetry,SYN_001794,179.4,STAGE_2_FLIGHT,4.65,2400.0,180.0,72.0,562.5,26250.0,3.4530000000000003,2.9224,0.3,0.3,0.4,2.782,27.328,21.0,310.6,0.0,0.0,0.0
synthetic_telemetry,SYN_001795,179.5,STAGE_2_FLIGHT,4.65,2400.0,180.0,72.0,562.5,26250.0,3.4525,2.9219999999999997,0.3,0.3,0.4,2.7849999999999997,27.34,21.0,310.5,0.0,0.0,0.0
synthetic_telemetry,SYN_001796,179.60000000000002,STAGE_2_FLIGHT,4.65,2400.0,180.0,72.0,562.5,26250.0,3.452,2.9215999999999998,0.3,0.3,0.4,2.7880000000000003,27.352,21.0,310.4,0.0,0.0,0.0
synthetic_telemetry,SYN_001797,179.70000000000002,STAGE_2_FLIGHT,4.65,2400.0,180.0,72.0,562.5,26250.0,3.4515000000000002,2.9212,0.3,0.3,0.4,2.7910000000000004,27.364,21.0,310.29999999999995,0.0,0.0,0.0
synthetic_telemetry,SYN_001798,179.8,STAGE_2_FLIGHT,4.65,2400.0,180.0,72.0,562.5,26250.0,3.451,2.9208,0.3,0.3,0.4,2.794,27.376,21.0,310.2,0.0,0.0,0.0
synthetic_telemetry,SYN_001799,179.9,STAGE_2_FLIGHT,4.65,2400.0,180.0,72.0,562.5,26250.0,3.4505000000000003,2.9204,0.3,0.3,0.4,2.797,27.387999999999998,21.0,310.1,0.0,0.0,0.0
synthetic_telemetry,SYN_001800,180.0,STAGE_2_FLIGHT,4.65,2400.0,180.0,72.0,562.5,26250.0,3.45,2.92,0.3,0.3,0.4,2.8,27.4,21.0,310.0,0.0,0.0,0.0
